-- Real race results seeded from RaceResult event 356809.
-- 2025 Copper Harbor Trails Fest - XC MTB (2025-08-30, Copper Harbor, MI)
-- Source: https://my.raceresult.com/356809/
-- Regenerate: python database/seed/generate_copper_harbor_seed.py

BEGIN;

-- Event id: 7a645c90-c780-47be-bc06-4a8d63d67e52

DELETE FROM timing_records WHERE participant_id IN (
    SELECT p.id FROM participants p
    JOIN races r ON p.race_id = r.id
    JOIN events e ON r.event_id = e.id
    WHERE e.name = '2025 Copper Harbor Trails Fest - XC MTB'
);
DELETE FROM categories WHERE race_id IN (
    SELECT r.id FROM races r
    JOIN events e ON r.event_id = e.id
    WHERE e.name = '2025 Copper Harbor Trails Fest - XC MTB'
);
DELETE FROM timing_checkpoints WHERE race_id IN (
    SELECT r.id FROM races r
    JOIN events e ON r.event_id = e.id
    WHERE e.name = '2025 Copper Harbor Trails Fest - XC MTB'
);
DELETE FROM participants WHERE race_id IN (
    SELECT r.id FROM races r
    JOIN events e ON r.event_id = e.id
    WHERE e.name = '2025 Copper Harbor Trails Fest - XC MTB'
);
DELETE FROM races WHERE event_id IN (
    SELECT e.id FROM events e
    WHERE e.name = '2025 Copper Harbor Trails Fest - XC MTB'
);
DELETE FROM events
WHERE name = '2025 Copper Harbor Trails Fest - XC MTB';

INSERT INTO events (id, name, description, event_date, location, website_url, status)
VALUES (
    '7a645c90-c780-47be-bc06-4a8d63d67e52',
    '2025 Copper Harbor Trails Fest - XC MTB',
    'Cross-country mountain bike races at the Copper Harbor Trails Fest (Superior Timing).',
    '2025-08-30',
    'Copper Harbor, MI',
    'https://my.raceresult.com/356809/',
    'completed'
);

INSERT INTO races (id, event_id, name, race_type, distance_km, duration_minutes, start_time, status)
VALUES
    (
        'ca3b6306-8db8-4b0e-8245-8d2c1e60978a',
        '7a645c90-c780-47be-bc06-4a8d63d67e52',
        'Long XC Mountain Bike Race',
        'time_based',
        46.67,
        NULL,
        '2025-08-30 10:00:00',
        'finished'
    ),
    (
        '88b899f2-b7a3-4ebb-a851-1b1f2660b484',
        '7a645c90-c780-47be-bc06-4a8d63d67e52',
        'Medium XC Mountain Bike Race',
        'time_based',
        24.14,
        NULL,
        '2025-08-30 10:00:00',
        'finished'
    ),
    (
        '0a3fde6c-4fbe-4c21-96ee-7a47fdca836e',
        '7a645c90-c780-47be-bc06-4a8d63d67e52',
        'Short XC Mountain Bike Race',
        'time_based',
        11.27,
        NULL,
        '2025-08-30 10:00:00',
        'finished'
    );

INSERT INTO timing_checkpoints (id, race_id, name, checkpoint_type, distance_from_start_km, location_description, is_active)
VALUES
    ('6df1c46f-ff69-4e39-aeda-6b5ced717305', 'ca3b6306-8db8-4b0e-8245-8d2c1e60978a', 'Start Line', 'start', 0.00, 'Downtown Copper Harbor', true),
    ('cff9eda5-c2e2-4ba6-a285-c9847944ae4b', 'ca3b6306-8db8-4b0e-8245-8d2c1e60978a', 'Finish Line', 'finish', 46.67, 'Downtown Copper Harbor', true),
    ('c1ff7a74-afef-43d9-92dc-7f99450f8ca2', '88b899f2-b7a3-4ebb-a851-1b1f2660b484', 'Start Line', 'start', 0.00, 'Downtown Copper Harbor', true),
    ('ccc334e1-b032-4b42-9cda-450070b47869', '88b899f2-b7a3-4ebb-a851-1b1f2660b484', 'Finish Line', 'finish', 24.14, 'Downtown Copper Harbor', true),
    ('d1ae232d-c0e5-4ec2-870f-205ea08344ce', '0a3fde6c-4fbe-4c21-96ee-7a47fdca836e', 'Start Line', 'start', 0.00, 'Downtown Copper Harbor', true),
    ('31eacb01-a51e-4d98-ae20-d7c69ddf7f8b', '0a3fde6c-4fbe-4c21-96ee-7a47fdca836e', 'Finish Line', 'finish', 11.27, 'Downtown Copper Harbor', true);

INSERT INTO categories (id, race_id, name, category_type, age_min, age_max, gender_filter, display_order)
VALUES
    ('1d667475-0704-4358-a435-ab37c3695e43', 'ca3b6306-8db8-4b0e-8245-8d2c1e60978a', 'Overall', 'overall', NULL, NULL, NULL, 0),
    ('cd2945d8-6ae1-47f7-ad88-00aa2ef52469', 'ca3b6306-8db8-4b0e-8245-8d2c1e60978a', 'Men', 'male', NULL, NULL, 'male', 1),
    ('4a5e99b4-9194-4111-bebf-b83500760685', 'ca3b6306-8db8-4b0e-8245-8d2c1e60978a', 'Women', 'female', NULL, NULL, 'female', 2),
    ('62c684d3-f483-42e0-a8d0-f12763e36ae0', '88b899f2-b7a3-4ebb-a851-1b1f2660b484', 'Overall', 'overall', NULL, NULL, NULL, 0),
    ('822e7914-938f-4bb4-bffa-7f9769074f58', '88b899f2-b7a3-4ebb-a851-1b1f2660b484', 'Men', 'male', NULL, NULL, 'male', 1),
    ('f38cb139-db5c-4f9b-8d15-9dc8156736ee', '88b899f2-b7a3-4ebb-a851-1b1f2660b484', 'Women', 'female', NULL, NULL, 'female', 2),
    ('f02d270c-bcbd-4afc-817c-688fcc3e9aff', '0a3fde6c-4fbe-4c21-96ee-7a47fdca836e', 'Overall', 'overall', NULL, NULL, NULL, 0),
    ('d8cec917-efee-41f0-9964-aa18858997c7', '0a3fde6c-4fbe-4c21-96ee-7a47fdca836e', 'Men', 'male', NULL, NULL, 'male', 1),
    ('9cc31699-d286-4345-a8f1-de09e428633f', '0a3fde6c-4fbe-4c21-96ee-7a47fdca836e', 'Women', 'female', NULL, NULL, 'female', 2);

INSERT INTO participants (id, race_id, bib_number, first_name, last_name, gender, age, location, rfid_tag_uid, status)
VALUES
    ('cfd502e6-d7dd-4822-887a-433ee89593fd', 'ca3b6306-8db8-4b0e-8245-8d2c1e60978a', '788', 'Peter', 'Karinen', 'male', 27, 'Tucson AZ', 'RR356809-279', 'finished'),
    ('c1c1b27c-deb5-49a2-be51-25f1bf0345b7', 'ca3b6306-8db8-4b0e-8245-8d2c1e60978a', '786', 'Nate', 'Carey', 'male', 27, 'Rochester Hills MI', 'RR356809-268', 'finished'),
    ('981c672a-8a92-4e90-a419-b68a17dbc5bd', 'ca3b6306-8db8-4b0e-8245-8d2c1e60978a', '722', 'Bridger', 'Flory', 'male', 21, 'Rhinelander WI', 'RR356809-57', 'finished'),
    ('43a05327-d26d-4546-843c-847a67402b67', 'ca3b6306-8db8-4b0e-8245-8d2c1e60978a', '744', 'Chad', 'Cannon', 'male', 27, 'Neenah WI', 'RR356809-69', 'finished'),
    ('3c309c04-37ce-4564-b0ec-156a89434d76', 'ca3b6306-8db8-4b0e-8245-8d2c1e60978a', '842', 'Samuel', 'Kilpela', 'male', 34, 'Atlantic Mine MI', 'RR356809-257', 'finished'),
    ('fce50a72-f28b-4eb4-b305-3cb397c0b976', 'ca3b6306-8db8-4b0e-8245-8d2c1e60978a', '797', 'Adam', 'Swank', 'male', 44, 'Duluth MN', 'RR356809-307', 'finished'),
    ('050c8ce4-0f86-4905-b47d-a44c1fb3f5a7', 'ca3b6306-8db8-4b0e-8245-8d2c1e60978a', '715', 'Ryan', 'Zinzow', 'male', 27, 'Whitewater WI', 'RR356809-44', 'finished'),
    ('ae8f6a7d-ebb9-4008-bd56-bd7e27ae66f8', 'ca3b6306-8db8-4b0e-8245-8d2c1e60978a', '777', 'Luke', 'Hubbard', 'male', 34, 'Hastings MI', 'RR356809-235', 'finished'),
    ('bb13b2f7-ac9e-484d-8879-412394f88118', 'ca3b6306-8db8-4b0e-8245-8d2c1e60978a', '826', 'Jan', 'Roubal', 'male', 44, 'Sault Ste. Marie ON', 'RR356809-67', 'finished'),
    ('57b473f7-bc53-43be-917f-d204eac8410a', 'ca3b6306-8db8-4b0e-8245-8d2c1e60978a', '833', 'Matt', 'Griffin', 'male', 34, 'Madison WI', 'RR356809-92', 'finished'),
    ('1469f2ab-9ccd-43c1-bd65-729032648511', 'ca3b6306-8db8-4b0e-8245-8d2c1e60978a', '732', 'Jakob', 'Craig', 'male', 21, 'Tomahawk WI', 'RR356809-101', 'finished'),
    ('6e8f8ef4-739b-4c45-8fb4-f57b91d29bfb', 'ca3b6306-8db8-4b0e-8245-8d2c1e60978a', '750', 'David', 'Maclean', 'male', 62, 'Negaunee MI', 'RR356809-63', 'finished'),
    ('df3390aa-cb0f-43e6-806f-19c6b3cc34f3', 'ca3b6306-8db8-4b0e-8245-8d2c1e60978a', '704', 'Joshua', 'Fangman', 'male', 34, 'Madison WI', 'RR356809-53', 'finished'),
    ('5d9ea87c-6d5c-4593-aaa7-42fe425a9a2e', 'ca3b6306-8db8-4b0e-8245-8d2c1e60978a', '836', 'Tony', 'Fietz', 'male', 44, 'Petersburg MI', 'RR356809-17', 'finished'),
    ('bb116c5c-280e-47a5-ba5f-14a0401403bd', 'ca3b6306-8db8-4b0e-8245-8d2c1e60978a', '848', 'Myles', 'Carey', 'male', NULL, 'Marquette MI', 'RR356809-278', 'finished'),
    ('968859ca-3884-48d9-8bbe-58f5e966e861', 'ca3b6306-8db8-4b0e-8245-8d2c1e60978a', '768', 'Kyle', 'Marsh', 'male', 44, 'Hancock MI', 'RR356809-15', 'finished'),
    ('2b0e093c-a02f-409a-80b8-5d94a41a3c95', 'ca3b6306-8db8-4b0e-8245-8d2c1e60978a', '795', 'Patrick', 'Ogden', 'male', 21, 'Hancock MI', 'RR356809-304', 'finished'),
    ('2e824f7a-e448-4bec-9241-1a2cd2e6497e', 'ca3b6306-8db8-4b0e-8245-8d2c1e60978a', '751', 'Brian', 'Monton', 'male', 44, 'Pentwater MI', 'RR356809-37', 'finished'),
    ('dc2e26cc-bb2d-4e46-bd56-0c1c0354b617', 'ca3b6306-8db8-4b0e-8245-8d2c1e60978a', '801', 'Marjie', 'Bemis', 'female', 21, 'Indianapolis IN', 'RR356809-85', 'finished'),
    ('8e24c164-c3ff-45a7-8eee-1233df3a111d', 'ca3b6306-8db8-4b0e-8245-8d2c1e60978a', '736', 'Jess', 'Kruchoski', 'male', 54, 'New Berlin WI', 'RR356809-26', 'finished'),
    ('f0d4dae4-4498-4aa4-aaee-682e4fb23d8c', 'ca3b6306-8db8-4b0e-8245-8d2c1e60978a', '810', 'Brady', 'Burns', 'male', 16, 'Perry MI', 'RR356809-9', 'finished'),
    ('2c30e3de-b523-4922-b662-32a73c2ddf7a', 'ca3b6306-8db8-4b0e-8245-8d2c1e60978a', '735', 'Holly', 'Kruchoski', 'female', 44, 'New Berlin WI', 'RR356809-25', 'finished'),
    ('b3808b6d-c983-4699-91f3-e811dc160598', 'ca3b6306-8db8-4b0e-8245-8d2c1e60978a', '700', 'Scott', 'Gustafson', 'male', 44, 'Belmont MI', 'RR356809-316', 'finished'),
    ('df9250f5-2f64-49c1-a0f9-46293a677ce9', 'ca3b6306-8db8-4b0e-8245-8d2c1e60978a', '792', 'Chad', 'Wells', 'male', 44, 'Petoskey MI', 'RR356809-294', 'finished'),
    ('c5ea8069-c41a-41b4-95f0-9b346524c530', 'ca3b6306-8db8-4b0e-8245-8d2c1e60978a', '813', 'Alex', 'Prohaska', 'male', 27, 'Kronenwetter WI', 'RR356809-99', 'finished'),
    ('0dff0afd-b356-4f39-8ddc-fc3f28b4c9cd', 'ca3b6306-8db8-4b0e-8245-8d2c1e60978a', '818', 'Roger', 'Lundsten', 'male', 62, 'La Crosse WI', 'RR356809-65', 'finished'),
    ('390b3a22-7671-455d-8709-b031fc976a71', 'ca3b6306-8db8-4b0e-8245-8d2c1e60978a', '837', 'Brett', 'Hauswirth', 'male', 34, 'Hancock MI', 'RR356809-83', 'finished'),
    ('795506dd-bc79-477f-a232-ec1cad37d5ca', 'ca3b6306-8db8-4b0e-8245-8d2c1e60978a', '764', 'Griffin', 'Myslivecek', 'male', 34, 'Minneapolis MN', 'RR356809-16', 'finished'),
    ('51306dd3-0762-47ee-81ab-728b51ec07d8', 'ca3b6306-8db8-4b0e-8245-8d2c1e60978a', '779', 'Brian', 'Bulkowski', 'male', 44, 'de Pere WI', 'RR356809-246', 'finished'),
    ('94f99a96-d0e3-419a-9689-6110d25d0280', 'ca3b6306-8db8-4b0e-8245-8d2c1e60978a', '762', 'Justin', 'Hoffmeyer', 'male', 34, 'Hancock MI', 'RR356809-41', 'finished'),
    ('ce1562ab-25ba-432d-98cc-da64449d2d55', 'ca3b6306-8db8-4b0e-8245-8d2c1e60978a', '702', 'Caitlin', 'Neuman', 'female', 34, 'Madison WI', 'RR356809-30', 'finished'),
    ('3575f78e-f327-4603-b171-6d7f957a91f8', 'ca3b6306-8db8-4b0e-8245-8d2c1e60978a', '773', 'Rylan', 'Pulliam', 'male', 16, 'Clarkston MI', 'RR356809-51', 'finished'),
    ('998d88d1-b897-4892-b7f9-b323b77cff41', 'ca3b6306-8db8-4b0e-8245-8d2c1e60978a', '850', 'Thomas', 'Olek', 'male', 34, 'Roberts WI', 'RR356809-296', 'finished'),
    ('ce2213b0-095a-47df-9791-22ea36721d88', 'ca3b6306-8db8-4b0e-8245-8d2c1e60978a', '729', 'Paul', 'Kiehne', 'male', NULL, 'Schofield WI', 'RR356809-55', 'finished'),
    ('3f6f3561-75b3-4715-afc0-a03536a50aff', 'ca3b6306-8db8-4b0e-8245-8d2c1e60978a', '838', 'Jesse', 'Coenen', 'male', 44, 'Duluth MN', 'RR356809-54', 'finished'),
    ('ea43a550-c62f-4da2-9af9-388419f80d7c', 'ca3b6306-8db8-4b0e-8245-8d2c1e60978a', '845', 'Dan', 'Carey', 'male', 54, 'Iron Mountain MI', 'RR356809-269', 'finished'),
    ('4bb4d804-c043-49a9-a314-43974dd9be42', 'ca3b6306-8db8-4b0e-8245-8d2c1e60978a', '847', 'Spencer', 'Layson', 'male', 34, 'Chicago IL', 'RR356809-275', 'finished'),
    ('b02ce41b-d537-4a96-a232-372b29d0db53', 'ca3b6306-8db8-4b0e-8245-8d2c1e60978a', '843', 'William', 'Haapala', 'male', 21, 'Houghton MI', 'RR356809-263', 'finished'),
    ('580b112c-a18c-411b-a5ae-8540b92a067e', 'ca3b6306-8db8-4b0e-8245-8d2c1e60978a', '703', 'Elizabeth', 'Sabin', 'female', 34, 'Marquette MI', 'RR356809-56', 'finished'),
    ('3e6a3872-22c9-4a4a-879c-1cceaea3520c', 'ca3b6306-8db8-4b0e-8245-8d2c1e60978a', '832', 'Chase', 'Flackey', 'male', 27, 'Madison WI', 'RR356809-21', 'finished'),
    ('35595ae0-5f27-48f4-8748-b07b6db6f73f', 'ca3b6306-8db8-4b0e-8245-8d2c1e60978a', '712', 'Jason', 'Menden', 'male', 34, 'Santa Cruz CA', 'RR356809-104', 'finished'),
    ('2e19c1c6-654e-4be8-93d2-cd5cde4e1bda', 'ca3b6306-8db8-4b0e-8245-8d2c1e60978a', '707', 'Lisa', 'Randall', 'female', 44, 'Copper Harbor MI', 'RR356809-7', 'finished'),
    ('008be34a-6344-4d5b-af9a-3c221edf0d78', 'ca3b6306-8db8-4b0e-8245-8d2c1e60978a', '720', 'Kurt', 'Terhune', 'male', 34, 'Houghton MI', 'RR356809-33', 'finished'),
    ('8dab5af4-cd20-4b87-a49f-43bc291470c6', 'ca3b6306-8db8-4b0e-8245-8d2c1e60978a', '781', 'Jamie', 'Mccoll', 'female', 34, 'Menomonee Falls WI', 'RR356809-252', 'finished'),
    ('87121607-4a7e-4906-a05a-5bca6f2daff7', 'ca3b6306-8db8-4b0e-8245-8d2c1e60978a', '770', 'Jojo', 'Visnaw', 'male', 54, 'Saint Ignace MI', 'RR356809-86', 'finished'),
    ('be970839-fb83-4d29-b4c2-1a13e460426c', 'ca3b6306-8db8-4b0e-8245-8d2c1e60978a', '726', 'Nathan', 'Zinzow', 'male', 44, 'Cambridge WI', 'RR356809-40', 'finished'),
    ('e262403e-06a8-44d7-8e1e-20a3ce42d011', 'ca3b6306-8db8-4b0e-8245-8d2c1e60978a', '741', 'Curtis', 'Cline', 'male', NULL, 'Duluth MN', 'RR356809-49', 'finished'),
    ('4d31e87c-6961-4cf1-b1e5-6e1392baf755', 'ca3b6306-8db8-4b0e-8245-8d2c1e60978a', '708', 'Jayden', 'Randall', 'female', 16, 'Copper Harbor MI', 'RR356809-93', 'finished'),
    ('30a717d8-e33f-481d-9b08-55438781439f', 'ca3b6306-8db8-4b0e-8245-8d2c1e60978a', '796', 'Jeremy', 'Pletka', 'male', NULL, 'Marquette MI', 'RR356809-306', 'finished'),
    ('dfd7ac77-6369-4e03-bab8-5ac07e98ae12', 'ca3b6306-8db8-4b0e-8245-8d2c1e60978a', '787', 'Matt', 'Tingstad', 'male', 44, 'Bessemer MI', 'RR356809-272', 'finished'),
    ('d99cafec-82cd-4e07-a9d2-f947c17d8c81', 'ca3b6306-8db8-4b0e-8245-8d2c1e60978a', '785', 'Aj', 'Westanmo', 'male', 16, 'Houghton MI', 'RR356809-264', 'finished'),
    ('41563d68-d78f-4be7-bb90-418b9b2e3899', 'ca3b6306-8db8-4b0e-8245-8d2c1e60978a', '717', 'Gregg', 'Dionne', 'male', 54, 'Mount Pleasant MI', 'RR356809-77', 'finished'),
    ('97ccacb7-50e5-4dac-9842-0b49c23f503a', 'ca3b6306-8db8-4b0e-8245-8d2c1e60978a', '767', 'Cade', 'Meyer', 'male', 27, 'Hancock MI', 'RR356809-60', 'finished'),
    ('2ed48bae-8510-45f6-bc54-1322ce4cb26d', 'ca3b6306-8db8-4b0e-8245-8d2c1e60978a', '835', 'Brad', 'Chick', 'male', 54, 'Ann Arbor MI', 'RR356809-111', 'finished'),
    ('382a6d90-0486-4dbf-9ac9-49884a7c839f', 'ca3b6306-8db8-4b0e-8245-8d2c1e60978a', '711', 'Jorgen', 'Hamann', 'male', 34, 'Medford WI', 'RR356809-38', 'finished'),
    ('704c6513-ac7e-4ce3-8e6f-ba441cb3b04e', 'ca3b6306-8db8-4b0e-8245-8d2c1e60978a', '730', 'Petr', 'Ineman', 'male', 44, 'Downers Grove IL', 'RR356809-59', 'finished'),
    ('e1d7eae5-08e8-4fd0-b5a3-50f39f7823a4', 'ca3b6306-8db8-4b0e-8245-8d2c1e60978a', '812', 'Dennis', 'Lappin', 'male', 54, 'Milford MI', 'RR356809-58', 'finished'),
    ('cc946b11-857f-4be4-9cb6-e30b9d13584a', 'ca3b6306-8db8-4b0e-8245-8d2c1e60978a', '815', 'Dennis', 'Blockland', 'male', 54, 'Rockford MI', 'RR356809-45', 'finished'),
    ('fdd2510b-f7a9-40c3-af6e-98fc91cd4410', 'ca3b6306-8db8-4b0e-8245-8d2c1e60978a', '748', 'Katrina', 'Engelsted', 'female', 34, 'Boulder CO', 'RR356809-91', 'finished'),
    ('b98e4959-c9f0-4ae0-91c3-b9be972b4e97', 'ca3b6306-8db8-4b0e-8245-8d2c1e60978a', '806', 'Garrett', 'Griswold', 'male', 34, 'Neenah WI', 'RR356809-81', 'finished'),
    ('63e10edc-ac58-43eb-9d69-efd500237551', 'ca3b6306-8db8-4b0e-8245-8d2c1e60978a', '727', 'Connor', 'Gilbreath', 'male', 27, 'Minneapolis MN', 'RR356809-94', 'finished'),
    ('b31027ab-4b3d-4b6d-b1d2-f990787d1bc9', 'ca3b6306-8db8-4b0e-8245-8d2c1e60978a', '841', 'Steve', 'Ericksen', 'male', 44, 'Marquette MI', 'RR356809-255', 'finished'),
    ('5f3dbd8b-8319-494f-bd5f-f0ad48385c51', 'ca3b6306-8db8-4b0e-8245-8d2c1e60978a', '830', 'Spencer', 'Mendel', 'male', 54, 'Alpena MI', 'RR356809-72', 'finished'),
    ('f583a2ec-52bc-4992-8513-d4508438ea00', 'ca3b6306-8db8-4b0e-8245-8d2c1e60978a', '721', 'Joseph', 'Grubaugh', 'male', 44, 'Dewitt MI', 'RR356809-66', 'finished'),
    ('551b5ee7-3904-4d4f-8358-8fdd21e239b0', 'ca3b6306-8db8-4b0e-8245-8d2c1e60978a', '716', 'Ron', 'Berry', 'male', 44, 'Marquette MI', 'RR356809-29', 'finished'),
    ('0da89e20-5a4b-4245-8b45-1d81a4c8ad39', 'ca3b6306-8db8-4b0e-8245-8d2c1e60978a', '819', 'Joseph', 'Mccrary', 'male', 16, 'Milwaukee WI', 'RR356809-52', 'finished'),
    ('2a0b1977-a88b-4f46-980d-3b3de044e624', 'ca3b6306-8db8-4b0e-8245-8d2c1e60978a', '827', 'Petr', 'Brokes', 'male', 54, 'Villa Park IL', 'RR356809-71', 'finished'),
    ('091fbbd9-dca0-4c20-88ac-be33c90fa949', 'ca3b6306-8db8-4b0e-8245-8d2c1e60978a', '627', 'Reece', 'Zimm', 'male', 34, 'Duluth MN', 'RR356809-317', 'finished'),
    ('b6c93b2f-6936-409e-b712-2e36c76fad09', 'ca3b6306-8db8-4b0e-8245-8d2c1e60978a', '839', 'Benjamin', 'Ciavola', 'male', 34, 'Houghton MI', 'RR356809-233', 'finished'),
    ('31fdc26a-da85-4ea7-b06b-100e0d165572', 'ca3b6306-8db8-4b0e-8245-8d2c1e60978a', '829', 'Jeremy', 'Ruys', 'male', 21, 'Grand Rapids MI', 'RR356809-88', 'finished'),
    ('467f02e3-0435-4f71-a572-7dcaa826bdcc', 'ca3b6306-8db8-4b0e-8245-8d2c1e60978a', '755', 'Austin', 'Balken', 'male', NULL, 'Burnsville MN', 'RR356809-23', 'finished'),
    ('7ebc06e4-e980-41a2-9e8e-34c2aa0db6f3', 'ca3b6306-8db8-4b0e-8245-8d2c1e60978a', '731', 'Lauren', 'Maki', 'female', 21, 'Marshfield WI', 'RR356809-6', 'finished'),
    ('e37f6506-966e-4c41-8051-d01d048ac2e0', 'ca3b6306-8db8-4b0e-8245-8d2c1e60978a', '761', 'Brandon', 'Teske', 'male', 44, 'Madison WI', 'RR356809-10', 'finished'),
    ('8e11dfdb-4a07-4364-9cf3-55590dfc98db', 'ca3b6306-8db8-4b0e-8245-8d2c1e60978a', '807', 'Travis', 'Peterson', 'male', 34, 'Coeur D Alene ID', 'RR356809-47', 'finished'),
    ('36dfbc68-8bac-458e-9bda-e801b16e3fb6', 'ca3b6306-8db8-4b0e-8245-8d2c1e60978a', '713', 'Cole', 'Alsbach', 'male', 34, 'Menasha WI', 'RR356809-79', 'finished'),
    ('4bd7df6d-5332-44e2-b622-b5626d4dba77', 'ca3b6306-8db8-4b0e-8245-8d2c1e60978a', '710', 'Steve', 'Bartzen', 'male', 44, 'Grand Rapids MI', 'RR356809-97', 'finished'),
    ('50430852-c4dc-45d8-8349-4f2a05ec3221', 'ca3b6306-8db8-4b0e-8245-8d2c1e60978a', '724', 'Isaac', 'Frieders', 'male', 27, 'Kronenwetter WI', 'RR356809-4', 'finished'),
    ('38982f94-946d-442c-855f-9fbb09faabbf', 'ca3b6306-8db8-4b0e-8245-8d2c1e60978a', '794', 'Max', 'Maas', 'male', 21, 'Duluth MN', 'RR356809-302', 'finished'),
    ('8e290c20-477f-410e-8d64-c2dcd9b543ac', 'ca3b6306-8db8-4b0e-8245-8d2c1e60978a', '782', 'Phil', 'Taylor', 'male', 54, 'Greenleaf WI', 'RR356809-250', 'finished'),
    ('3df95af4-8bf1-4dbe-8b82-6b57f03999aa', 'ca3b6306-8db8-4b0e-8245-8d2c1e60978a', '743', 'Mateusz', 'Wozniak', 'male', 16, 'Wrocław ', 'RR356809-103', 'finished'),
    ('29251893-da2b-481d-a167-bb3df56c6768', 'ca3b6306-8db8-4b0e-8245-8d2c1e60978a', '816', 'Jonathan', 'Nyhus', 'male', 34, 'Duluth MN', 'RR356809-11', 'finished'),
    ('2ab39757-b058-40c0-a4e9-54a5009955cd', 'ca3b6306-8db8-4b0e-8245-8d2c1e60978a', '775', 'David', 'Schroeder', 'male', 44, 'de Pere WI', 'RR356809-232', 'finished'),
    ('e7e978fb-2d68-4afa-b070-453d78e5ddb8', 'ca3b6306-8db8-4b0e-8245-8d2c1e60978a', '831', 'Joshua', 'Farmer', 'male', 34, 'Charlevoix MI', 'RR356809-22', 'finished'),
    ('b845eb73-c3ea-4687-8586-5c2dd255f604', 'ca3b6306-8db8-4b0e-8245-8d2c1e60978a', '742', 'Timothy', 'Kolesar', 'male', 44, 'Ishpeming MI', 'RR356809-50', 'finished'),
    ('a60400e1-3ae3-4fc2-bb34-a5f3305571bd', 'ca3b6306-8db8-4b0e-8245-8d2c1e60978a', '820', 'Christopher', 'Stretton', 'male', 34, 'Marquette MI', 'RR356809-75', 'finished'),
    ('5e1064d6-f627-4e09-ae48-968eaed3d876', 'ca3b6306-8db8-4b0e-8245-8d2c1e60978a', '769', 'Ian', 'Devlieg', 'male', NULL, 'Saint Louis MO', 'RR356809-46', 'finished'),
    ('0ba1b4da-ff80-410a-bd58-9a17f74ed464', 'ca3b6306-8db8-4b0e-8245-8d2c1e60978a', '763', 'Greg', 'Danforth', 'male', 62, 'Boyne City MI', 'RR356809-107', 'finished'),
    ('5c1f4122-99f3-4145-a5d0-325c52da39dc', 'ca3b6306-8db8-4b0e-8245-8d2c1e60978a', '706', 'William', 'Hopkins', 'male', 34, 'Duluth MN', 'RR356809-62', 'finished'),
    ('04ddc651-86f7-41f3-86dc-4250b4399ad2', 'ca3b6306-8db8-4b0e-8245-8d2c1e60978a', '745', 'Austin', 'Crisp', 'male', 34, 'Sheboygan WI', 'RR356809-106', 'finished'),
    ('b67f7734-97cc-4e7d-bf7b-d3e39354ddf2', 'ca3b6306-8db8-4b0e-8245-8d2c1e60978a', '803', 'Nathan', 'Laakonen', 'male', 34, 'Hancock MI', 'RR356809-102', 'finished'),
    ('72c07127-6177-49a8-acd3-68f79405ebd8', 'ca3b6306-8db8-4b0e-8245-8d2c1e60978a', '758', 'Carl', 'Loomis', 'male', 62, 'Ann Arbor MI', 'RR356809-98', 'finished'),
    ('bce9978c-de7c-49ea-ac4b-4b1976d95347', 'ca3b6306-8db8-4b0e-8245-8d2c1e60978a', '734', 'Jack', 'Drummond', 'male', 21, 'Northville MI', 'RR356809-5', 'finished'),
    ('34468c8e-e22a-4388-b491-f9b2fcfa49f4', 'ca3b6306-8db8-4b0e-8245-8d2c1e60978a', '719', 'Scott', 'Tank', 'male', 62, 'Stevens Point WI', 'RR356809-18', 'finished'),
    ('e5f4d006-aa2e-43a6-af1f-326639819a57', 'ca3b6306-8db8-4b0e-8245-8d2c1e60978a', '798', 'Missy', 'Whalen', 'female', NULL, 'Marquette MI', 'RR356809-308', 'finished'),
    ('e9cf14a0-02b0-4934-9ac5-f2566f66c764', 'ca3b6306-8db8-4b0e-8245-8d2c1e60978a', '709', 'Aaron', 'Rabideau', 'male', 34, 'Duluth MN', 'RR356809-28', 'finished'),
    ('a677e824-9142-4232-83a7-0ac939634415', 'ca3b6306-8db8-4b0e-8245-8d2c1e60978a', '747', 'Landin', 'Eidum', 'male', 16, 'Duluth MN', 'RR356809-61', 'finished'),
    ('e31ecbd1-d121-4912-8590-cc5d5e9e9009', 'ca3b6306-8db8-4b0e-8245-8d2c1e60978a', '746', 'Noah', 'Martinez', 'male', 16, 'Milwaukee WI', 'RR356809-84', 'finished'),
    ('86f23133-e284-4de6-a766-2f68abbd396d', 'ca3b6306-8db8-4b0e-8245-8d2c1e60978a', '817', 'Melissa', 'Gleason', 'female', 44, 'Milwaukee WI', 'RR356809-323', 'finished'),
    ('63d821b6-0b8d-4f7f-b461-31ddb4db2f52', 'ca3b6306-8db8-4b0e-8245-8d2c1e60978a', '701', 'Jesse', 'Lucking', 'male', 44, 'Long Lake MN', 'RR356809-42', 'finished'),
    ('a796f7ff-141b-49c1-a879-1d7d09c57be4', 'ca3b6306-8db8-4b0e-8245-8d2c1e60978a', '725', 'Bob', 'Griswold', 'male', 62, 'Kohler WI', 'RR356809-31', 'finished'),
    ('d6640eee-61da-4f0b-8a55-751cb45c5826', 'ca3b6306-8db8-4b0e-8245-8d2c1e60978a', '766', 'Joshua', 'Mccole', 'male', 34, 'Kingsford MI', 'RR356809-19', 'finished'),
    ('516387cf-7d5d-4f62-aecb-5ff16a38d282', 'ca3b6306-8db8-4b0e-8245-8d2c1e60978a', '811', 'Gary', 'Meader', 'male', 62, 'Decorah IA', 'RR356809-110', 'finished'),
    ('03ff8369-5eaf-4cce-8536-fbd7d11e6a5d', 'ca3b6306-8db8-4b0e-8245-8d2c1e60978a', '749', 'Cale', 'Polkinghorne', 'male', 44, 'Marquettemarquette MI', 'RR356809-95', 'finished'),
    ('fee53be5-c20f-4bea-94db-ca1fd148b6fd', 'ca3b6306-8db8-4b0e-8245-8d2c1e60978a', '774', 'Michaela', 'Nelson', 'female', 21, 'Leadville CO', 'RR356809-20', 'finished'),
    ('ee58d363-b636-4864-b490-56c7eda285f8', 'ca3b6306-8db8-4b0e-8245-8d2c1e60978a', '823', 'Johnny', 'Ragonese', 'male', 34, 'Milwaukee WI', 'RR356809-80', 'finished'),
    ('2ee0ec5c-8989-44aa-9c0f-51414975b925', 'ca3b6306-8db8-4b0e-8245-8d2c1e60978a', '825', 'Mandy', 'Griesenbeck', 'female', NULL, 'Davenport IA', 'RR356809-89', 'finished'),
    ('aaf695b8-eaf0-4bd5-afa8-a5be7dac858e', 'ca3b6306-8db8-4b0e-8245-8d2c1e60978a', '733', 'Mary', 'Jane Bauer', 'female', 21, 'Marquette MI', 'RR356809-100', 'finished'),
    ('f8f76fd5-0092-4a16-aa6a-b6fa2579fd00', 'ca3b6306-8db8-4b0e-8245-8d2c1e60978a', '776', 'Daniel', 'Griffin', 'male', 27, 'Calumet MI', 'RR356809-234', 'finished'),
    ('cb3df192-19d6-4165-8860-fe075f46aaae', 'ca3b6306-8db8-4b0e-8245-8d2c1e60978a', '728', 'Adam', 'Tutak', 'male', 27, 'Blytheville AR', 'RR356809-108', 'finished'),
    ('d618668d-b320-4a70-8ba9-4e029c5e7f58', 'ca3b6306-8db8-4b0e-8245-8d2c1e60978a', '783', 'Tom', 'Rose', 'male', 44, 'Green Bay WI', 'RR356809-251', 'finished'),
    ('768ea1c3-f867-4461-a4af-9f18d7585af8', 'ca3b6306-8db8-4b0e-8245-8d2c1e60978a', '834', 'Scott', 'Bury', 'male', 62, 'Sanford MI', 'RR356809-76', 'finished'),
    ('e3e93cbd-df06-4e1b-b3d6-ef0d4ca5f03e', 'ca3b6306-8db8-4b0e-8245-8d2c1e60978a', '790', 'Ella', 'Falk', 'female', 16, 'Marquette MI', 'RR356809-284', 'finished'),
    ('39245f5c-2ad6-4dde-9570-d0a66d13a121', 'ca3b6306-8db8-4b0e-8245-8d2c1e60978a', '789', 'Derek', 'Falk', 'male', 44, 'Marquette MI', 'RR356809-285', 'finished'),
    ('2a919503-43d6-4c63-8590-898c1fd796db', 'ca3b6306-8db8-4b0e-8245-8d2c1e60978a', '822', 'Jose', 'Geiser', 'male', 34, 'Appleton WI', 'RR356809-64', 'finished'),
    ('2108094e-4fec-4804-ad66-a6035aabf398', 'ca3b6306-8db8-4b0e-8245-8d2c1e60978a', '800', 'Ella', 'Whalen', 'female', 21, 'Marquette MI', 'RR356809-309', 'finished'),
    ('1148773a-4d04-4926-9417-0577d20517bb', 'ca3b6306-8db8-4b0e-8245-8d2c1e60978a', '752', 'Mike', 'Fetter', 'male', 34, 'Marquette MI', 'RR356809-35', 'finished'),
    ('f2893e2c-0949-47d1-b06d-94912df7260b', 'ca3b6306-8db8-4b0e-8245-8d2c1e60978a', '799', 'George', 'Lyall', 'male', 34, 'Duluth MN', 'RR356809-310', 'finished'),
    ('9969f685-c0b4-4b5f-865b-6ff2e0d9a84e', 'ca3b6306-8db8-4b0e-8245-8d2c1e60978a', '784', 'Amanda', 'Kilpela', 'female', 34, 'Atlantic Mine MI', 'RR356809-256', 'finished'),
    ('aad0a080-3977-4942-83ec-3d3ffcaa1029', 'ca3b6306-8db8-4b0e-8245-8d2c1e60978a', '626', 'Derek', 'Warren', 'male', 34, 'Iron Mountain MI', 'RR356809-315', 'finished'),
    ('dedb093c-2d94-4910-8084-ae8b3af5f4a3', 'ca3b6306-8db8-4b0e-8245-8d2c1e60978a', '846', 'Grace', 'Rickauer', 'female', 21, 'Houghton MI', 'RR356809-273', 'finished'),
    ('8bdbc961-c7c8-4845-96d1-084db53eead3', 'ca3b6306-8db8-4b0e-8245-8d2c1e60978a', '739', 'Shelby', 'Dawson', 'female', 44, 'Holmen WI', 'RR356809-34', 'finished'),
    ('720b1111-484f-4601-964a-dd22700bb308', 'ca3b6306-8db8-4b0e-8245-8d2c1e60978a', '821', 'Neshoba', 'Zietlow', 'female', 44, 'La Crosse WI', 'RR356809-12', 'finished'),
    ('ed0dcfbd-538b-4de5-a8d6-c13be24d34cc', 'ca3b6306-8db8-4b0e-8245-8d2c1e60978a', '756', 'Justus', 'Witmer', 'male', 34, 'Minnneapolis MN', 'RR356809-324', 'finished'),
    ('b9cee282-06be-4eec-a0e8-d194ea9ce483', 'ca3b6306-8db8-4b0e-8245-8d2c1e60978a', '802', 'Zach', 'Woodward', 'male', 34, 'Duluth MN', 'RR356809-68', 'finished'),
    ('c78dbf9b-8b3d-4dc9-83d8-84e90943e46c', 'ca3b6306-8db8-4b0e-8245-8d2c1e60978a', '714', 'Jason', 'Scherman', 'male', 44, 'Elko New Market MN', 'RR356809-90', 'finished'),
    ('c43fd6de-d1ca-41a2-843e-6f846cae62b3', 'ca3b6306-8db8-4b0e-8245-8d2c1e60978a', '754', 'Tyler', 'Hosking', 'male', 27, 'Laurium MI', 'RR356809-48', 'finished'),
    ('c52225f0-c809-43bd-a984-23492db70bc1', 'ca3b6306-8db8-4b0e-8245-8d2c1e60978a', '718', 'Bruce', 'Hauser', 'male', 62, 'Wausau WI', 'RR356809-39', 'finished'),
    ('a4649bdb-7819-4430-8380-a68c8f9a6af2', 'ca3b6306-8db8-4b0e-8245-8d2c1e60978a', '760', 'Aric', 'Chilcote', 'male', 54, 'Wausau WI', 'RR356809-105', 'finished'),
    ('70d4afbb-2ca0-4728-a148-3e61cf513e99', 'ca3b6306-8db8-4b0e-8245-8d2c1e60978a', '804', 'Leanne', 'Laakonen', 'female', 34, 'Hancock MI', 'RR356809-96', 'finished'),
    ('aa98adf8-9552-4248-95e2-139d5b48904f', 'ca3b6306-8db8-4b0e-8245-8d2c1e60978a', '765', 'Halley', 'Mccole', 'female', 34, 'Kingsford MI', 'RR356809-70', 'finished'),
    ('eaee4c70-7786-4daf-97cb-e7a82788a2d1', 'ca3b6306-8db8-4b0e-8245-8d2c1e60978a', '759', 'Tanya', 'Wayda', 'female', 44, 'Stevens Point WI', 'RR356809-74', 'finished'),
    ('d5f6b65a-f034-4034-b8b0-d062dad0c040', 'ca3b6306-8db8-4b0e-8245-8d2c1e60978a', '771', 'Lianna', 'Miller', 'female', 44, 'Houghton MI', 'RR356809-3', 'finished'),
    ('3a63283c-7695-4dfe-a3d3-e25623053bf3', 'ca3b6306-8db8-4b0e-8245-8d2c1e60978a', '808', 'Austin', 'Stensen', 'male', 34, 'Augusta WI', 'RR356809-43', 'finished'),
    ('f1d73357-3dd0-45e6-af87-a1c9f01a7101', 'ca3b6306-8db8-4b0e-8245-8d2c1e60978a', '772', 'Weston', 'Early', 'male', 27, 'Hancock MI', 'RR356809-2', 'finished'),
    ('5622e3ba-115a-48e5-89b9-13cbedcc1b78', 'ca3b6306-8db8-4b0e-8245-8d2c1e60978a', '778', 'Rudi', 'Miller', 'male', 27, 'Hancock MI', 'RR356809-237', 'finished'),
    ('fb9960d5-3cd5-4cfa-8f39-bc729ada066b', 'ca3b6306-8db8-4b0e-8245-8d2c1e60978a', '738', 'Robert', 'Whiteside', 'male', 44, 'Milwaukee WI', 'RR356809-78', 'finished'),
    ('9f2902ce-12ca-47e1-8873-15cde6f706cb', 'ca3b6306-8db8-4b0e-8245-8d2c1e60978a', '824', 'Raquel', 'Tiyaga', 'female', 34, 'Milwaukee WI', 'RR356809-13', 'finished'),
    ('38e811d1-54f2-40dc-b0c4-647b18439568', 'ca3b6306-8db8-4b0e-8245-8d2c1e60978a', '737', 'Luke', 'Whiteside', 'male', 16, 'Milwaukee WI', 'RR356809-24', 'finished'),
    ('7898f5af-84ee-4551-8283-0826f10de4af', 'ca3b6306-8db8-4b0e-8245-8d2c1e60978a', '805', 'Jennifer', 'Byle', 'female', 44, 'Grand Rapids MI', 'RR356809-36', 'finished'),
    ('ec6553ca-e48b-45c2-b6d1-10988b609fe3', 'ca3b6306-8db8-4b0e-8245-8d2c1e60978a', '740', 'Jacqueline', 'Mueller', 'female', 62, 'Kewaunee WI', 'RR356809-14', 'finished'),
    ('c53c8bcc-1cff-48cc-8ebd-dd480d3f4724', 'ca3b6306-8db8-4b0e-8245-8d2c1e60978a', '844', 'Henry', 'March', 'male', 16, 'Stillwater MN', 'RR356809-265', 'dnf'),
    ('294d22f5-2a4e-4899-a9b4-b283b15783c9', '88b899f2-b7a3-4ebb-a851-1b1f2660b484', '613', 'Tom', 'Miller', 'male', 44, 'Duluth MN', 'RR356809-127', 'finished'),
    ('0fe7ab1c-c8bf-485c-b482-d6230dc54bb3', '88b899f2-b7a3-4ebb-a851-1b1f2660b484', '600', 'Andrew', 'Baines', 'male', 54, 'Rockton IL', 'RR356809-117', 'finished'),
    ('48f21e7e-4bf0-4ac4-a003-9cb5f8f7cb81', '88b899f2-b7a3-4ebb-a851-1b1f2660b484', '603', 'Brendan', 'Klynstra', 'male', 27, 'Hancock MI', 'RR356809-166', 'finished'),
    ('f65036cd-b041-4dd5-a705-26431b3d382a', '88b899f2-b7a3-4ebb-a851-1b1f2660b484', '596', 'Peter', 'Johnson', 'male', 34, 'de Pere WI', 'RR356809-154', 'finished'),
    ('2b0c1638-4070-4752-94f3-0df050543bf0', '88b899f2-b7a3-4ebb-a851-1b1f2660b484', '624', 'Anders', 'Hanson', 'male', NULL, 'Minneapolis MN', 'RR356809-299', 'finished'),
    ('10ffccd0-56fc-4edd-b281-6c46a25fe9b4', '88b899f2-b7a3-4ebb-a851-1b1f2660b484', '593', 'Adam', 'Jacobson', 'male', 34, 'Asbury IA', 'RR356809-155', 'finished'),
    ('8558db38-7995-40ad-99fc-be21954222d7', '88b899f2-b7a3-4ebb-a851-1b1f2660b484', '647', 'Frank', 'Perlaki', 'male', 34, 'Hancock MI', 'RR356809-175', 'finished'),
    ('eee07dbe-b222-45d2-8bc2-6d390404a439', '88b899f2-b7a3-4ebb-a851-1b1f2660b484', '584', 'Alex', 'Weldum', 'male', 34, 'Saint Michael MN', 'RR356809-151', 'finished'),
    ('35a21e6c-db19-4793-88fe-69e165a1fe4a', '88b899f2-b7a3-4ebb-a851-1b1f2660b484', '576', 'Nora', 'Rosemeier', 'female', 21, 'Prior Lake MN', 'RR356809-173', 'finished'),
    ('19768fd8-3391-4675-8c62-166260464ce8', '88b899f2-b7a3-4ebb-a851-1b1f2660b484', '617', 'Marcos', 'Munoz', 'male', 16, 'Clarkston MI', 'RR356809-131', 'finished'),
    ('f89e19b3-ce78-497f-9da2-381d53c43315', '88b899f2-b7a3-4ebb-a851-1b1f2660b484', '651', 'Megan', 'Seiler', 'female', 21, 'Muskego WI', 'RR356809-157', 'finished'),
    ('a5fa5b04-3f92-45a2-868b-acb323ba5a0d', '88b899f2-b7a3-4ebb-a851-1b1f2660b484', '644', 'Brad', 'Gillen', 'male', 34, 'Kenosha WI', 'RR356809-112', 'finished'),
    ('4eb61b31-b669-4c67-a2aa-7c5d5723bfd7', '88b899f2-b7a3-4ebb-a851-1b1f2660b484', '655', 'Robbie', 'Stemler', 'male', 27, 'Minneapolis MN', 'RR356809-300', 'finished'),
    ('9f56c92b-f3e9-48ed-97ef-8e80dc28837a', '88b899f2-b7a3-4ebb-a851-1b1f2660b484', '605', 'Lori', 'Seele', 'female', 44, 'Duluth MN', 'RR356809-129', 'finished'),
    ('da90e580-2bf8-4e1f-90d2-1fe68a385ee3', '88b899f2-b7a3-4ebb-a851-1b1f2660b484', '587', 'Chuck', 'Rechner', 'male', 34, 'Green Bay WI', 'RR356809-128', 'finished'),
    ('b64257ad-ae22-4525-8e6e-3de24b3cdcba', '88b899f2-b7a3-4ebb-a851-1b1f2660b484', '601', 'Connor', 'Temme', 'male', 27, 'Wauwatosa WI', 'RR356809-162', 'finished'),
    ('0e538f6c-37b7-4945-8322-cef567793b48', '88b899f2-b7a3-4ebb-a851-1b1f2660b484', '581', 'Brandon', 'Tobias', 'male', 44, 'New Prague MN', 'RR356809-143', 'finished'),
    ('da45cac0-c263-4ced-a8c9-6efcab2ad39a', '88b899f2-b7a3-4ebb-a851-1b1f2660b484', '643', 'Todd', 'Bugnacki', 'male', NULL, 'Cedarburg WI', 'RR356809-171', 'finished'),
    ('7f2a060f-a1e6-4bbe-8962-4181cc6cf957', '88b899f2-b7a3-4ebb-a851-1b1f2660b484', '610', 'Luke', 'Schneider', 'male', 34, 'Waukesha WI', 'RR356809-146', 'finished'),
    ('bc3d0ed1-f954-4561-81e6-3efeed4450d7', '88b899f2-b7a3-4ebb-a851-1b1f2660b484', '635', 'Benjamin', 'Allard', 'male', 34, 'Minneapolis MN', 'RR356809-172', 'finished'),
    ('8b8bda98-b493-4cf3-875b-5b3c75639158', '88b899f2-b7a3-4ebb-a851-1b1f2660b484', '642', 'Dave', 'Wall', 'male', 64, 'Rhinelander WI', 'RR356809-116', 'finished'),
    ('350dba20-3645-4374-ba4c-50deb9d7ed21', '88b899f2-b7a3-4ebb-a851-1b1f2660b484', '616', 'Dwight', 'Vaughn', 'male', 54, 'Saint Paul MN', 'RR356809-174', 'finished'),
    ('81bb084e-0481-4bf0-a34a-7c0784c1ed66', '88b899f2-b7a3-4ebb-a851-1b1f2660b484', '604', 'Ryan', 'Rogers', 'male', 44, 'Bemidji MN', 'RR356809-163', 'finished'),
    ('92a0a649-db0f-4442-b647-f1fcd1af41f5', '88b899f2-b7a3-4ebb-a851-1b1f2660b484', '611', 'Frank', 'Roark', 'male', 44, 'Virginia MN', 'RR356809-140', 'finished'),
    ('1f73c38e-e312-419f-b158-47a11080e631', '88b899f2-b7a3-4ebb-a851-1b1f2660b484', '609', 'Zach', 'Bustos', 'male', 34, 'Chassell MI', 'RR356809-121', 'finished'),
    ('75787b41-06fb-48f9-bb08-114226ee9b03', '88b899f2-b7a3-4ebb-a851-1b1f2660b484', '649', 'Josh', 'Roubal', 'male', 7, 'Sault Ste. Marie ON', 'RR356809-125', 'finished'),
    ('94cf6ee0-fee4-4bcb-84c8-8941c472bd68', '88b899f2-b7a3-4ebb-a851-1b1f2660b484', '637', 'Derek', 'Kala', 'male', 34, 'Oxford MI', 'RR356809-134', 'finished'),
    ('61926965-db56-4baf-80ec-82be12e27e13', '88b899f2-b7a3-4ebb-a851-1b1f2660b484', '625', 'Colin', 'Johnson', 'male', 27, 'Calumet MI', 'RR356809-303', 'finished'),
    ('b9e82a93-bc94-4331-9d57-0adb4b691d9c', '88b899f2-b7a3-4ebb-a851-1b1f2660b484', '582', 'Alan', 'Johnson', 'male', 64, 'Howell MI', 'RR356809-161', 'finished'),
    ('9dab65e8-3dab-440e-82c4-5e546fbafae4', '88b899f2-b7a3-4ebb-a851-1b1f2660b484', '608', 'Sean', 'O''Brien', 'male', 34, 'Manitowish Waters WI', 'RR356809-158', 'finished'),
    ('e33ececd-9653-4b42-af4c-de6f33dc097a', '88b899f2-b7a3-4ebb-a851-1b1f2660b484', '650', 'Maddie', 'Spurlock', 'female', 27, 'Madison WI', 'RR356809-165', 'finished'),
    ('d8e5686c-0f10-4018-87cf-0f2bfc1da585', '88b899f2-b7a3-4ebb-a851-1b1f2660b484', '583', 'Scot', 'Bromann', 'male', 64, 'Rib Lake WI', 'RR356809-118', 'finished'),
    ('5fa2fd3c-8735-4b9c-9f79-bcbf6702965a', '88b899f2-b7a3-4ebb-a851-1b1f2660b484', '630', 'Aaron', 'Currie', 'male', NULL, 'Howell MI', 'RR356809-167', 'finished'),
    ('553d2d6f-b086-4f57-bdc2-a88517508013', '88b899f2-b7a3-4ebb-a851-1b1f2660b484', '653', 'Keith', 'Process', 'male', 44, 'de Pere WI', 'RR356809-153', 'finished'),
    ('004a0a1a-e9f4-4c9a-b3a4-187f02d1de1e', '88b899f2-b7a3-4ebb-a851-1b1f2660b484', '615', 'Alex', 'Yosick', 'male', 34, 'Sheboygan WI', 'RR356809-135', 'finished'),
    ('4af2217b-4c17-4d02-916e-1560cbd804e8', '88b899f2-b7a3-4ebb-a851-1b1f2660b484', '599', 'Nathan', 'Schievink', 'male', 34, 'Grand Rapids MI', 'RR356809-177', 'finished'),
    ('7769f3d1-9136-4321-b4e5-bffc42b74010', '88b899f2-b7a3-4ebb-a851-1b1f2660b484', '645', 'Jacob', 'Hoeg', 'male', 27, 'Waukesha WI', 'RR356809-169', 'finished'),
    ('7c60db75-77f7-47ab-ae88-cad2318947a3', '88b899f2-b7a3-4ebb-a851-1b1f2660b484', '577', 'Tyler', 'Rosemeier', 'male', 16, 'Prior Lake MN', 'RR356809-144', 'finished'),
    ('a7a186cf-751b-46c7-8ba6-99bc186939b9', '88b899f2-b7a3-4ebb-a851-1b1f2660b484', '580', 'Allison', 'Tobias', 'female', 16, 'New Prague MN', 'RR356809-152', 'finished'),
    ('92fad1a7-3e53-41ad-8781-eba13e81c24d', '88b899f2-b7a3-4ebb-a851-1b1f2660b484', '579', 'Jon', 'Rosemeier', 'male', 44, 'Prior Lake MN', 'RR356809-137', 'finished'),
    ('04a38ffb-2da3-43bb-9275-ca94c6503a29', '88b899f2-b7a3-4ebb-a851-1b1f2660b484', '652', 'Martha', 'Flynn', 'female', 64, 'Saint Paul MN', 'RR356809-148', 'finished'),
    ('6d4bbefe-4f60-4fff-b7b3-7f5601737c80', '88b899f2-b7a3-4ebb-a851-1b1f2660b484', '585', 'Bailey', 'Ramler', 'male', 27, 'Conklin MI', 'RR356809-170', 'finished'),
    ('b1cda89f-a6d1-41bb-8264-a999844951e5', '88b899f2-b7a3-4ebb-a851-1b1f2660b484', '590', 'Harper', 'Zinzow', 'female', 7, 'Cambridge WI', 'RR356809-139', 'finished'),
    ('e3943486-08bd-4c52-8883-b5aeaff08ed0', '88b899f2-b7a3-4ebb-a851-1b1f2660b484', '607', 'Andy', 'Smith', 'male', 54, 'Marquette MI', 'RR356809-124', 'finished'),
    ('9ff8643c-a54e-4c5d-9115-645d3913cd3f', '88b899f2-b7a3-4ebb-a851-1b1f2660b484', '639', 'Parker', 'Lappin', 'female', 7, 'Milford MI', 'RR356809-142', 'finished'),
    ('787225f4-e6cf-4550-9d05-dd3265be8fa6', '88b899f2-b7a3-4ebb-a851-1b1f2660b484', '597', 'Colten', 'Radl', 'male', 27, 'East Lansing MI', 'RR356809-138', 'finished'),
    ('7b0d68be-013e-48ba-914c-9ed8811b7f29', '88b899f2-b7a3-4ebb-a851-1b1f2660b484', '654', 'Brett', 'Edgerle', 'male', 64, 'Kohler WI', 'RR356809-276', 'finished'),
    ('15bae96c-5965-4268-91f5-7743b4bf374f', '88b899f2-b7a3-4ebb-a851-1b1f2660b484', '586', 'Angela', 'Lafuente', 'female', 34, 'Houghton MI', 'RR356809-114', 'finished'),
    ('a5fad6fe-6e61-48fe-a96e-b5e9b72cfd8b', '88b899f2-b7a3-4ebb-a851-1b1f2660b484', '631', 'Miles', 'Tindall', 'male', 16, 'Holly MI', 'RR356809-133', 'finished'),
    ('b30dbd20-9fa9-4ee0-a34c-45e4f394a9da', '88b899f2-b7a3-4ebb-a851-1b1f2660b484', '633', 'James', 'Morrow', 'male', 44, 'Negaunee MI', 'RR356809-126', 'finished'),
    ('baf28b6b-2089-4f4b-94e4-c018c609fa3a', '88b899f2-b7a3-4ebb-a851-1b1f2660b484', '598', 'Kevin', 'Mullen', 'male', 54, 'Oconomowoc WI', 'RR356809-130', 'finished'),
    ('82623c6b-16fc-41b9-8ce8-e492f4eb09d2', '88b899f2-b7a3-4ebb-a851-1b1f2660b484', '589', 'Michael', 'Harrington', 'male', 64, 'Ishpeming MI', 'RR356809-258', 'finished'),
    ('42adf59f-c10e-449e-a20a-dba0d96f8048', '88b899f2-b7a3-4ebb-a851-1b1f2660b484', '619', 'Preston', 'Jesiek', 'male', 21, 'West Lafayette IN', 'RR356809-240', 'finished'),
    ('6ccde14a-b9d4-4c80-84d0-9dc95f5a4b4f', '88b899f2-b7a3-4ebb-a851-1b1f2660b484', '638', 'Chadwick', 'Strobel', 'male', 34, 'Rochester MI', 'RR356809-160', 'finished'),
    ('16c2b19d-afe4-4710-a28e-1c86aa72e3e6', '88b899f2-b7a3-4ebb-a851-1b1f2660b484', '592', 'Devan', 'Zembo', 'male', 16, 'Duluth MN', 'RR356809-120', 'finished'),
    ('05bb5ade-9ee5-4385-a01c-23451781846a', '88b899f2-b7a3-4ebb-a851-1b1f2660b484', '591', 'Justin', 'Zembo', 'male', 44, 'Hermantown MN', 'RR356809-150', 'finished'),
    ('5ec91e0b-3207-43ac-8517-03de7cfc25c6', '88b899f2-b7a3-4ebb-a851-1b1f2660b484', '623', 'Luke', 'Leslie', 'male', 21, 'Houghton MI', 'RR356809-297', 'finished'),
    ('e353bfb6-9ba1-46d7-9469-555b9806ba0e', '88b899f2-b7a3-4ebb-a851-1b1f2660b484', '634', 'Chris', 'Meyer', 'male', 64, 'Cheboygan MI', 'RR356809-115', 'finished'),
    ('ca854ae4-28cb-4d4b-9053-64c329770e95', '88b899f2-b7a3-4ebb-a851-1b1f2660b484', '620', 'Merridy', 'Littell', 'female', 16, 'Houghton MI', 'RR356809-266', 'finished'),
    ('fdf0304e-cdff-401b-8a66-b919a3b8fd4b', '88b899f2-b7a3-4ebb-a851-1b1f2660b484', '648', 'John', 'Vos', 'male', 54, 'Oregon IL', 'RR356809-176', 'finished'),
    ('679b4358-e333-42e1-9ba0-d23108e1d8c1', '88b899f2-b7a3-4ebb-a851-1b1f2660b484', '656', 'Grant', 'Miedema', 'male', 34, 'Kingsford MI', 'RR356809-311', 'finished'),
    ('6ff1764e-f431-4edc-9b78-9206fd450d59', '88b899f2-b7a3-4ebb-a851-1b1f2660b484', '646', 'Hillary', 'Wall', 'female', 34, 'Rhinelander WI', 'RR356809-123', 'finished'),
    ('aa34953f-b5e8-491d-8fc7-e7b26cc5ec67', '88b899f2-b7a3-4ebb-a851-1b1f2660b484', '602', 'Jana', 'Suriano', 'female', 34, 'Sheboygan WI', 'RR356809-136', 'finished'),
    ('631263c3-d7f0-4d3e-b035-fcf55fa0ab99', '88b899f2-b7a3-4ebb-a851-1b1f2660b484', '657', 'Ceci', 'Arce', 'female', 27, 'Kingsford MI', 'RR356809-312', 'finished'),
    ('6db70f32-4e30-4c63-8513-9332f508f230', '88b899f2-b7a3-4ebb-a851-1b1f2660b484', '606', 'Taylor', 'Stockwell', 'female', 21, 'Boyne City MI', 'RR356809-156', 'finished'),
    ('0d6fa76c-70f0-4e70-a15d-0b19a1a18c8c', '88b899f2-b7a3-4ebb-a851-1b1f2660b484', '632', 'Otoniel', 'Ricardo-Cenobio', 'male', 34, 'Kalamazoo MI', 'RR356809-149', 'finished'),
    ('f49dc896-fe35-47c3-a8dc-5c4ab8c213df', '88b899f2-b7a3-4ebb-a851-1b1f2660b484', '594', 'Marion', 'Johnson', 'female', 64, 'Michigamme MI', 'RR356809-141', 'finished'),
    ('f4f05c55-92fe-484f-8eee-f4de8e075cb0', '88b899f2-b7a3-4ebb-a851-1b1f2660b484', '618', 'Kiko', 'Silvelet', 'male', NULL, 'Calumet MI', 'RR356809-238', 'finished'),
    ('f5309cd6-d58a-4a94-bf41-153e6a8b5dad', '88b899f2-b7a3-4ebb-a851-1b1f2660b484', '621', 'Tracy', 'Mcintosh', 'female', 54, 'Glidden IA', 'RR356809-270', 'finished'),
    ('887a3441-3152-4cd8-a90d-ce7ca8197ec6', '88b899f2-b7a3-4ebb-a851-1b1f2660b484', '622', 'William', 'Mcintosh', 'male', 64, 'Glidden IA', 'RR356809-271', 'finished'),
    ('22851919-b801-41c8-b820-0ba7583f5c37', '88b899f2-b7a3-4ebb-a851-1b1f2660b484', '595', 'Grace', 'Charnesky', 'female', 27, 'Clarkston MI', 'RR356809-164', 'finished'),
    ('bb04971b-88ea-491c-abb6-c45203d1994c', '0a3fde6c-4fbe-4c21-96ee-7a47fdca836e', '543', 'Ian', 'Halbmaier', 'male', 16, 'New Prague MN', 'RR356809-193', 'finished'),
    ('7e4b9298-cda4-4808-bb11-3bdf7118d297', '0a3fde6c-4fbe-4c21-96ee-7a47fdca836e', '514', 'Wyatt', 'Petrack', 'male', 16, 'Virginia MN', 'RR356809-179', 'finished'),
    ('eaf12941-f8c3-466c-968d-e251a47778f9', '0a3fde6c-4fbe-4c21-96ee-7a47fdca836e', '533', 'Ben', 'Rasmussen', 'male', 16, 'New Prague MN', 'RR356809-202', 'finished'),
    ('2e352858-f8d9-40b7-9561-02532e8391f1', '0a3fde6c-4fbe-4c21-96ee-7a47fdca836e', '552', 'Tj', 'Botten', 'male', NULL, 'Robbinsdale MN', 'RR356809-301', 'finished'),
    ('c2a5f2f1-1671-4dc8-8edd-ef196cc3a6cc', '0a3fde6c-4fbe-4c21-96ee-7a47fdca836e', '515', 'Joey', 'Larson', 'male', 16, 'New Prague MN', 'RR356809-189', 'finished'),
    ('062b93f6-a847-4ac8-97dd-bd9e2bf1875b', '0a3fde6c-4fbe-4c21-96ee-7a47fdca836e', '521', 'Corinne', 'Rubin', 'female', 7, 'Houghton MI', 'RR356809-254', 'finished'),
    ('40c22185-c2ec-4110-ab0c-a349f35ef881', '0a3fde6c-4fbe-4c21-96ee-7a47fdca836e', '538', 'Andy', 'Quick', 'male', 44, 'Davenport IA', 'RR356809-183', 'finished'),
    ('19303858-fd46-45d4-a2f7-edb2f283a844', '0a3fde6c-4fbe-4c21-96ee-7a47fdca836e', '516', 'Justin', 'Jabs', 'male', 7, 'New Prague MN', 'RR356809-206', 'finished'),
    ('257e4d6a-8a40-4103-9527-9a0e85f7da8e', '0a3fde6c-4fbe-4c21-96ee-7a47fdca836e', '502', 'Kenneth', 'Markiewicz', 'male', 34, 'Marquette MI', 'RR356809-199', 'finished'),
    ('2dfa2984-e767-42fe-8455-3aa908ffeada', '0a3fde6c-4fbe-4c21-96ee-7a47fdca836e', '506', 'Lenka', 'Doskocil', 'female', 27, 'Hancock MI', 'RR356809-181', 'finished'),
    ('6d317588-49dc-433b-a919-391b8541756a', '0a3fde6c-4fbe-4c21-96ee-7a47fdca836e', '519', 'Leslie', 'Nagel', 'female', 44, 'Saint Paul MN', 'RR356809-184', 'finished'),
    ('de05b2e7-730c-4f9c-a2c6-2b99cc1e1c76', '0a3fde6c-4fbe-4c21-96ee-7a47fdca836e', '509', 'James', 'Meadow', 'male', 44, 'Duluth MN', 'RR356809-178', 'finished'),
    ('199327fd-319a-4553-813d-7b164c3ea66e', '0a3fde6c-4fbe-4c21-96ee-7a47fdca836e', '504', 'Wesley', 'Gietek', 'male', 44, 'Saint Clair Shores MI', 'RR356809-192', 'finished'),
    ('315be448-48b4-4801-afca-b1d2059ba7a9', '0a3fde6c-4fbe-4c21-96ee-7a47fdca836e', '512', 'Nicholas', 'Jensen', 'male', 34, 'Ferndale MI', 'RR356809-197', 'finished'),
    ('fc5485c4-997c-427a-a031-f8d2e38b2cc1', '0a3fde6c-4fbe-4c21-96ee-7a47fdca836e', '524', 'Judy', 'Olstad', 'female', 54, 'Minneapolis MN', 'RR356809-292', 'finished'),
    ('e5a569b3-ef06-4402-b73a-de1fd4135d78', '0a3fde6c-4fbe-4c21-96ee-7a47fdca836e', '536', 'Landen', 'Zembo', 'male', 7, 'Hermantown MN', 'RR356809-180', 'finished'),
    ('35b5898f-d124-495e-9642-28caf4a8f30d', '0a3fde6c-4fbe-4c21-96ee-7a47fdca836e', '544', 'Nolan', 'Webb', 'male', 7, 'Houghton MI', 'RR356809-203', 'finished'),
    ('fed4727d-3273-46df-a220-d8a21f2830e8', '0a3fde6c-4fbe-4c21-96ee-7a47fdca836e', '534', 'Samantha', 'Rasmussen', 'female', 7, 'New Prague MN', 'RR356809-196', 'finished'),
    ('8af8e889-89b0-4967-990f-84d907c9f9df', '0a3fde6c-4fbe-4c21-96ee-7a47fdca836e', '535', 'Dustin', 'Rasmussen', 'male', 44, 'New Prague MN', 'RR356809-185', 'finished'),
    ('a2028614-68c0-46f2-a61b-5e1c4d0fca3a', '0a3fde6c-4fbe-4c21-96ee-7a47fdca836e', '551', 'Nina', 'Ollis', 'female', 34, 'Houghton MI', 'RR356809-290', 'finished'),
    ('91a82899-8be3-4cfa-97d7-839bbde73007', '0a3fde6c-4fbe-4c21-96ee-7a47fdca836e', '531', 'Adiah', 'Scherman', 'female', 7, 'Elko New Market MN', 'RR356809-190', 'finished'),
    ('15ce77cb-2491-48a1-b9e6-6f4475741a44', '0a3fde6c-4fbe-4c21-96ee-7a47fdca836e', '517', 'Kenneth', 'Lusignan', 'male', 44, 'New Prague MN', 'RR356809-187', 'finished'),
    ('c37fdb7d-dfea-41d9-9e47-5d3660728806', '0a3fde6c-4fbe-4c21-96ee-7a47fdca836e', '518', 'Colette', 'Lusignan', 'female', 7, 'New Prague MN', 'RR356809-205', 'finished'),
    ('51e1c2a6-606d-4119-9ed3-2d1e89c714ed', '0a3fde6c-4fbe-4c21-96ee-7a47fdca836e', '546', 'Jake', 'Ralfs', 'male', 44, 'Davenport IA', 'RR356809-247', 'finished'),
    ('4804c01f-6615-46a1-b3b0-092e4fff1900', '0a3fde6c-4fbe-4c21-96ee-7a47fdca836e', '520', 'Sara', 'Pizziola', 'female', 44, 'Ishpeming MI', 'RR356809-242', 'finished'),
    ('6765f552-c15a-44ec-8301-93ddb2dd0f82', '0a3fde6c-4fbe-4c21-96ee-7a47fdca836e', '513', 'Shelby', 'Meyer', 'female', 34, 'Marquette MI', 'RR356809-194', 'finished'),
    ('745a4805-9359-4492-a488-3ef8ef99b02d', '0a3fde6c-4fbe-4c21-96ee-7a47fdca836e', '501', 'Allan', 'Hilbert', 'male', 64, 'Appleton WI', 'RR356809-188', 'finished'),
    ('2932962f-2221-4b8e-a98a-1199de408674', '0a3fde6c-4fbe-4c21-96ee-7a47fdca836e', '547', 'Corbin', 'Anderson', 'male', 7, 'Hancock MI', 'RR356809-262', 'finished'),
    ('5812f2e0-288a-44ac-9f4e-6897bf20789c', '0a3fde6c-4fbe-4c21-96ee-7a47fdca836e', '523', 'Orson', 'Rea', 'male', 7, 'Calumet MI', 'RR356809-291', 'finished'),
    ('0ce4be95-20f3-4977-bb32-192d28504a1f', '0a3fde6c-4fbe-4c21-96ee-7a47fdca836e', '522', 'Anjila', 'Rea', 'female', 44, 'Calumet MI', 'RR356809-288', 'finished'),
    ('10ef2b22-9d74-4d77-8229-11846d00eaf8', '0a3fde6c-4fbe-4c21-96ee-7a47fdca836e', '553', 'Gerard', 'Meyer', 'male', 7, 'Chassell MI', 'RR356809-314', 'finished'),
    ('fadc2404-5ad4-4f27-869b-ff484d26ccae', '0a3fde6c-4fbe-4c21-96ee-7a47fdca836e', '525', 'Matthew', 'Meyer', 'male', 34, 'Chassell MI', 'RR356809-313', 'finished'),
    ('62a3e044-1e26-4b42-ab98-4c0ea8702ce3', '0a3fde6c-4fbe-4c21-96ee-7a47fdca836e', '511', 'Oliver', 'Hensch', 'male', 7, 'Duluth MN', 'RR356809-207', 'finished'),
    ('78097879-5ecf-4881-b44a-e69f73d9e150', '0a3fde6c-4fbe-4c21-96ee-7a47fdca836e', '510', 'Josh', 'Hensch', 'male', 44, 'Duluth MN', 'RR356809-201', 'finished'),
    ('c228a97a-0323-4a63-a54d-4c5f5ddd4497', '0a3fde6c-4fbe-4c21-96ee-7a47fdca836e', '545', 'Ryan', 'Pizziola', 'male', 44, 'Ishpeming MI', 'RR356809-241', 'finished'),
    ('aedc2e8e-af05-4228-9cca-0c268c070182', '0a3fde6c-4fbe-4c21-96ee-7a47fdca836e', '550', 'Hazel', 'Johnson', 'female', 7, 'Chassell MI', 'RR356809-281', 'finished'),
    ('313769bb-0927-4aae-9087-595a88007cdb', '0a3fde6c-4fbe-4c21-96ee-7a47fdca836e', '549', 'Owen', 'Johnson', 'male', 7, 'Chassell MI', 'RR356809-283', 'finished'),
    ('3b77e566-e587-4985-aeca-b5611916f209', '0a3fde6c-4fbe-4c21-96ee-7a47fdca836e', '548', 'Jared', 'Johnson', 'male', 44, 'Chassell MI', 'RR356809-282', 'finished'),
    ('633e6d38-cf1a-4135-be92-80e4ce3829f9', '0a3fde6c-4fbe-4c21-96ee-7a47fdca836e', '539', 'Melody', 'Schievink', 'female', 34, 'Grand Rapids MI', 'RR356809-209', 'finished'),
    ('18f0ca6d-ecf3-4adb-aaa8-915ff87151e2', '0a3fde6c-4fbe-4c21-96ee-7a47fdca836e', '503', 'Piper', 'Gietek', 'female', 7, 'Saint Clair Shores MI', 'RR356809-191', 'finished'),
    ('53749ac6-c993-4237-8ad9-969ac73273b1', '0a3fde6c-4fbe-4c21-96ee-7a47fdca836e', '540', 'Larisa', 'Applegate', 'female', 34, 'Cottage Grove MN', 'RR356809-198', 'finished'),
    ('7c5f647f-9a01-43a3-9ff7-489126a37474', '0a3fde6c-4fbe-4c21-96ee-7a47fdca836e', '532', 'Laurie', 'Terhune', 'female', 64, 'Traverse City MI', 'RR356809-208', 'finished'),
    ('d5a74b74-b895-4dd6-b5d0-5f98cd05682b', '0a3fde6c-4fbe-4c21-96ee-7a47fdca836e', '541', 'Efrain', 'Munoz Munoz', 'male', 34, 'Hancock MI', 'RR356809-182', 'finished'),
    ('2a88dcdf-6a54-4df2-921a-171f0f0eb6d0', '0a3fde6c-4fbe-4c21-96ee-7a47fdca836e', '542', 'Greta', 'Munoz', 'female', 7, 'Hancock MI', 'RR356809-204', 'finished');

INSERT INTO timing_records (id, participant_id, checkpoint_id, timestamp, local_timestamp, device_id, sync_status)
VALUES
    ('4d9226c4-bec6-4918-af02-4eae47fe4ac2', 'cfd502e6-d7dd-4822-887a-433ee89593fd', '6df1c46f-ff69-4e39-aeda-6b5ced717305', '2025-08-30 10:00:00', '2025-08-30 10:00:00', 'RR-START', 'synced'),
    ('27c14b95-9901-44cb-b3b2-fa1908d5e3b5', 'cfd502e6-d7dd-4822-887a-433ee89593fd', 'cff9eda5-c2e2-4ba6-a285-c9847944ae4b', '2025-08-30 12:10:29', '2025-08-30 12:10:29', 'RR-FINISH', 'synced'),
    ('38dea746-aa3a-407d-984d-4fafd29a9063', 'c1c1b27c-deb5-49a2-be51-25f1bf0345b7', '6df1c46f-ff69-4e39-aeda-6b5ced717305', '2025-08-30 10:00:00', '2025-08-30 10:00:00', 'RR-START', 'synced'),
    ('e6fe610d-ef18-4354-8b47-f568198949e7', 'c1c1b27c-deb5-49a2-be51-25f1bf0345b7', 'cff9eda5-c2e2-4ba6-a285-c9847944ae4b', '2025-08-30 12:13:15', '2025-08-30 12:13:15', 'RR-FINISH', 'synced'),
    ('d38a57b2-4602-4b79-b80a-71db74c33f19', '981c672a-8a92-4e90-a419-b68a17dbc5bd', '6df1c46f-ff69-4e39-aeda-6b5ced717305', '2025-08-30 10:00:00', '2025-08-30 10:00:00', 'RR-START', 'synced'),
    ('0626eca4-6a24-4143-bfa3-8d1c6727fb1a', '981c672a-8a92-4e90-a419-b68a17dbc5bd', 'cff9eda5-c2e2-4ba6-a285-c9847944ae4b', '2025-08-30 12:17:26', '2025-08-30 12:17:26', 'RR-FINISH', 'synced'),
    ('543ef2db-6797-405f-8547-06f0ca123f8e', '43a05327-d26d-4546-843c-847a67402b67', '6df1c46f-ff69-4e39-aeda-6b5ced717305', '2025-08-30 10:00:00', '2025-08-30 10:00:00', 'RR-START', 'synced'),
    ('31d3c27c-2b3f-4d98-a2c2-f790638b81fc', '43a05327-d26d-4546-843c-847a67402b67', 'cff9eda5-c2e2-4ba6-a285-c9847944ae4b', '2025-08-30 12:18:07', '2025-08-30 12:18:07', 'RR-FINISH', 'synced'),
    ('f0445f11-e8a9-4963-be3e-d4b7a3e7c081', '3c309c04-37ce-4564-b0ec-156a89434d76', '6df1c46f-ff69-4e39-aeda-6b5ced717305', '2025-08-30 10:00:00', '2025-08-30 10:00:00', 'RR-START', 'synced'),
    ('770158d7-076a-4c15-acbc-9450e65aa826', '3c309c04-37ce-4564-b0ec-156a89434d76', 'cff9eda5-c2e2-4ba6-a285-c9847944ae4b', '2025-08-30 12:21:12', '2025-08-30 12:21:12', 'RR-FINISH', 'synced'),
    ('fb015aea-75c9-451e-b035-93cd98dd5847', 'fce50a72-f28b-4eb4-b305-3cb397c0b976', '6df1c46f-ff69-4e39-aeda-6b5ced717305', '2025-08-30 10:00:00', '2025-08-30 10:00:00', 'RR-START', 'synced'),
    ('eae1b54a-8935-4f2e-ac9c-f5400b3d49db', 'fce50a72-f28b-4eb4-b305-3cb397c0b976', 'cff9eda5-c2e2-4ba6-a285-c9847944ae4b', '2025-08-30 12:21:18', '2025-08-30 12:21:18', 'RR-FINISH', 'synced'),
    ('a2b9d506-cd27-4d76-af62-0aafca934e05', '050c8ce4-0f86-4905-b47d-a44c1fb3f5a7', '6df1c46f-ff69-4e39-aeda-6b5ced717305', '2025-08-30 10:00:00', '2025-08-30 10:00:00', 'RR-START', 'synced'),
    ('45f80516-d069-41b9-a573-b1b71ddd823b', '050c8ce4-0f86-4905-b47d-a44c1fb3f5a7', 'cff9eda5-c2e2-4ba6-a285-c9847944ae4b', '2025-08-30 12:22:15', '2025-08-30 12:22:15', 'RR-FINISH', 'synced'),
    ('30856655-bd6b-4934-b6fd-c5bb462503dd', 'ae8f6a7d-ebb9-4008-bd56-bd7e27ae66f8', '6df1c46f-ff69-4e39-aeda-6b5ced717305', '2025-08-30 10:00:00', '2025-08-30 10:00:00', 'RR-START', 'synced'),
    ('34cf664f-d086-4a98-8a3f-180992709a71', 'ae8f6a7d-ebb9-4008-bd56-bd7e27ae66f8', 'cff9eda5-c2e2-4ba6-a285-c9847944ae4b', '2025-08-30 12:22:25', '2025-08-30 12:22:25', 'RR-FINISH', 'synced'),
    ('942dfb68-13b7-4f6c-b17c-f4c1f372dfaf', 'bb13b2f7-ac9e-484d-8879-412394f88118', '6df1c46f-ff69-4e39-aeda-6b5ced717305', '2025-08-30 10:00:00', '2025-08-30 10:00:00', 'RR-START', 'synced'),
    ('bac38256-800f-4e89-ad5f-08727c99c2ad', 'bb13b2f7-ac9e-484d-8879-412394f88118', 'cff9eda5-c2e2-4ba6-a285-c9847944ae4b', '2025-08-30 12:25:25', '2025-08-30 12:25:25', 'RR-FINISH', 'synced'),
    ('7fb42040-1413-4922-848e-43eb9e6ebb2c', '57b473f7-bc53-43be-917f-d204eac8410a', '6df1c46f-ff69-4e39-aeda-6b5ced717305', '2025-08-30 10:00:00', '2025-08-30 10:00:00', 'RR-START', 'synced'),
    ('dbf4feac-5aac-4c66-ad59-8b6402ecddfb', '57b473f7-bc53-43be-917f-d204eac8410a', 'cff9eda5-c2e2-4ba6-a285-c9847944ae4b', '2025-08-30 12:26:08', '2025-08-30 12:26:08', 'RR-FINISH', 'synced'),
    ('47241395-99b5-4950-9e94-44e907de5341', '1469f2ab-9ccd-43c1-bd65-729032648511', '6df1c46f-ff69-4e39-aeda-6b5ced717305', '2025-08-30 10:00:00', '2025-08-30 10:00:00', 'RR-START', 'synced'),
    ('008cb4b6-bb23-438a-9a3f-cc286beb774b', '1469f2ab-9ccd-43c1-bd65-729032648511', 'cff9eda5-c2e2-4ba6-a285-c9847944ae4b', '2025-08-30 12:26:10', '2025-08-30 12:26:10', 'RR-FINISH', 'synced'),
    ('de491b56-663a-4cb5-b3ea-d3ea1f3ad31a', '6e8f8ef4-739b-4c45-8fb4-f57b91d29bfb', '6df1c46f-ff69-4e39-aeda-6b5ced717305', '2025-08-30 10:00:00', '2025-08-30 10:00:00', 'RR-START', 'synced'),
    ('bb8c7fc4-1f17-44ee-82f1-3ace273af015', '6e8f8ef4-739b-4c45-8fb4-f57b91d29bfb', 'cff9eda5-c2e2-4ba6-a285-c9847944ae4b', '2025-08-30 12:27:35', '2025-08-30 12:27:35', 'RR-FINISH', 'synced'),
    ('619e381f-aa65-4766-b05c-b75ed94e880a', 'df3390aa-cb0f-43e6-806f-19c6b3cc34f3', '6df1c46f-ff69-4e39-aeda-6b5ced717305', '2025-08-30 10:00:00', '2025-08-30 10:00:00', 'RR-START', 'synced'),
    ('261f34c4-dc38-48a7-97ae-fc2e23c47660', 'df3390aa-cb0f-43e6-806f-19c6b3cc34f3', 'cff9eda5-c2e2-4ba6-a285-c9847944ae4b', '2025-08-30 12:27:52', '2025-08-30 12:27:52', 'RR-FINISH', 'synced'),
    ('cca80365-aff2-4827-99f4-07f7a257e298', '5d9ea87c-6d5c-4593-aaa7-42fe425a9a2e', '6df1c46f-ff69-4e39-aeda-6b5ced717305', '2025-08-30 10:00:00', '2025-08-30 10:00:00', 'RR-START', 'synced'),
    ('72c82bee-b404-4998-a3ff-a0f99427a323', '5d9ea87c-6d5c-4593-aaa7-42fe425a9a2e', 'cff9eda5-c2e2-4ba6-a285-c9847944ae4b', '2025-08-30 12:28:05', '2025-08-30 12:28:05', 'RR-FINISH', 'synced'),
    ('edd11a00-e757-4689-9949-e4b16a94a59f', 'bb116c5c-280e-47a5-ba5f-14a0401403bd', '6df1c46f-ff69-4e39-aeda-6b5ced717305', '2025-08-30 10:00:00', '2025-08-30 10:00:00', 'RR-START', 'synced'),
    ('c273437a-3bc5-4391-b154-e2409ac0abf4', 'bb116c5c-280e-47a5-ba5f-14a0401403bd', 'cff9eda5-c2e2-4ba6-a285-c9847944ae4b', '2025-08-30 12:28:13', '2025-08-30 12:28:13', 'RR-FINISH', 'synced'),
    ('0e728cc0-3a2d-45d7-9930-f9832524b52e', '968859ca-3884-48d9-8bbe-58f5e966e861', '6df1c46f-ff69-4e39-aeda-6b5ced717305', '2025-08-30 10:00:00', '2025-08-30 10:00:00', 'RR-START', 'synced'),
    ('6ee3aad6-aa44-4945-9cf8-c0e7227ba30b', '968859ca-3884-48d9-8bbe-58f5e966e861', 'cff9eda5-c2e2-4ba6-a285-c9847944ae4b', '2025-08-30 12:30:57', '2025-08-30 12:30:57', 'RR-FINISH', 'synced'),
    ('d2c073ec-c5df-46c0-9931-1802ae086c1a', '2b0e093c-a02f-409a-80b8-5d94a41a3c95', '6df1c46f-ff69-4e39-aeda-6b5ced717305', '2025-08-30 10:00:00', '2025-08-30 10:00:00', 'RR-START', 'synced'),
    ('de603302-7f92-4736-982d-396bb111e878', '2b0e093c-a02f-409a-80b8-5d94a41a3c95', 'cff9eda5-c2e2-4ba6-a285-c9847944ae4b', '2025-08-30 12:31:16', '2025-08-30 12:31:16', 'RR-FINISH', 'synced'),
    ('28a6c48f-ad11-4ce0-8b18-baa4c2770e72', '2e824f7a-e448-4bec-9241-1a2cd2e6497e', '6df1c46f-ff69-4e39-aeda-6b5ced717305', '2025-08-30 10:00:00', '2025-08-30 10:00:00', 'RR-START', 'synced'),
    ('779828db-8059-4841-8b6a-604d3339915b', '2e824f7a-e448-4bec-9241-1a2cd2e6497e', 'cff9eda5-c2e2-4ba6-a285-c9847944ae4b', '2025-08-30 12:31:23', '2025-08-30 12:31:23', 'RR-FINISH', 'synced'),
    ('fdecbdc0-a068-4816-a4e0-c097478204f2', 'dc2e26cc-bb2d-4e46-bd56-0c1c0354b617', '6df1c46f-ff69-4e39-aeda-6b5ced717305', '2025-08-30 10:00:00', '2025-08-30 10:00:00', 'RR-START', 'synced'),
    ('90bda749-76f9-48de-8293-99ea141afdfd', 'dc2e26cc-bb2d-4e46-bd56-0c1c0354b617', 'cff9eda5-c2e2-4ba6-a285-c9847944ae4b', '2025-08-30 12:31:51', '2025-08-30 12:31:51', 'RR-FINISH', 'synced'),
    ('b3d1d878-1c9e-4500-9aac-4a7c83ac7434', '8e24c164-c3ff-45a7-8eee-1233df3a111d', '6df1c46f-ff69-4e39-aeda-6b5ced717305', '2025-08-30 10:00:00', '2025-08-30 10:00:00', 'RR-START', 'synced'),
    ('5939050b-cc40-4964-a6d5-c6ee68d27038', '8e24c164-c3ff-45a7-8eee-1233df3a111d', 'cff9eda5-c2e2-4ba6-a285-c9847944ae4b', '2025-08-30 12:32:35', '2025-08-30 12:32:35', 'RR-FINISH', 'synced'),
    ('b1626c84-e4bb-4928-88da-e1081b478e7d', 'f0d4dae4-4498-4aa4-aaee-682e4fb23d8c', '6df1c46f-ff69-4e39-aeda-6b5ced717305', '2025-08-30 10:00:00', '2025-08-30 10:00:00', 'RR-START', 'synced'),
    ('7af1b45f-d86b-459e-bb6f-6296cc0680e3', 'f0d4dae4-4498-4aa4-aaee-682e4fb23d8c', 'cff9eda5-c2e2-4ba6-a285-c9847944ae4b', '2025-08-30 12:32:37', '2025-08-30 12:32:37', 'RR-FINISH', 'synced'),
    ('94631f32-7782-4d2f-9c53-884f75204ff3', '2c30e3de-b523-4922-b662-32a73c2ddf7a', '6df1c46f-ff69-4e39-aeda-6b5ced717305', '2025-08-30 10:00:00', '2025-08-30 10:00:00', 'RR-START', 'synced'),
    ('9e7be5a2-441f-40a3-862b-8eec58987407', '2c30e3de-b523-4922-b662-32a73c2ddf7a', 'cff9eda5-c2e2-4ba6-a285-c9847944ae4b', '2025-08-30 12:35:21', '2025-08-30 12:35:21', 'RR-FINISH', 'synced'),
    ('05977801-e49f-44c5-b2b6-8ef9988833f8', 'b3808b6d-c983-4699-91f3-e811dc160598', '6df1c46f-ff69-4e39-aeda-6b5ced717305', '2025-08-30 10:00:00', '2025-08-30 10:00:00', 'RR-START', 'synced'),
    ('85194ec7-bcb7-432a-8376-4b5d411619d5', 'b3808b6d-c983-4699-91f3-e811dc160598', 'cff9eda5-c2e2-4ba6-a285-c9847944ae4b', '2025-08-30 12:36:05', '2025-08-30 12:36:05', 'RR-FINISH', 'synced'),
    ('fc10e362-c929-4b14-8d01-8a978144e323', 'df9250f5-2f64-49c1-a0f9-46293a677ce9', '6df1c46f-ff69-4e39-aeda-6b5ced717305', '2025-08-30 10:00:00', '2025-08-30 10:00:00', 'RR-START', 'synced'),
    ('abff907f-1382-4982-be94-88f8a4b3f9a2', 'df9250f5-2f64-49c1-a0f9-46293a677ce9', 'cff9eda5-c2e2-4ba6-a285-c9847944ae4b', '2025-08-30 12:37:22', '2025-08-30 12:37:22', 'RR-FINISH', 'synced'),
    ('e44cecf8-c7c7-4f98-98ef-74d599dfa990', 'c5ea8069-c41a-41b4-95f0-9b346524c530', '6df1c46f-ff69-4e39-aeda-6b5ced717305', '2025-08-30 10:00:00', '2025-08-30 10:00:00', 'RR-START', 'synced'),
    ('0b05fc8a-a724-4f5d-903b-0b65a06d9214', 'c5ea8069-c41a-41b4-95f0-9b346524c530', 'cff9eda5-c2e2-4ba6-a285-c9847944ae4b', '2025-08-30 12:37:57', '2025-08-30 12:37:57', 'RR-FINISH', 'synced'),
    ('3935a37a-237a-4b2a-8a3b-343578b7c874', '0dff0afd-b356-4f39-8ddc-fc3f28b4c9cd', '6df1c46f-ff69-4e39-aeda-6b5ced717305', '2025-08-30 10:00:00', '2025-08-30 10:00:00', 'RR-START', 'synced'),
    ('59100bc3-9cbc-4adf-b870-0ef7ab5ca7b1', '0dff0afd-b356-4f39-8ddc-fc3f28b4c9cd', 'cff9eda5-c2e2-4ba6-a285-c9847944ae4b', '2025-08-30 12:40:25', '2025-08-30 12:40:25', 'RR-FINISH', 'synced'),
    ('de97d475-7240-4de8-8e87-c25b0618a419', '390b3a22-7671-455d-8709-b031fc976a71', '6df1c46f-ff69-4e39-aeda-6b5ced717305', '2025-08-30 10:00:00', '2025-08-30 10:00:00', 'RR-START', 'synced'),
    ('a3fd693b-7e65-428c-9f04-d0252e39460b', '390b3a22-7671-455d-8709-b031fc976a71', 'cff9eda5-c2e2-4ba6-a285-c9847944ae4b', '2025-08-30 12:40:26', '2025-08-30 12:40:26', 'RR-FINISH', 'synced'),
    ('7071926b-8689-427c-b2ca-6ef81fdbc792', '795506dd-bc79-477f-a232-ec1cad37d5ca', '6df1c46f-ff69-4e39-aeda-6b5ced717305', '2025-08-30 10:00:00', '2025-08-30 10:00:00', 'RR-START', 'synced'),
    ('35bd3bc8-bd63-468f-9f19-abc1c79cf2f2', '795506dd-bc79-477f-a232-ec1cad37d5ca', 'cff9eda5-c2e2-4ba6-a285-c9847944ae4b', '2025-08-30 12:40:31', '2025-08-30 12:40:31', 'RR-FINISH', 'synced'),
    ('46551f04-e996-4123-80a7-b6d261b6fcb7', '51306dd3-0762-47ee-81ab-728b51ec07d8', '6df1c46f-ff69-4e39-aeda-6b5ced717305', '2025-08-30 10:00:00', '2025-08-30 10:00:00', 'RR-START', 'synced'),
    ('1e250395-8663-4f68-9575-314ba57b0fe2', '51306dd3-0762-47ee-81ab-728b51ec07d8', 'cff9eda5-c2e2-4ba6-a285-c9847944ae4b', '2025-08-30 12:41:26', '2025-08-30 12:41:26', 'RR-FINISH', 'synced'),
    ('1b27db69-4acd-47a1-b9b3-4bb2aa31f94b', '94f99a96-d0e3-419a-9689-6110d25d0280', '6df1c46f-ff69-4e39-aeda-6b5ced717305', '2025-08-30 10:00:00', '2025-08-30 10:00:00', 'RR-START', 'synced'),
    ('2c62f7c4-2f5e-4373-9088-9d6439bfc3e8', '94f99a96-d0e3-419a-9689-6110d25d0280', 'cff9eda5-c2e2-4ba6-a285-c9847944ae4b', '2025-08-30 12:43:33', '2025-08-30 12:43:33', 'RR-FINISH', 'synced'),
    ('2dfb7f18-a2e5-46a4-b0c7-d6c72c6efd13', 'ce1562ab-25ba-432d-98cc-da64449d2d55', '6df1c46f-ff69-4e39-aeda-6b5ced717305', '2025-08-30 10:00:00', '2025-08-30 10:00:00', 'RR-START', 'synced'),
    ('008232f3-271c-4499-9f09-87c2541593e5', 'ce1562ab-25ba-432d-98cc-da64449d2d55', 'cff9eda5-c2e2-4ba6-a285-c9847944ae4b', '2025-08-30 12:44:06', '2025-08-30 12:44:06', 'RR-FINISH', 'synced'),
    ('4998b516-e97e-4f7a-b1a1-9f7e064bbaf7', '3575f78e-f327-4603-b171-6d7f957a91f8', '6df1c46f-ff69-4e39-aeda-6b5ced717305', '2025-08-30 10:00:00', '2025-08-30 10:00:00', 'RR-START', 'synced'),
    ('be8b2eeb-670b-4dc5-9d08-27b5885a30ec', '3575f78e-f327-4603-b171-6d7f957a91f8', 'cff9eda5-c2e2-4ba6-a285-c9847944ae4b', '2025-08-30 12:44:28', '2025-08-30 12:44:28', 'RR-FINISH', 'synced'),
    ('45130bdb-2d0a-477c-9f4c-fa034b54603a', '998d88d1-b897-4892-b7f9-b323b77cff41', '6df1c46f-ff69-4e39-aeda-6b5ced717305', '2025-08-30 10:00:00', '2025-08-30 10:00:00', 'RR-START', 'synced'),
    ('08a3bb72-f728-4ebe-9a0a-9f4ace5e5191', '998d88d1-b897-4892-b7f9-b323b77cff41', 'cff9eda5-c2e2-4ba6-a285-c9847944ae4b', '2025-08-30 12:45:12', '2025-08-30 12:45:12', 'RR-FINISH', 'synced'),
    ('259d84b7-49a9-4d4f-968b-7091a1ba30f5', 'ce2213b0-095a-47df-9791-22ea36721d88', '6df1c46f-ff69-4e39-aeda-6b5ced717305', '2025-08-30 10:00:00', '2025-08-30 10:00:00', 'RR-START', 'synced'),
    ('c5348471-5ae8-4daf-8429-c9f263aeb168', 'ce2213b0-095a-47df-9791-22ea36721d88', 'cff9eda5-c2e2-4ba6-a285-c9847944ae4b', '2025-08-30 12:45:25', '2025-08-30 12:45:25', 'RR-FINISH', 'synced'),
    ('cb2eba15-f1c5-468b-8f57-f6487b7d856f', '3f6f3561-75b3-4715-afc0-a03536a50aff', '6df1c46f-ff69-4e39-aeda-6b5ced717305', '2025-08-30 10:00:00', '2025-08-30 10:00:00', 'RR-START', 'synced'),
    ('f6b60803-cb38-4b14-af59-1de77b10d99c', '3f6f3561-75b3-4715-afc0-a03536a50aff', 'cff9eda5-c2e2-4ba6-a285-c9847944ae4b', '2025-08-30 12:46:00', '2025-08-30 12:46:00', 'RR-FINISH', 'synced'),
    ('5f478ff5-9aa6-40bf-9ad0-84844b713963', 'ea43a550-c62f-4da2-9af9-388419f80d7c', '6df1c46f-ff69-4e39-aeda-6b5ced717305', '2025-08-30 10:00:00', '2025-08-30 10:00:00', 'RR-START', 'synced'),
    ('186936d6-854f-46d1-a316-bb949de306a8', 'ea43a550-c62f-4da2-9af9-388419f80d7c', 'cff9eda5-c2e2-4ba6-a285-c9847944ae4b', '2025-08-30 12:48:23', '2025-08-30 12:48:23', 'RR-FINISH', 'synced'),
    ('310f0010-a136-491e-a3c5-f1cb9cb556ad', '4bb4d804-c043-49a9-a314-43974dd9be42', '6df1c46f-ff69-4e39-aeda-6b5ced717305', '2025-08-30 10:00:00', '2025-08-30 10:00:00', 'RR-START', 'synced'),
    ('11fe0ae1-cb7e-4762-97b7-b1c8aabf5195', '4bb4d804-c043-49a9-a314-43974dd9be42', 'cff9eda5-c2e2-4ba6-a285-c9847944ae4b', '2025-08-30 12:48:35', '2025-08-30 12:48:35', 'RR-FINISH', 'synced'),
    ('9c36460c-ac46-4933-a08d-1dd9fce65215', 'b02ce41b-d537-4a96-a232-372b29d0db53', '6df1c46f-ff69-4e39-aeda-6b5ced717305', '2025-08-30 10:00:00', '2025-08-30 10:00:00', 'RR-START', 'synced'),
    ('15b43f23-40f9-4a23-ac46-a74c676f27ba', 'b02ce41b-d537-4a96-a232-372b29d0db53', 'cff9eda5-c2e2-4ba6-a285-c9847944ae4b', '2025-08-30 12:49:36', '2025-08-30 12:49:36', 'RR-FINISH', 'synced'),
    ('c5bb5741-bcdd-4333-9ad3-433ab7e0d7ae', '580b112c-a18c-411b-a5ae-8540b92a067e', '6df1c46f-ff69-4e39-aeda-6b5ced717305', '2025-08-30 10:00:00', '2025-08-30 10:00:00', 'RR-START', 'synced'),
    ('9782e20c-a054-4870-98c9-54db9c2461d3', '580b112c-a18c-411b-a5ae-8540b92a067e', 'cff9eda5-c2e2-4ba6-a285-c9847944ae4b', '2025-08-30 12:49:37', '2025-08-30 12:49:37', 'RR-FINISH', 'synced'),
    ('9fafb7f5-6e64-4f4f-a9a7-f7cfeea95112', '3e6a3872-22c9-4a4a-879c-1cceaea3520c', '6df1c46f-ff69-4e39-aeda-6b5ced717305', '2025-08-30 10:00:00', '2025-08-30 10:00:00', 'RR-START', 'synced'),
    ('cc2c4499-8d25-4eb1-904e-1d67a2a3dbd4', '3e6a3872-22c9-4a4a-879c-1cceaea3520c', 'cff9eda5-c2e2-4ba6-a285-c9847944ae4b', '2025-08-30 12:49:59', '2025-08-30 12:49:59', 'RR-FINISH', 'synced'),
    ('f48d092f-e877-4490-ae28-4b2c4ded40e2', '35595ae0-5f27-48f4-8748-b07b6db6f73f', '6df1c46f-ff69-4e39-aeda-6b5ced717305', '2025-08-30 10:00:00', '2025-08-30 10:00:00', 'RR-START', 'synced'),
    ('b965801a-4f60-413d-a9ce-f75391030577', '35595ae0-5f27-48f4-8748-b07b6db6f73f', 'cff9eda5-c2e2-4ba6-a285-c9847944ae4b', '2025-08-30 12:50:10', '2025-08-30 12:50:10', 'RR-FINISH', 'synced'),
    ('c1f8d93c-7648-438d-9add-698290632159', '2e19c1c6-654e-4be8-93d2-cd5cde4e1bda', '6df1c46f-ff69-4e39-aeda-6b5ced717305', '2025-08-30 10:00:00', '2025-08-30 10:00:00', 'RR-START', 'synced'),
    ('f5f902e0-ced6-4b33-a22f-e0e93a5870e7', '2e19c1c6-654e-4be8-93d2-cd5cde4e1bda', 'cff9eda5-c2e2-4ba6-a285-c9847944ae4b', '2025-08-30 12:51:43', '2025-08-30 12:51:43', 'RR-FINISH', 'synced'),
    ('f3a7666c-ed5a-4bfe-a615-8462027fc03b', '008be34a-6344-4d5b-af9a-3c221edf0d78', '6df1c46f-ff69-4e39-aeda-6b5ced717305', '2025-08-30 10:00:00', '2025-08-30 10:00:00', 'RR-START', 'synced'),
    ('8799c412-41dd-4002-93c6-5282248d5edc', '008be34a-6344-4d5b-af9a-3c221edf0d78', 'cff9eda5-c2e2-4ba6-a285-c9847944ae4b', '2025-08-30 12:54:17', '2025-08-30 12:54:17', 'RR-FINISH', 'synced'),
    ('077c7686-4ae8-4bb6-9f20-376f8cfd3e61', '8dab5af4-cd20-4b87-a49f-43bc291470c6', '6df1c46f-ff69-4e39-aeda-6b5ced717305', '2025-08-30 10:00:00', '2025-08-30 10:00:00', 'RR-START', 'synced'),
    ('b197ac98-889f-4bf9-952c-b7db92331cac', '8dab5af4-cd20-4b87-a49f-43bc291470c6', 'cff9eda5-c2e2-4ba6-a285-c9847944ae4b', '2025-08-30 12:54:18', '2025-08-30 12:54:18', 'RR-FINISH', 'synced'),
    ('074c506c-f556-489c-b7e5-05ef724b8586', '87121607-4a7e-4906-a05a-5bca6f2daff7', '6df1c46f-ff69-4e39-aeda-6b5ced717305', '2025-08-30 10:00:00', '2025-08-30 10:00:00', 'RR-START', 'synced'),
    ('392f07d5-7402-4f60-9f86-902964ee44c9', '87121607-4a7e-4906-a05a-5bca6f2daff7', 'cff9eda5-c2e2-4ba6-a285-c9847944ae4b', '2025-08-30 12:54:34', '2025-08-30 12:54:34', 'RR-FINISH', 'synced'),
    ('0a21655f-2d32-4f90-8f3f-ade1f23ca4aa', 'be970839-fb83-4d29-b4c2-1a13e460426c', '6df1c46f-ff69-4e39-aeda-6b5ced717305', '2025-08-30 10:00:00', '2025-08-30 10:00:00', 'RR-START', 'synced'),
    ('bdce1ed8-7d62-4d55-8d0f-c9e602c52493', 'be970839-fb83-4d29-b4c2-1a13e460426c', 'cff9eda5-c2e2-4ba6-a285-c9847944ae4b', '2025-08-30 12:54:57', '2025-08-30 12:54:57', 'RR-FINISH', 'synced'),
    ('3970a282-3b0c-4994-bd2c-50971b18c40d', 'e262403e-06a8-44d7-8e1e-20a3ce42d011', '6df1c46f-ff69-4e39-aeda-6b5ced717305', '2025-08-30 10:00:00', '2025-08-30 10:00:00', 'RR-START', 'synced'),
    ('27354703-d259-4524-b006-eb1280860019', 'e262403e-06a8-44d7-8e1e-20a3ce42d011', 'cff9eda5-c2e2-4ba6-a285-c9847944ae4b', '2025-08-30 12:55:18', '2025-08-30 12:55:18', 'RR-FINISH', 'synced'),
    ('540d2bb5-396f-41ce-8e50-24f4cb3ce12c', '4d31e87c-6961-4cf1-b1e5-6e1392baf755', '6df1c46f-ff69-4e39-aeda-6b5ced717305', '2025-08-30 10:00:00', '2025-08-30 10:00:00', 'RR-START', 'synced'),
    ('687af3fe-b6b2-4377-8e10-cac275095a21', '4d31e87c-6961-4cf1-b1e5-6e1392baf755', 'cff9eda5-c2e2-4ba6-a285-c9847944ae4b', '2025-08-30 12:55:39', '2025-08-30 12:55:39', 'RR-FINISH', 'synced'),
    ('b804c29c-4eda-4faa-ae7c-b707f7665924', '30a717d8-e33f-481d-9b08-55438781439f', '6df1c46f-ff69-4e39-aeda-6b5ced717305', '2025-08-30 10:00:00', '2025-08-30 10:00:00', 'RR-START', 'synced'),
    ('6e8e9d90-6d06-4232-acb1-97d765e2bb52', '30a717d8-e33f-481d-9b08-55438781439f', 'cff9eda5-c2e2-4ba6-a285-c9847944ae4b', '2025-08-30 12:56:13', '2025-08-30 12:56:13', 'RR-FINISH', 'synced'),
    ('69f31d1c-8452-4805-9a2e-cf7ce5cceffe', 'dfd7ac77-6369-4e03-bab8-5ac07e98ae12', '6df1c46f-ff69-4e39-aeda-6b5ced717305', '2025-08-30 10:00:00', '2025-08-30 10:00:00', 'RR-START', 'synced'),
    ('a28ab1df-cbf7-4af3-8efd-dcfb3d49a93f', 'dfd7ac77-6369-4e03-bab8-5ac07e98ae12', 'cff9eda5-c2e2-4ba6-a285-c9847944ae4b', '2025-08-30 12:57:08', '2025-08-30 12:57:08', 'RR-FINISH', 'synced'),
    ('5c4225fb-b593-40d8-9aa3-f7d1e38c88c6', 'd99cafec-82cd-4e07-a9d2-f947c17d8c81', '6df1c46f-ff69-4e39-aeda-6b5ced717305', '2025-08-30 10:00:00', '2025-08-30 10:00:00', 'RR-START', 'synced'),
    ('37e15ac3-7ee1-4fb9-86e3-aceb3ef67bdd', 'd99cafec-82cd-4e07-a9d2-f947c17d8c81', 'cff9eda5-c2e2-4ba6-a285-c9847944ae4b', '2025-08-30 12:57:29', '2025-08-30 12:57:29', 'RR-FINISH', 'synced'),
    ('bc8d7280-c12e-439d-b9cf-20261d2aa813', '41563d68-d78f-4be7-bb90-418b9b2e3899', '6df1c46f-ff69-4e39-aeda-6b5ced717305', '2025-08-30 10:00:00', '2025-08-30 10:00:00', 'RR-START', 'synced'),
    ('ebaa68f6-ab17-49f9-889f-63d478ee98ff', '41563d68-d78f-4be7-bb90-418b9b2e3899', 'cff9eda5-c2e2-4ba6-a285-c9847944ae4b', '2025-08-30 12:58:17', '2025-08-30 12:58:17', 'RR-FINISH', 'synced'),
    ('a16be14a-f938-4efa-9d0b-3d4e5a429164', '97ccacb7-50e5-4dac-9842-0b49c23f503a', '6df1c46f-ff69-4e39-aeda-6b5ced717305', '2025-08-30 10:00:00', '2025-08-30 10:00:00', 'RR-START', 'synced'),
    ('17eb005e-2be4-49c0-a337-c35dbe451d36', '97ccacb7-50e5-4dac-9842-0b49c23f503a', 'cff9eda5-c2e2-4ba6-a285-c9847944ae4b', '2025-08-30 12:59:58', '2025-08-30 12:59:58', 'RR-FINISH', 'synced'),
    ('604dd5b0-c20f-4e73-a1dd-df38305a2f99', '2ed48bae-8510-45f6-bc54-1322ce4cb26d', '6df1c46f-ff69-4e39-aeda-6b5ced717305', '2025-08-30 10:00:00', '2025-08-30 10:00:00', 'RR-START', 'synced'),
    ('93ab2bf9-b3bd-4b94-a307-ce5f25a59155', '2ed48bae-8510-45f6-bc54-1322ce4cb26d', 'cff9eda5-c2e2-4ba6-a285-c9847944ae4b', '2025-08-30 13:00:15', '2025-08-30 13:00:15', 'RR-FINISH', 'synced'),
    ('9224cf96-2c29-41c5-bfaf-5e8c4922d075', '382a6d90-0486-4dbf-9ac9-49884a7c839f', '6df1c46f-ff69-4e39-aeda-6b5ced717305', '2025-08-30 10:00:00', '2025-08-30 10:00:00', 'RR-START', 'synced'),
    ('3198c0c1-f33e-4ec7-9992-b6e7f74f3a1b', '382a6d90-0486-4dbf-9ac9-49884a7c839f', 'cff9eda5-c2e2-4ba6-a285-c9847944ae4b', '2025-08-30 13:00:52', '2025-08-30 13:00:52', 'RR-FINISH', 'synced'),
    ('61ae5549-8727-4562-8372-7d188d6d63e4', '704c6513-ac7e-4ce3-8e6f-ba441cb3b04e', '6df1c46f-ff69-4e39-aeda-6b5ced717305', '2025-08-30 10:00:00', '2025-08-30 10:00:00', 'RR-START', 'synced'),
    ('83db3e69-7abb-4a0d-874a-267b15e42213', '704c6513-ac7e-4ce3-8e6f-ba441cb3b04e', 'cff9eda5-c2e2-4ba6-a285-c9847944ae4b', '2025-08-30 13:00:52', '2025-08-30 13:00:52', 'RR-FINISH', 'synced'),
    ('b4c13748-09ad-48fa-aa10-37b1b5ffbf4b', 'e1d7eae5-08e8-4fd0-b5a3-50f39f7823a4', '6df1c46f-ff69-4e39-aeda-6b5ced717305', '2025-08-30 10:00:00', '2025-08-30 10:00:00', 'RR-START', 'synced'),
    ('90a4db46-8fec-4fc4-bbca-a56bb54c46a5', 'e1d7eae5-08e8-4fd0-b5a3-50f39f7823a4', 'cff9eda5-c2e2-4ba6-a285-c9847944ae4b', '2025-08-30 13:01:11', '2025-08-30 13:01:11', 'RR-FINISH', 'synced'),
    ('49d88a96-98e7-4167-b6b8-3446d5cc4930', 'cc946b11-857f-4be4-9cb6-e30b9d13584a', '6df1c46f-ff69-4e39-aeda-6b5ced717305', '2025-08-30 10:00:00', '2025-08-30 10:00:00', 'RR-START', 'synced'),
    ('d37f7e11-f8a9-4a5f-8fca-e9d21ae97fbd', 'cc946b11-857f-4be4-9cb6-e30b9d13584a', 'cff9eda5-c2e2-4ba6-a285-c9847944ae4b', '2025-08-30 13:01:28', '2025-08-30 13:01:28', 'RR-FINISH', 'synced'),
    ('cead5145-fc4a-41f8-92a8-033beb40571b', 'fdd2510b-f7a9-40c3-af6e-98fc91cd4410', '6df1c46f-ff69-4e39-aeda-6b5ced717305', '2025-08-30 10:00:00', '2025-08-30 10:00:00', 'RR-START', 'synced'),
    ('91c81376-8b6a-42fc-9c2f-52799a534602', 'fdd2510b-f7a9-40c3-af6e-98fc91cd4410', 'cff9eda5-c2e2-4ba6-a285-c9847944ae4b', '2025-08-30 13:01:53', '2025-08-30 13:01:53', 'RR-FINISH', 'synced'),
    ('586421ee-c260-41ae-8f85-503bf92888ca', 'b98e4959-c9f0-4ae0-91c3-b9be972b4e97', '6df1c46f-ff69-4e39-aeda-6b5ced717305', '2025-08-30 10:00:00', '2025-08-30 10:00:00', 'RR-START', 'synced'),
    ('1f6a1340-5f4d-449e-8281-9c604ae237cd', 'b98e4959-c9f0-4ae0-91c3-b9be972b4e97', 'cff9eda5-c2e2-4ba6-a285-c9847944ae4b', '2025-08-30 13:02:56', '2025-08-30 13:02:56', 'RR-FINISH', 'synced'),
    ('df622e6a-6f5b-4e22-8df8-1407d40100e9', '63e10edc-ac58-43eb-9d69-efd500237551', '6df1c46f-ff69-4e39-aeda-6b5ced717305', '2025-08-30 10:00:00', '2025-08-30 10:00:00', 'RR-START', 'synced'),
    ('8b4260fd-f817-4a56-9ac2-2fd24b164995', '63e10edc-ac58-43eb-9d69-efd500237551', 'cff9eda5-c2e2-4ba6-a285-c9847944ae4b', '2025-08-30 13:03:15', '2025-08-30 13:03:15', 'RR-FINISH', 'synced'),
    ('d6fc4518-55fa-4fec-b060-93867d3161a3', 'b31027ab-4b3d-4b6d-b1d2-f990787d1bc9', '6df1c46f-ff69-4e39-aeda-6b5ced717305', '2025-08-30 10:00:00', '2025-08-30 10:00:00', 'RR-START', 'synced'),
    ('c1510714-4548-469a-863d-7a19cbfa6a89', 'b31027ab-4b3d-4b6d-b1d2-f990787d1bc9', 'cff9eda5-c2e2-4ba6-a285-c9847944ae4b', '2025-08-30 13:04:04', '2025-08-30 13:04:04', 'RR-FINISH', 'synced'),
    ('341c3435-4b90-4344-ab56-d87362f4e702', '5f3dbd8b-8319-494f-bd5f-f0ad48385c51', '6df1c46f-ff69-4e39-aeda-6b5ced717305', '2025-08-30 10:00:00', '2025-08-30 10:00:00', 'RR-START', 'synced'),
    ('9d899e89-92dd-44a3-bc9d-f847c4743599', '5f3dbd8b-8319-494f-bd5f-f0ad48385c51', 'cff9eda5-c2e2-4ba6-a285-c9847944ae4b', '2025-08-30 13:05:14', '2025-08-30 13:05:14', 'RR-FINISH', 'synced'),
    ('f0fede0e-4a39-4a9d-b4b0-0b1d8309eae9', 'f583a2ec-52bc-4992-8513-d4508438ea00', '6df1c46f-ff69-4e39-aeda-6b5ced717305', '2025-08-30 10:00:00', '2025-08-30 10:00:00', 'RR-START', 'synced'),
    ('0f2420d8-3b98-44f1-9730-6ba8bca6e058', 'f583a2ec-52bc-4992-8513-d4508438ea00', 'cff9eda5-c2e2-4ba6-a285-c9847944ae4b', '2025-08-30 13:05:32', '2025-08-30 13:05:32', 'RR-FINISH', 'synced'),
    ('ffb7a01f-6b77-431e-bf1e-22dc29ee6e27', '551b5ee7-3904-4d4f-8358-8fdd21e239b0', '6df1c46f-ff69-4e39-aeda-6b5ced717305', '2025-08-30 10:00:00', '2025-08-30 10:00:00', 'RR-START', 'synced'),
    ('507360b5-f5d0-4283-87b0-d4ef30c62067', '551b5ee7-3904-4d4f-8358-8fdd21e239b0', 'cff9eda5-c2e2-4ba6-a285-c9847944ae4b', '2025-08-30 13:06:08', '2025-08-30 13:06:08', 'RR-FINISH', 'synced'),
    ('bdc99fed-afc7-4676-8dcd-d88be3bd51b0', '0da89e20-5a4b-4245-8b45-1d81a4c8ad39', '6df1c46f-ff69-4e39-aeda-6b5ced717305', '2025-08-30 10:00:00', '2025-08-30 10:00:00', 'RR-START', 'synced'),
    ('1109cb34-2525-4116-90aa-cdfa95f2b4d8', '0da89e20-5a4b-4245-8b45-1d81a4c8ad39', 'cff9eda5-c2e2-4ba6-a285-c9847944ae4b', '2025-08-30 13:06:08', '2025-08-30 13:06:08', 'RR-FINISH', 'synced'),
    ('f0f55e95-3712-4b57-bdd3-57538d4f2e04', '2a0b1977-a88b-4f46-980d-3b3de044e624', '6df1c46f-ff69-4e39-aeda-6b5ced717305', '2025-08-30 10:00:00', '2025-08-30 10:00:00', 'RR-START', 'synced'),
    ('21d4c648-298c-4ec1-b4af-e83c22f0eb3e', '2a0b1977-a88b-4f46-980d-3b3de044e624', 'cff9eda5-c2e2-4ba6-a285-c9847944ae4b', '2025-08-30 13:08:04', '2025-08-30 13:08:04', 'RR-FINISH', 'synced'),
    ('3ea77c13-04fd-438e-8cd1-100c62d1d219', '091fbbd9-dca0-4c20-88ac-be33c90fa949', '6df1c46f-ff69-4e39-aeda-6b5ced717305', '2025-08-30 10:00:00', '2025-08-30 10:00:00', 'RR-START', 'synced'),
    ('ffa94d42-5fe8-45a2-8b5d-75003c1294c5', '091fbbd9-dca0-4c20-88ac-be33c90fa949', 'cff9eda5-c2e2-4ba6-a285-c9847944ae4b', '2025-08-30 13:09:52', '2025-08-30 13:09:52', 'RR-FINISH', 'synced'),
    ('eb730fae-bcc4-47e4-b1d5-3f1516ac4e57', 'b6c93b2f-6936-409e-b712-2e36c76fad09', '6df1c46f-ff69-4e39-aeda-6b5ced717305', '2025-08-30 10:00:00', '2025-08-30 10:00:00', 'RR-START', 'synced'),
    ('773cbeb2-a5f2-4ea9-8856-a1b01eb96aa7', 'b6c93b2f-6936-409e-b712-2e36c76fad09', 'cff9eda5-c2e2-4ba6-a285-c9847944ae4b', '2025-08-30 13:10:24', '2025-08-30 13:10:24', 'RR-FINISH', 'synced'),
    ('97ef90e9-6457-4db4-b90f-60569fb45aa0', '31fdc26a-da85-4ea7-b06b-100e0d165572', '6df1c46f-ff69-4e39-aeda-6b5ced717305', '2025-08-30 10:00:00', '2025-08-30 10:00:00', 'RR-START', 'synced'),
    ('4c9d6918-f536-4843-9c1a-05cfd5c66518', '31fdc26a-da85-4ea7-b06b-100e0d165572', 'cff9eda5-c2e2-4ba6-a285-c9847944ae4b', '2025-08-30 13:10:30', '2025-08-30 13:10:30', 'RR-FINISH', 'synced'),
    ('7087a92e-e2d7-492c-8906-b049b3aedf9f', '467f02e3-0435-4f71-a572-7dcaa826bdcc', '6df1c46f-ff69-4e39-aeda-6b5ced717305', '2025-08-30 10:00:00', '2025-08-30 10:00:00', 'RR-START', 'synced'),
    ('2484b7e9-7826-4e60-819f-64c812ebf3fd', '467f02e3-0435-4f71-a572-7dcaa826bdcc', 'cff9eda5-c2e2-4ba6-a285-c9847944ae4b', '2025-08-30 13:11:27', '2025-08-30 13:11:27', 'RR-FINISH', 'synced'),
    ('477a46f2-9dc7-475d-a764-e109fcd2d714', '7ebc06e4-e980-41a2-9e8e-34c2aa0db6f3', '6df1c46f-ff69-4e39-aeda-6b5ced717305', '2025-08-30 10:00:00', '2025-08-30 10:00:00', 'RR-START', 'synced'),
    ('b260cc3e-3ca3-45be-809e-fca780ad52cc', '7ebc06e4-e980-41a2-9e8e-34c2aa0db6f3', 'cff9eda5-c2e2-4ba6-a285-c9847944ae4b', '2025-08-30 13:12:18', '2025-08-30 13:12:18', 'RR-FINISH', 'synced'),
    ('c5698dc0-0484-4b95-8c15-c734fdc774cc', 'e37f6506-966e-4c41-8051-d01d048ac2e0', '6df1c46f-ff69-4e39-aeda-6b5ced717305', '2025-08-30 10:00:00', '2025-08-30 10:00:00', 'RR-START', 'synced'),
    ('5f003b36-14f0-4d5e-88b0-42a38ab00e45', 'e37f6506-966e-4c41-8051-d01d048ac2e0', 'cff9eda5-c2e2-4ba6-a285-c9847944ae4b', '2025-08-30 13:14:21', '2025-08-30 13:14:21', 'RR-FINISH', 'synced'),
    ('b8c6605c-bcd3-44e4-9689-e0ad37e48fe0', '8e11dfdb-4a07-4364-9cf3-55590dfc98db', '6df1c46f-ff69-4e39-aeda-6b5ced717305', '2025-08-30 10:00:00', '2025-08-30 10:00:00', 'RR-START', 'synced'),
    ('c0b761ad-c55d-4ea5-9ed8-96b42ef5a60e', '8e11dfdb-4a07-4364-9cf3-55590dfc98db', 'cff9eda5-c2e2-4ba6-a285-c9847944ae4b', '2025-08-30 13:14:49', '2025-08-30 13:14:49', 'RR-FINISH', 'synced'),
    ('3b99f904-8ed1-4de3-a611-48788ef0e67f', '36dfbc68-8bac-458e-9bda-e801b16e3fb6', '6df1c46f-ff69-4e39-aeda-6b5ced717305', '2025-08-30 10:00:00', '2025-08-30 10:00:00', 'RR-START', 'synced'),
    ('61ec7844-7229-4800-8bb7-eca0d2eacfbf', '36dfbc68-8bac-458e-9bda-e801b16e3fb6', 'cff9eda5-c2e2-4ba6-a285-c9847944ae4b', '2025-08-30 13:14:50', '2025-08-30 13:14:50', 'RR-FINISH', 'synced'),
    ('96a0d779-88c4-4600-9fc1-61041b0b3fb0', '4bd7df6d-5332-44e2-b622-b5626d4dba77', '6df1c46f-ff69-4e39-aeda-6b5ced717305', '2025-08-30 10:00:00', '2025-08-30 10:00:00', 'RR-START', 'synced'),
    ('a62557a3-c196-4ad7-9cb1-47fbbc8b0bc3', '4bd7df6d-5332-44e2-b622-b5626d4dba77', 'cff9eda5-c2e2-4ba6-a285-c9847944ae4b', '2025-08-30 13:15:12', '2025-08-30 13:15:12', 'RR-FINISH', 'synced'),
    ('f8c6f74c-efa3-45fe-9f9e-358ca686ba3b', '50430852-c4dc-45d8-8349-4f2a05ec3221', '6df1c46f-ff69-4e39-aeda-6b5ced717305', '2025-08-30 10:00:00', '2025-08-30 10:00:00', 'RR-START', 'synced'),
    ('82de65c5-aa45-4884-9996-a730e1c4e419', '50430852-c4dc-45d8-8349-4f2a05ec3221', 'cff9eda5-c2e2-4ba6-a285-c9847944ae4b', '2025-08-30 13:15:29', '2025-08-30 13:15:29', 'RR-FINISH', 'synced'),
    ('8d75cc7d-29c3-4752-9e5b-401b0ebae13d', '38982f94-946d-442c-855f-9fbb09faabbf', '6df1c46f-ff69-4e39-aeda-6b5ced717305', '2025-08-30 10:00:00', '2025-08-30 10:00:00', 'RR-START', 'synced'),
    ('71deebd7-517c-4c36-876b-dcb3ae3092e2', '38982f94-946d-442c-855f-9fbb09faabbf', 'cff9eda5-c2e2-4ba6-a285-c9847944ae4b', '2025-08-30 13:16:13', '2025-08-30 13:16:13', 'RR-FINISH', 'synced'),
    ('3b3259d1-3a14-4172-a006-09ed1d2f0d08', '8e290c20-477f-410e-8d64-c2dcd9b543ac', '6df1c46f-ff69-4e39-aeda-6b5ced717305', '2025-08-30 10:00:00', '2025-08-30 10:00:00', 'RR-START', 'synced'),
    ('5dc13087-b02c-424d-bac9-6e36f4dd2fb5', '8e290c20-477f-410e-8d64-c2dcd9b543ac', 'cff9eda5-c2e2-4ba6-a285-c9847944ae4b', '2025-08-30 13:17:54', '2025-08-30 13:17:54', 'RR-FINISH', 'synced'),
    ('c5ff622e-dd2c-4d64-b6e6-099c8276d6e9', '3df95af4-8bf1-4dbe-8b82-6b57f03999aa', '6df1c46f-ff69-4e39-aeda-6b5ced717305', '2025-08-30 10:00:00', '2025-08-30 10:00:00', 'RR-START', 'synced'),
    ('5d94bc12-c8eb-47c0-8e39-a42a3a6a92ec', '3df95af4-8bf1-4dbe-8b82-6b57f03999aa', 'cff9eda5-c2e2-4ba6-a285-c9847944ae4b', '2025-08-30 13:18:13', '2025-08-30 13:18:13', 'RR-FINISH', 'synced'),
    ('a6da51c0-f153-4181-b67f-0198703b7230', '29251893-da2b-481d-a167-bb3df56c6768', '6df1c46f-ff69-4e39-aeda-6b5ced717305', '2025-08-30 10:00:00', '2025-08-30 10:00:00', 'RR-START', 'synced'),
    ('957de168-1f6b-4cd1-a8f1-7354054f5eb1', '29251893-da2b-481d-a167-bb3df56c6768', 'cff9eda5-c2e2-4ba6-a285-c9847944ae4b', '2025-08-30 13:18:58', '2025-08-30 13:18:58', 'RR-FINISH', 'synced'),
    ('00ae81f9-dc12-43d4-9be3-6d0c1fc24c1b', '2ab39757-b058-40c0-a4e9-54a5009955cd', '6df1c46f-ff69-4e39-aeda-6b5ced717305', '2025-08-30 10:00:00', '2025-08-30 10:00:00', 'RR-START', 'synced'),
    ('089cf2c7-b2d8-41c3-88dd-81bd142f612d', '2ab39757-b058-40c0-a4e9-54a5009955cd', 'cff9eda5-c2e2-4ba6-a285-c9847944ae4b', '2025-08-30 13:19:10', '2025-08-30 13:19:10', 'RR-FINISH', 'synced'),
    ('f5707dd7-84dc-4776-a74e-f88852b0bae3', 'e7e978fb-2d68-4afa-b070-453d78e5ddb8', '6df1c46f-ff69-4e39-aeda-6b5ced717305', '2025-08-30 10:00:00', '2025-08-30 10:00:00', 'RR-START', 'synced'),
    ('2e63bb36-74eb-4032-a39b-eca2176111bc', 'e7e978fb-2d68-4afa-b070-453d78e5ddb8', 'cff9eda5-c2e2-4ba6-a285-c9847944ae4b', '2025-08-30 13:19:52', '2025-08-30 13:19:52', 'RR-FINISH', 'synced'),
    ('485ade07-1075-43b0-a097-1dc61995b02a', 'b845eb73-c3ea-4687-8586-5c2dd255f604', '6df1c46f-ff69-4e39-aeda-6b5ced717305', '2025-08-30 10:00:00', '2025-08-30 10:00:00', 'RR-START', 'synced'),
    ('a563881f-f98a-4fb4-b2f9-3c11e7a9f730', 'b845eb73-c3ea-4687-8586-5c2dd255f604', 'cff9eda5-c2e2-4ba6-a285-c9847944ae4b', '2025-08-30 13:22:36', '2025-08-30 13:22:36', 'RR-FINISH', 'synced'),
    ('298dfb5f-7c2e-4322-8f03-b0b162dbe824', 'a60400e1-3ae3-4fc2-bb34-a5f3305571bd', '6df1c46f-ff69-4e39-aeda-6b5ced717305', '2025-08-30 10:00:00', '2025-08-30 10:00:00', 'RR-START', 'synced'),
    ('63cedad1-f793-454e-9d07-2b8b60c5082e', 'a60400e1-3ae3-4fc2-bb34-a5f3305571bd', 'cff9eda5-c2e2-4ba6-a285-c9847944ae4b', '2025-08-30 13:22:37', '2025-08-30 13:22:37', 'RR-FINISH', 'synced'),
    ('734a6361-8529-4945-9bca-c9fd3d0ee761', '5e1064d6-f627-4e09-ae48-968eaed3d876', '6df1c46f-ff69-4e39-aeda-6b5ced717305', '2025-08-30 10:00:00', '2025-08-30 10:00:00', 'RR-START', 'synced'),
    ('19fb4498-196a-43ca-8fc7-0b46ebedff5c', '5e1064d6-f627-4e09-ae48-968eaed3d876', 'cff9eda5-c2e2-4ba6-a285-c9847944ae4b', '2025-08-30 13:24:12', '2025-08-30 13:24:12', 'RR-FINISH', 'synced'),
    ('80426cc9-f26d-4afa-9e70-d1051ae275c1', '0ba1b4da-ff80-410a-bd58-9a17f74ed464', '6df1c46f-ff69-4e39-aeda-6b5ced717305', '2025-08-30 10:00:00', '2025-08-30 10:00:00', 'RR-START', 'synced'),
    ('af9785ae-a7a5-4a40-88da-8c5d85729c6d', '0ba1b4da-ff80-410a-bd58-9a17f74ed464', 'cff9eda5-c2e2-4ba6-a285-c9847944ae4b', '2025-08-30 13:25:02', '2025-08-30 13:25:02', 'RR-FINISH', 'synced'),
    ('d24f5aa1-8f62-4521-83ba-72646b1188bd', '5c1f4122-99f3-4145-a5d0-325c52da39dc', '6df1c46f-ff69-4e39-aeda-6b5ced717305', '2025-08-30 10:00:00', '2025-08-30 10:00:00', 'RR-START', 'synced'),
    ('d21cfaa9-98db-4b35-b546-72c0a2b577c4', '5c1f4122-99f3-4145-a5d0-325c52da39dc', 'cff9eda5-c2e2-4ba6-a285-c9847944ae4b', '2025-08-30 13:25:10', '2025-08-30 13:25:10', 'RR-FINISH', 'synced'),
    ('5c2561c4-2948-42e9-be49-0a8046c83485', '04ddc651-86f7-41f3-86dc-4250b4399ad2', '6df1c46f-ff69-4e39-aeda-6b5ced717305', '2025-08-30 10:00:00', '2025-08-30 10:00:00', 'RR-START', 'synced'),
    ('cedc8199-baa3-4493-9cd6-74084dc548da', '04ddc651-86f7-41f3-86dc-4250b4399ad2', 'cff9eda5-c2e2-4ba6-a285-c9847944ae4b', '2025-08-30 13:25:50', '2025-08-30 13:25:50', 'RR-FINISH', 'synced'),
    ('a1478ea1-4849-43f1-b148-73372fb19750', 'b67f7734-97cc-4e7d-bf7b-d3e39354ddf2', '6df1c46f-ff69-4e39-aeda-6b5ced717305', '2025-08-30 10:00:00', '2025-08-30 10:00:00', 'RR-START', 'synced'),
    ('318c8227-29ec-4a22-859e-ef3fa420eb3d', 'b67f7734-97cc-4e7d-bf7b-d3e39354ddf2', 'cff9eda5-c2e2-4ba6-a285-c9847944ae4b', '2025-08-30 13:26:27', '2025-08-30 13:26:27', 'RR-FINISH', 'synced'),
    ('75dd4672-d190-4e4c-ab00-cb47554cf540', '72c07127-6177-49a8-acd3-68f79405ebd8', '6df1c46f-ff69-4e39-aeda-6b5ced717305', '2025-08-30 10:00:00', '2025-08-30 10:00:00', 'RR-START', 'synced'),
    ('b8e7e6b6-90c9-458c-8979-d7b48abf4d3a', '72c07127-6177-49a8-acd3-68f79405ebd8', 'cff9eda5-c2e2-4ba6-a285-c9847944ae4b', '2025-08-30 13:26:30', '2025-08-30 13:26:30', 'RR-FINISH', 'synced'),
    ('5c0dce12-9dac-4f8c-960a-a82d25c18fda', 'bce9978c-de7c-49ea-ac4b-4b1976d95347', '6df1c46f-ff69-4e39-aeda-6b5ced717305', '2025-08-30 10:00:00', '2025-08-30 10:00:00', 'RR-START', 'synced'),
    ('ad2cfaff-54c1-49f1-959a-c60ef2c44994', 'bce9978c-de7c-49ea-ac4b-4b1976d95347', 'cff9eda5-c2e2-4ba6-a285-c9847944ae4b', '2025-08-30 13:26:39', '2025-08-30 13:26:39', 'RR-FINISH', 'synced'),
    ('12d5691a-1a37-47c9-8914-36a48b12825d', '34468c8e-e22a-4388-b491-f9b2fcfa49f4', '6df1c46f-ff69-4e39-aeda-6b5ced717305', '2025-08-30 10:00:00', '2025-08-30 10:00:00', 'RR-START', 'synced'),
    ('c47d88a0-e634-4f80-922b-2d5b3d7b56c8', '34468c8e-e22a-4388-b491-f9b2fcfa49f4', 'cff9eda5-c2e2-4ba6-a285-c9847944ae4b', '2025-08-30 13:26:41', '2025-08-30 13:26:41', 'RR-FINISH', 'synced'),
    ('34356521-09f0-4c3b-9120-c1d749fe5f6c', 'e5f4d006-aa2e-43a6-af1f-326639819a57', '6df1c46f-ff69-4e39-aeda-6b5ced717305', '2025-08-30 10:00:00', '2025-08-30 10:00:00', 'RR-START', 'synced'),
    ('b3126f55-57e8-47e0-ac39-dfc14c16d873', 'e5f4d006-aa2e-43a6-af1f-326639819a57', 'cff9eda5-c2e2-4ba6-a285-c9847944ae4b', '2025-08-30 13:27:35', '2025-08-30 13:27:35', 'RR-FINISH', 'synced'),
    ('f781af0a-9f58-4524-8876-245097205baa', 'e9cf14a0-02b0-4934-9ac5-f2566f66c764', '6df1c46f-ff69-4e39-aeda-6b5ced717305', '2025-08-30 10:00:00', '2025-08-30 10:00:00', 'RR-START', 'synced'),
    ('77688e6e-045a-44ef-be9e-859085d348a5', 'e9cf14a0-02b0-4934-9ac5-f2566f66c764', 'cff9eda5-c2e2-4ba6-a285-c9847944ae4b', '2025-08-30 13:27:58', '2025-08-30 13:27:58', 'RR-FINISH', 'synced'),
    ('75c8af8c-9fd3-460a-8940-d284f8d6b62a', 'a677e824-9142-4232-83a7-0ac939634415', '6df1c46f-ff69-4e39-aeda-6b5ced717305', '2025-08-30 10:00:00', '2025-08-30 10:00:00', 'RR-START', 'synced'),
    ('e1c6dfc7-545c-4032-9531-eeca8313089c', 'a677e824-9142-4232-83a7-0ac939634415', 'cff9eda5-c2e2-4ba6-a285-c9847944ae4b', '2025-08-30 13:28:48', '2025-08-30 13:28:48', 'RR-FINISH', 'synced'),
    ('e75c0a14-fcc4-45e2-9fa1-9a6f74d971a7', 'e31ecbd1-d121-4912-8590-cc5d5e9e9009', '6df1c46f-ff69-4e39-aeda-6b5ced717305', '2025-08-30 10:00:00', '2025-08-30 10:00:00', 'RR-START', 'synced'),
    ('72212b65-0c21-4233-8331-3176e18f0224', 'e31ecbd1-d121-4912-8590-cc5d5e9e9009', 'cff9eda5-c2e2-4ba6-a285-c9847944ae4b', '2025-08-30 13:29:56', '2025-08-30 13:29:56', 'RR-FINISH', 'synced'),
    ('af1c2698-db65-44fe-8bc5-72086cf68aa2', '86f23133-e284-4de6-a766-2f68abbd396d', '6df1c46f-ff69-4e39-aeda-6b5ced717305', '2025-08-30 10:00:00', '2025-08-30 10:00:00', 'RR-START', 'synced'),
    ('85508a53-fd71-4a7c-b576-1cf99b7deb42', '86f23133-e284-4de6-a766-2f68abbd396d', 'cff9eda5-c2e2-4ba6-a285-c9847944ae4b', '2025-08-30 13:29:58', '2025-08-30 13:29:58', 'RR-FINISH', 'synced'),
    ('8ea81268-2062-41f4-ba16-146e34e0d9bc', '63d821b6-0b8d-4f7f-b461-31ddb4db2f52', '6df1c46f-ff69-4e39-aeda-6b5ced717305', '2025-08-30 10:00:00', '2025-08-30 10:00:00', 'RR-START', 'synced'),
    ('fcac4be5-2a36-4e5e-a7b4-491e9589624b', '63d821b6-0b8d-4f7f-b461-31ddb4db2f52', 'cff9eda5-c2e2-4ba6-a285-c9847944ae4b', '2025-08-30 13:30:08', '2025-08-30 13:30:08', 'RR-FINISH', 'synced'),
    ('d0426403-3315-4e8e-a3d7-1714f6fa1313', 'a796f7ff-141b-49c1-a879-1d7d09c57be4', '6df1c46f-ff69-4e39-aeda-6b5ced717305', '2025-08-30 10:00:00', '2025-08-30 10:00:00', 'RR-START', 'synced'),
    ('7c74acc1-351f-4d3c-8bc0-4decd26d31cf', 'a796f7ff-141b-49c1-a879-1d7d09c57be4', 'cff9eda5-c2e2-4ba6-a285-c9847944ae4b', '2025-08-30 13:30:46', '2025-08-30 13:30:46', 'RR-FINISH', 'synced'),
    ('c5fe679b-a4f1-4c2f-afb6-e89e783de939', 'd6640eee-61da-4f0b-8a55-751cb45c5826', '6df1c46f-ff69-4e39-aeda-6b5ced717305', '2025-08-30 10:00:00', '2025-08-30 10:00:00', 'RR-START', 'synced'),
    ('d990a7bf-6fa1-46cb-a976-e75736d35070', 'd6640eee-61da-4f0b-8a55-751cb45c5826', 'cff9eda5-c2e2-4ba6-a285-c9847944ae4b', '2025-08-30 13:32:03', '2025-08-30 13:32:03', 'RR-FINISH', 'synced'),
    ('ccb683bd-195f-4ff4-8a03-6b670cfaccdc', '516387cf-7d5d-4f62-aecb-5ff16a38d282', '6df1c46f-ff69-4e39-aeda-6b5ced717305', '2025-08-30 10:00:00', '2025-08-30 10:00:00', 'RR-START', 'synced'),
    ('0013264c-588c-4161-929d-1a1b9ae4c48b', '516387cf-7d5d-4f62-aecb-5ff16a38d282', 'cff9eda5-c2e2-4ba6-a285-c9847944ae4b', '2025-08-30 13:33:07', '2025-08-30 13:33:07', 'RR-FINISH', 'synced'),
    ('a64a7d93-377e-48be-828b-27e104c9db1a', '03ff8369-5eaf-4cce-8536-fbd7d11e6a5d', '6df1c46f-ff69-4e39-aeda-6b5ced717305', '2025-08-30 10:00:00', '2025-08-30 10:00:00', 'RR-START', 'synced'),
    ('ad8e91de-ca22-4167-b83a-7ecb095e09f7', '03ff8369-5eaf-4cce-8536-fbd7d11e6a5d', 'cff9eda5-c2e2-4ba6-a285-c9847944ae4b', '2025-08-30 13:33:28', '2025-08-30 13:33:28', 'RR-FINISH', 'synced'),
    ('914ae485-3e69-4e3c-b3ce-8c8cbfddf2e6', 'fee53be5-c20f-4bea-94db-ca1fd148b6fd', '6df1c46f-ff69-4e39-aeda-6b5ced717305', '2025-08-30 10:00:00', '2025-08-30 10:00:00', 'RR-START', 'synced'),
    ('0ead1b3a-831c-43b5-86ef-b2975fd9c434', 'fee53be5-c20f-4bea-94db-ca1fd148b6fd', 'cff9eda5-c2e2-4ba6-a285-c9847944ae4b', '2025-08-30 13:34:47', '2025-08-30 13:34:47', 'RR-FINISH', 'synced'),
    ('45697398-488f-4808-be4a-28dbd2d18a78', 'ee58d363-b636-4864-b490-56c7eda285f8', '6df1c46f-ff69-4e39-aeda-6b5ced717305', '2025-08-30 10:00:00', '2025-08-30 10:00:00', 'RR-START', 'synced'),
    ('32bff573-e15b-412d-945f-15653474a558', 'ee58d363-b636-4864-b490-56c7eda285f8', 'cff9eda5-c2e2-4ba6-a285-c9847944ae4b', '2025-08-30 13:34:55', '2025-08-30 13:34:55', 'RR-FINISH', 'synced'),
    ('15c06fb2-35ba-4117-be2c-283d7061a0c5', '2ee0ec5c-8989-44aa-9c0f-51414975b925', '6df1c46f-ff69-4e39-aeda-6b5ced717305', '2025-08-30 10:00:00', '2025-08-30 10:00:00', 'RR-START', 'synced'),
    ('8e3aa137-dadc-431d-996d-3d1c806d84a7', '2ee0ec5c-8989-44aa-9c0f-51414975b925', 'cff9eda5-c2e2-4ba6-a285-c9847944ae4b', '2025-08-30 13:35:17', '2025-08-30 13:35:17', 'RR-FINISH', 'synced'),
    ('a481844c-1523-47c8-82b2-b4912e3d9dde', 'aaf695b8-eaf0-4bd5-afa8-a5be7dac858e', '6df1c46f-ff69-4e39-aeda-6b5ced717305', '2025-08-30 10:00:00', '2025-08-30 10:00:00', 'RR-START', 'synced'),
    ('b3f3bf92-f432-49db-a5b6-8b3569dde6e0', 'aaf695b8-eaf0-4bd5-afa8-a5be7dac858e', 'cff9eda5-c2e2-4ba6-a285-c9847944ae4b', '2025-08-30 13:36:21', '2025-08-30 13:36:21', 'RR-FINISH', 'synced'),
    ('9e6b0468-f447-45cd-9077-25a1c873ff01', 'f8f76fd5-0092-4a16-aa6a-b6fa2579fd00', '6df1c46f-ff69-4e39-aeda-6b5ced717305', '2025-08-30 10:00:00', '2025-08-30 10:00:00', 'RR-START', 'synced'),
    ('0da0d9b8-4380-44b1-a823-f4d8d0f9673e', 'f8f76fd5-0092-4a16-aa6a-b6fa2579fd00', 'cff9eda5-c2e2-4ba6-a285-c9847944ae4b', '2025-08-30 13:39:13', '2025-08-30 13:39:13', 'RR-FINISH', 'synced'),
    ('f4be1f57-f7eb-413e-bc76-3c4911025ace', 'cb3df192-19d6-4165-8860-fe075f46aaae', '6df1c46f-ff69-4e39-aeda-6b5ced717305', '2025-08-30 10:00:00', '2025-08-30 10:00:00', 'RR-START', 'synced'),
    ('cd6e9adf-2dbc-4d54-b756-2be6d8d83f46', 'cb3df192-19d6-4165-8860-fe075f46aaae', 'cff9eda5-c2e2-4ba6-a285-c9847944ae4b', '2025-08-30 13:39:19', '2025-08-30 13:39:19', 'RR-FINISH', 'synced'),
    ('3b8f706e-e0dd-4998-ae3e-e7535df9e7ba', 'd618668d-b320-4a70-8ba9-4e029c5e7f58', '6df1c46f-ff69-4e39-aeda-6b5ced717305', '2025-08-30 10:00:00', '2025-08-30 10:00:00', 'RR-START', 'synced'),
    ('3ad39bca-48fb-47bd-b136-7c96aebc04e0', 'd618668d-b320-4a70-8ba9-4e029c5e7f58', 'cff9eda5-c2e2-4ba6-a285-c9847944ae4b', '2025-08-30 13:40:40', '2025-08-30 13:40:40', 'RR-FINISH', 'synced'),
    ('eaef63aa-9365-471b-8711-9a3db7c2382f', '768ea1c3-f867-4461-a4af-9f18d7585af8', '6df1c46f-ff69-4e39-aeda-6b5ced717305', '2025-08-30 10:00:00', '2025-08-30 10:00:00', 'RR-START', 'synced'),
    ('2b94ac0d-dfb8-4dd0-875d-04f0a532abaa', '768ea1c3-f867-4461-a4af-9f18d7585af8', 'cff9eda5-c2e2-4ba6-a285-c9847944ae4b', '2025-08-30 13:41:29', '2025-08-30 13:41:29', 'RR-FINISH', 'synced'),
    ('9f3db40f-c6b0-4e78-b524-f8f0d826885f', 'e3e93cbd-df06-4e1b-b3d6-ef0d4ca5f03e', '6df1c46f-ff69-4e39-aeda-6b5ced717305', '2025-08-30 10:00:00', '2025-08-30 10:00:00', 'RR-START', 'synced'),
    ('e9585173-a13c-4cb4-978a-589122491fc8', 'e3e93cbd-df06-4e1b-b3d6-ef0d4ca5f03e', 'cff9eda5-c2e2-4ba6-a285-c9847944ae4b', '2025-08-30 13:43:51', '2025-08-30 13:43:51', 'RR-FINISH', 'synced'),
    ('68b2894e-028f-4538-9bd8-7dd31071e51b', '39245f5c-2ad6-4dde-9570-d0a66d13a121', '6df1c46f-ff69-4e39-aeda-6b5ced717305', '2025-08-30 10:00:00', '2025-08-30 10:00:00', 'RR-START', 'synced'),
    ('5114238c-dc8e-45ed-85d2-f64fd57cd378', '39245f5c-2ad6-4dde-9570-d0a66d13a121', 'cff9eda5-c2e2-4ba6-a285-c9847944ae4b', '2025-08-30 13:43:52', '2025-08-30 13:43:52', 'RR-FINISH', 'synced'),
    ('05b1f081-da4c-48aa-a95e-0c43c85913a5', '2a919503-43d6-4c63-8590-898c1fd796db', '6df1c46f-ff69-4e39-aeda-6b5ced717305', '2025-08-30 10:00:00', '2025-08-30 10:00:00', 'RR-START', 'synced'),
    ('0db04df1-6713-4b13-afb7-a29a6fc2e8a7', '2a919503-43d6-4c63-8590-898c1fd796db', 'cff9eda5-c2e2-4ba6-a285-c9847944ae4b', '2025-08-30 13:45:04', '2025-08-30 13:45:04', 'RR-FINISH', 'synced'),
    ('52a53082-f257-446d-9053-0d8d5aa5046d', '2108094e-4fec-4804-ad66-a6035aabf398', '6df1c46f-ff69-4e39-aeda-6b5ced717305', '2025-08-30 10:00:00', '2025-08-30 10:00:00', 'RR-START', 'synced'),
    ('39dea62b-fad1-4833-a0e8-be68edb0c250', '2108094e-4fec-4804-ad66-a6035aabf398', 'cff9eda5-c2e2-4ba6-a285-c9847944ae4b', '2025-08-30 13:45:16', '2025-08-30 13:45:16', 'RR-FINISH', 'synced'),
    ('bd687dff-1195-4d6d-a089-5edf2fed9d8e', '1148773a-4d04-4926-9417-0577d20517bb', '6df1c46f-ff69-4e39-aeda-6b5ced717305', '2025-08-30 10:00:00', '2025-08-30 10:00:00', 'RR-START', 'synced'),
    ('8fc9f754-f57f-4152-82ae-180b520c0e54', '1148773a-4d04-4926-9417-0577d20517bb', 'cff9eda5-c2e2-4ba6-a285-c9847944ae4b', '2025-08-30 13:47:21', '2025-08-30 13:47:21', 'RR-FINISH', 'synced'),
    ('068406f2-1375-4dad-8f32-ea16eb3f13f5', 'f2893e2c-0949-47d1-b06d-94912df7260b', '6df1c46f-ff69-4e39-aeda-6b5ced717305', '2025-08-30 10:00:00', '2025-08-30 10:00:00', 'RR-START', 'synced'),
    ('e4290c2b-0213-4729-993a-9bde2996f698', 'f2893e2c-0949-47d1-b06d-94912df7260b', 'cff9eda5-c2e2-4ba6-a285-c9847944ae4b', '2025-08-30 13:48:07', '2025-08-30 13:48:07', 'RR-FINISH', 'synced'),
    ('8ccc81e3-fb2e-417b-a4fc-1618c491122d', '9969f685-c0b4-4b5f-865b-6ff2e0d9a84e', '6df1c46f-ff69-4e39-aeda-6b5ced717305', '2025-08-30 10:00:00', '2025-08-30 10:00:00', 'RR-START', 'synced'),
    ('f44aac7f-5fcb-4d3e-8d50-090e0d8bccee', '9969f685-c0b4-4b5f-865b-6ff2e0d9a84e', 'cff9eda5-c2e2-4ba6-a285-c9847944ae4b', '2025-08-30 13:49:15', '2025-08-30 13:49:15', 'RR-FINISH', 'synced'),
    ('83c29ac7-7877-4fcc-b446-384fad073ea9', 'aad0a080-3977-4942-83ec-3d3ffcaa1029', '6df1c46f-ff69-4e39-aeda-6b5ced717305', '2025-08-30 10:00:00', '2025-08-30 10:00:00', 'RR-START', 'synced'),
    ('fbf6775d-5519-441a-8ef1-87efa4cea288', 'aad0a080-3977-4942-83ec-3d3ffcaa1029', 'cff9eda5-c2e2-4ba6-a285-c9847944ae4b', '2025-08-30 13:50:01', '2025-08-30 13:50:01', 'RR-FINISH', 'synced'),
    ('350cabee-4ae7-4400-b69c-ae7d15cba55d', 'dedb093c-2d94-4910-8084-ae8b3af5f4a3', '6df1c46f-ff69-4e39-aeda-6b5ced717305', '2025-08-30 10:00:00', '2025-08-30 10:00:00', 'RR-START', 'synced'),
    ('8d30b0ee-4ad7-4332-8c6e-13ef2c7e4be5', 'dedb093c-2d94-4910-8084-ae8b3af5f4a3', 'cff9eda5-c2e2-4ba6-a285-c9847944ae4b', '2025-08-30 13:50:41', '2025-08-30 13:50:41', 'RR-FINISH', 'synced'),
    ('c7426740-595c-4245-b3fb-cdfd6f616405', '8bdbc961-c7c8-4845-96d1-084db53eead3', '6df1c46f-ff69-4e39-aeda-6b5ced717305', '2025-08-30 10:00:00', '2025-08-30 10:00:00', 'RR-START', 'synced'),
    ('6227342b-8761-4e50-b8f8-b2e06cef1c21', '8bdbc961-c7c8-4845-96d1-084db53eead3', 'cff9eda5-c2e2-4ba6-a285-c9847944ae4b', '2025-08-30 13:56:03', '2025-08-30 13:56:03', 'RR-FINISH', 'synced'),
    ('1e3fdbe6-55b6-44a2-ba2b-41f6db5a2b53', '720b1111-484f-4601-964a-dd22700bb308', '6df1c46f-ff69-4e39-aeda-6b5ced717305', '2025-08-30 10:00:00', '2025-08-30 10:00:00', 'RR-START', 'synced'),
    ('5bd5785d-d937-4da3-833c-726f23963232', '720b1111-484f-4601-964a-dd22700bb308', 'cff9eda5-c2e2-4ba6-a285-c9847944ae4b', '2025-08-30 13:56:04', '2025-08-30 13:56:04', 'RR-FINISH', 'synced'),
    ('6f46fce2-b7d9-484c-afe3-7da10777cd46', 'ed0dcfbd-538b-4de5-a8d6-c13be24d34cc', '6df1c46f-ff69-4e39-aeda-6b5ced717305', '2025-08-30 10:00:00', '2025-08-30 10:00:00', 'RR-START', 'synced'),
    ('af37bac6-829e-4241-bd4c-86d59f73d8aa', 'ed0dcfbd-538b-4de5-a8d6-c13be24d34cc', 'cff9eda5-c2e2-4ba6-a285-c9847944ae4b', '2025-08-30 13:57:11', '2025-08-30 13:57:11', 'RR-FINISH', 'synced'),
    ('b1f6e540-9e04-413d-ba3f-a9111abbe155', 'b9cee282-06be-4eec-a0e8-d194ea9ce483', '6df1c46f-ff69-4e39-aeda-6b5ced717305', '2025-08-30 10:00:00', '2025-08-30 10:00:00', 'RR-START', 'synced'),
    ('7f3a98f4-a1f8-4c64-a477-fc2af0f95851', 'b9cee282-06be-4eec-a0e8-d194ea9ce483', 'cff9eda5-c2e2-4ba6-a285-c9847944ae4b', '2025-08-30 13:57:54', '2025-08-30 13:57:54', 'RR-FINISH', 'synced'),
    ('151a25c9-aff3-4cd4-bdab-8c3704fb6d8d', 'c78dbf9b-8b3d-4dc9-83d8-84e90943e46c', '6df1c46f-ff69-4e39-aeda-6b5ced717305', '2025-08-30 10:00:00', '2025-08-30 10:00:00', 'RR-START', 'synced'),
    ('292f2a2a-c8b6-4a9b-9980-ed491bfd5d93', 'c78dbf9b-8b3d-4dc9-83d8-84e90943e46c', 'cff9eda5-c2e2-4ba6-a285-c9847944ae4b', '2025-08-30 14:03:51', '2025-08-30 14:03:51', 'RR-FINISH', 'synced'),
    ('2993ab39-7550-47dc-9c60-7a8620e0e044', 'c43fd6de-d1ca-41a2-843e-6f846cae62b3', '6df1c46f-ff69-4e39-aeda-6b5ced717305', '2025-08-30 10:00:00', '2025-08-30 10:00:00', 'RR-START', 'synced'),
    ('6e59a738-4258-40b0-ac26-45c7773b029a', 'c43fd6de-d1ca-41a2-843e-6f846cae62b3', 'cff9eda5-c2e2-4ba6-a285-c9847944ae4b', '2025-08-30 14:03:53', '2025-08-30 14:03:53', 'RR-FINISH', 'synced'),
    ('5caa300d-79dd-4b23-b1ef-8bb88145c997', 'c52225f0-c809-43bd-a984-23492db70bc1', '6df1c46f-ff69-4e39-aeda-6b5ced717305', '2025-08-30 10:00:00', '2025-08-30 10:00:00', 'RR-START', 'synced'),
    ('62c06e17-d059-414f-af5c-4ec6f0c5e576', 'c52225f0-c809-43bd-a984-23492db70bc1', 'cff9eda5-c2e2-4ba6-a285-c9847944ae4b', '2025-08-30 14:05:08', '2025-08-30 14:05:08', 'RR-FINISH', 'synced'),
    ('067ac744-3513-4949-a0f3-d88e93d98f57', 'a4649bdb-7819-4430-8380-a68c8f9a6af2', '6df1c46f-ff69-4e39-aeda-6b5ced717305', '2025-08-30 10:00:00', '2025-08-30 10:00:00', 'RR-START', 'synced'),
    ('3e85dea1-2794-4063-b1ae-29aacddcf73f', 'a4649bdb-7819-4430-8380-a68c8f9a6af2', 'cff9eda5-c2e2-4ba6-a285-c9847944ae4b', '2025-08-30 14:06:08', '2025-08-30 14:06:08', 'RR-FINISH', 'synced'),
    ('4ca71fcc-1388-42b7-b1d5-3563feec79f0', '70d4afbb-2ca0-4728-a148-3e61cf513e99', '6df1c46f-ff69-4e39-aeda-6b5ced717305', '2025-08-30 10:00:00', '2025-08-30 10:00:00', 'RR-START', 'synced'),
    ('662c9156-e86b-4cfd-a52d-fa7391ea8851', '70d4afbb-2ca0-4728-a148-3e61cf513e99', 'cff9eda5-c2e2-4ba6-a285-c9847944ae4b', '2025-08-30 14:09:20', '2025-08-30 14:09:20', 'RR-FINISH', 'synced'),
    ('187f374b-85de-4471-9069-1d382d5fa3a5', 'aa98adf8-9552-4248-95e2-139d5b48904f', '6df1c46f-ff69-4e39-aeda-6b5ced717305', '2025-08-30 10:00:00', '2025-08-30 10:00:00', 'RR-START', 'synced'),
    ('f79d6b0b-1003-4a0c-a351-e6ae957e60c3', 'aa98adf8-9552-4248-95e2-139d5b48904f', 'cff9eda5-c2e2-4ba6-a285-c9847944ae4b', '2025-08-30 14:13:33', '2025-08-30 14:13:33', 'RR-FINISH', 'synced'),
    ('93d33065-382c-478f-a945-8b3599ef4c45', 'eaee4c70-7786-4daf-97cb-e7a82788a2d1', '6df1c46f-ff69-4e39-aeda-6b5ced717305', '2025-08-30 10:00:00', '2025-08-30 10:00:00', 'RR-START', 'synced'),
    ('3c41dcc6-d19c-4c43-9e81-331e92164c8d', 'eaee4c70-7786-4daf-97cb-e7a82788a2d1', 'cff9eda5-c2e2-4ba6-a285-c9847944ae4b', '2025-08-30 14:13:56', '2025-08-30 14:13:56', 'RR-FINISH', 'synced'),
    ('d315f03f-dcaa-4207-9272-8b19bc651261', 'd5f6b65a-f034-4034-b8b0-d062dad0c040', '6df1c46f-ff69-4e39-aeda-6b5ced717305', '2025-08-30 10:00:00', '2025-08-30 10:00:00', 'RR-START', 'synced'),
    ('c422d776-1009-4785-b048-0139466a56e5', 'd5f6b65a-f034-4034-b8b0-d062dad0c040', 'cff9eda5-c2e2-4ba6-a285-c9847944ae4b', '2025-08-30 14:15:15', '2025-08-30 14:15:15', 'RR-FINISH', 'synced'),
    ('d6eb2b32-9bb8-4d09-936c-b373c729a6b9', '3a63283c-7695-4dfe-a3d3-e25623053bf3', '6df1c46f-ff69-4e39-aeda-6b5ced717305', '2025-08-30 10:00:00', '2025-08-30 10:00:00', 'RR-START', 'synced'),
    ('e2370eff-7009-4ae6-b638-05f36a520643', '3a63283c-7695-4dfe-a3d3-e25623053bf3', 'cff9eda5-c2e2-4ba6-a285-c9847944ae4b', '2025-08-30 14:16:29', '2025-08-30 14:16:29', 'RR-FINISH', 'synced'),
    ('d64ae0a4-28f4-4fb8-9072-2231b8d4de81', 'f1d73357-3dd0-45e6-af87-a1c9f01a7101', '6df1c46f-ff69-4e39-aeda-6b5ced717305', '2025-08-30 10:00:00', '2025-08-30 10:00:00', 'RR-START', 'synced'),
    ('50d4b691-a50e-43ad-96c8-4dafc93276b0', 'f1d73357-3dd0-45e6-af87-a1c9f01a7101', 'cff9eda5-c2e2-4ba6-a285-c9847944ae4b', '2025-08-30 14:21:42', '2025-08-30 14:21:42', 'RR-FINISH', 'synced'),
    ('d4d1d946-2cca-43b5-97a2-fe5d7451d66d', '5622e3ba-115a-48e5-89b9-13cbedcc1b78', '6df1c46f-ff69-4e39-aeda-6b5ced717305', '2025-08-30 10:00:00', '2025-08-30 10:00:00', 'RR-START', 'synced'),
    ('d9729b23-321c-4ed4-a627-2793247beb6d', '5622e3ba-115a-48e5-89b9-13cbedcc1b78', 'cff9eda5-c2e2-4ba6-a285-c9847944ae4b', '2025-08-30 14:21:43', '2025-08-30 14:21:43', 'RR-FINISH', 'synced'),
    ('2146f3ba-c8dc-4289-9354-dcb0d2a2a90c', 'fb9960d5-3cd5-4cfa-8f39-bc729ada066b', '6df1c46f-ff69-4e39-aeda-6b5ced717305', '2025-08-30 10:00:00', '2025-08-30 10:00:00', 'RR-START', 'synced'),
    ('6a18bddf-ec17-4170-973b-bd0a2dc41c33', 'fb9960d5-3cd5-4cfa-8f39-bc729ada066b', 'cff9eda5-c2e2-4ba6-a285-c9847944ae4b', '2025-08-30 14:24:54', '2025-08-30 14:24:54', 'RR-FINISH', 'synced'),
    ('39195301-a420-4480-8835-cfa3ea0f51f2', '9f2902ce-12ca-47e1-8873-15cde6f706cb', '6df1c46f-ff69-4e39-aeda-6b5ced717305', '2025-08-30 10:00:00', '2025-08-30 10:00:00', 'RR-START', 'synced'),
    ('4b473c5e-6f97-4090-af80-b6cdfaf11497', '9f2902ce-12ca-47e1-8873-15cde6f706cb', 'cff9eda5-c2e2-4ba6-a285-c9847944ae4b', '2025-08-30 14:29:03', '2025-08-30 14:29:03', 'RR-FINISH', 'synced'),
    ('6a4abe7d-c88c-4014-86e8-55dfe5c57ace', '38e811d1-54f2-40dc-b0c4-647b18439568', '6df1c46f-ff69-4e39-aeda-6b5ced717305', '2025-08-30 10:00:00', '2025-08-30 10:00:00', 'RR-START', 'synced'),
    ('b77a2650-bbcf-402c-8817-9b67e20ac29b', '38e811d1-54f2-40dc-b0c4-647b18439568', 'cff9eda5-c2e2-4ba6-a285-c9847944ae4b', '2025-08-30 14:32:19', '2025-08-30 14:32:19', 'RR-FINISH', 'synced'),
    ('4177e385-354e-4c5d-9df1-93bba1b8a34c', '7898f5af-84ee-4551-8283-0826f10de4af', '6df1c46f-ff69-4e39-aeda-6b5ced717305', '2025-08-30 10:00:00', '2025-08-30 10:00:00', 'RR-START', 'synced'),
    ('3b9f7c6c-79a3-4fd7-a0c8-8704c749f370', '7898f5af-84ee-4551-8283-0826f10de4af', 'cff9eda5-c2e2-4ba6-a285-c9847944ae4b', '2025-08-30 14:33:05', '2025-08-30 14:33:05', 'RR-FINISH', 'synced'),
    ('bd8851fa-1469-4109-8fbf-dfc78a7f639f', 'ec6553ca-e48b-45c2-b6d1-10988b609fe3', '6df1c46f-ff69-4e39-aeda-6b5ced717305', '2025-08-30 10:00:00', '2025-08-30 10:00:00', 'RR-START', 'synced'),
    ('74584a5a-218e-47e4-8834-13467d5c99d8', 'ec6553ca-e48b-45c2-b6d1-10988b609fe3', 'cff9eda5-c2e2-4ba6-a285-c9847944ae4b', '2025-08-30 14:37:50', '2025-08-30 14:37:50', 'RR-FINISH', 'synced'),
    ('90492afa-943f-4b9d-abc5-766de98efeda', 'c53c8bcc-1cff-48cc-8ebd-dd480d3f4724', '6df1c46f-ff69-4e39-aeda-6b5ced717305', '2025-08-30 10:00:00', '2025-08-30 10:00:00', 'RR-START', 'synced'),
    ('61f90d43-5916-446d-83d1-72b8d65d340f', '294d22f5-2a4e-4899-a9b4-b283b15783c9', 'c1ff7a74-afef-43d9-92dc-7f99450f8ca2', '2025-08-30 10:00:00', '2025-08-30 10:00:00', 'RR-START', 'synced'),
    ('32d0a76a-bab2-4d65-b280-09470a197254', '294d22f5-2a4e-4899-a9b4-b283b15783c9', 'ccc334e1-b032-4b42-9cda-450070b47869', '2025-08-30 11:31:35', '2025-08-30 11:31:35', 'RR-FINISH', 'synced'),
    ('7fcee675-1234-45d9-a4da-18f06a93d891', '0fe7ab1c-c8bf-485c-b482-d6230dc54bb3', 'c1ff7a74-afef-43d9-92dc-7f99450f8ca2', '2025-08-30 10:00:00', '2025-08-30 10:00:00', 'RR-START', 'synced'),
    ('3015ce41-31ac-49da-8613-36717bdacd1a', '0fe7ab1c-c8bf-485c-b482-d6230dc54bb3', 'ccc334e1-b032-4b42-9cda-450070b47869', '2025-08-30 11:35:19', '2025-08-30 11:35:19', 'RR-FINISH', 'synced'),
    ('7b5b4c0f-2756-45ad-bc82-79fee3f8e68e', '48f21e7e-4bf0-4ac4-a003-9cb5f8f7cb81', 'c1ff7a74-afef-43d9-92dc-7f99450f8ca2', '2025-08-30 10:00:00', '2025-08-30 10:00:00', 'RR-START', 'synced'),
    ('8ea04d08-1c02-4a8c-b1fd-aaaae2814441', '48f21e7e-4bf0-4ac4-a003-9cb5f8f7cb81', 'ccc334e1-b032-4b42-9cda-450070b47869', '2025-08-30 11:36:15', '2025-08-30 11:36:15', 'RR-FINISH', 'synced'),
    ('6fe26103-4cc9-4fce-b50d-c0efe53abfb4', 'f65036cd-b041-4dd5-a705-26431b3d382a', 'c1ff7a74-afef-43d9-92dc-7f99450f8ca2', '2025-08-30 10:00:00', '2025-08-30 10:00:00', 'RR-START', 'synced'),
    ('bb4daab7-99d2-463d-ac14-0edbcd81d6c0', 'f65036cd-b041-4dd5-a705-26431b3d382a', 'ccc334e1-b032-4b42-9cda-450070b47869', '2025-08-30 11:37:52', '2025-08-30 11:37:52', 'RR-FINISH', 'synced'),
    ('bfaff54f-8e7c-45b0-a171-c1d472b066d0', '2b0c1638-4070-4752-94f3-0df050543bf0', 'c1ff7a74-afef-43d9-92dc-7f99450f8ca2', '2025-08-30 10:00:00', '2025-08-30 10:00:00', 'RR-START', 'synced'),
    ('af1ac89f-e9b0-4cfd-adeb-bdf132ada560', '2b0c1638-4070-4752-94f3-0df050543bf0', 'ccc334e1-b032-4b42-9cda-450070b47869', '2025-08-30 11:37:54', '2025-08-30 11:37:54', 'RR-FINISH', 'synced'),
    ('833662c1-a848-43bc-b4fe-20b11bd0e003', '10ffccd0-56fc-4edd-b281-6c46a25fe9b4', 'c1ff7a74-afef-43d9-92dc-7f99450f8ca2', '2025-08-30 10:00:00', '2025-08-30 10:00:00', 'RR-START', 'synced'),
    ('b5cc80c7-fd56-4fe4-92b3-c8ddeb840b23', '10ffccd0-56fc-4edd-b281-6c46a25fe9b4', 'ccc334e1-b032-4b42-9cda-450070b47869', '2025-08-30 11:39:33', '2025-08-30 11:39:33', 'RR-FINISH', 'synced'),
    ('f8789c69-0071-4626-ae49-71d947cfe262', '8558db38-7995-40ad-99fc-be21954222d7', 'c1ff7a74-afef-43d9-92dc-7f99450f8ca2', '2025-08-30 10:00:00', '2025-08-30 10:00:00', 'RR-START', 'synced'),
    ('d51bdac3-b243-4919-ab39-56fc9155ae3e', '8558db38-7995-40ad-99fc-be21954222d7', 'ccc334e1-b032-4b42-9cda-450070b47869', '2025-08-30 11:40:26', '2025-08-30 11:40:26', 'RR-FINISH', 'synced'),
    ('26ebbf6a-de0f-4f5b-98a2-5524f1cc3bac', 'eee07dbe-b222-45d2-8bc2-6d390404a439', 'c1ff7a74-afef-43d9-92dc-7f99450f8ca2', '2025-08-30 10:00:00', '2025-08-30 10:00:00', 'RR-START', 'synced'),
    ('1a1ca973-46fc-4cec-a040-6310527bb373', 'eee07dbe-b222-45d2-8bc2-6d390404a439', 'ccc334e1-b032-4b42-9cda-450070b47869', '2025-08-30 11:40:27', '2025-08-30 11:40:27', 'RR-FINISH', 'synced'),
    ('d139b057-338e-4f86-b2f1-c6c0d28d52a9', '35a21e6c-db19-4793-88fe-69e165a1fe4a', 'c1ff7a74-afef-43d9-92dc-7f99450f8ca2', '2025-08-30 10:00:00', '2025-08-30 10:00:00', 'RR-START', 'synced'),
    ('36398ced-552a-4e5d-be34-f9b68dca29a9', '35a21e6c-db19-4793-88fe-69e165a1fe4a', 'ccc334e1-b032-4b42-9cda-450070b47869', '2025-08-30 11:43:13', '2025-08-30 11:43:13', 'RR-FINISH', 'synced'),
    ('512e1d6c-e2b2-4cab-bd61-71a73d484de3', '19768fd8-3391-4675-8c62-166260464ce8', 'c1ff7a74-afef-43d9-92dc-7f99450f8ca2', '2025-08-30 10:00:00', '2025-08-30 10:00:00', 'RR-START', 'synced'),
    ('c7a299eb-df6d-4314-81be-28ba6455f860', '19768fd8-3391-4675-8c62-166260464ce8', 'ccc334e1-b032-4b42-9cda-450070b47869', '2025-08-30 11:45:40', '2025-08-30 11:45:40', 'RR-FINISH', 'synced'),
    ('eeae8b0f-8177-4994-9578-4b5ab6abc7e9', 'f89e19b3-ce78-497f-9da2-381d53c43315', 'c1ff7a74-afef-43d9-92dc-7f99450f8ca2', '2025-08-30 10:00:00', '2025-08-30 10:00:00', 'RR-START', 'synced'),
    ('46152036-938f-4a91-bb0c-0ab21f2c123e', 'f89e19b3-ce78-497f-9da2-381d53c43315', 'ccc334e1-b032-4b42-9cda-450070b47869', '2025-08-30 11:45:45', '2025-08-30 11:45:45', 'RR-FINISH', 'synced'),
    ('222e7432-036c-4636-8daa-0c8b1ee1b20c', 'a5fa5b04-3f92-45a2-868b-acb323ba5a0d', 'c1ff7a74-afef-43d9-92dc-7f99450f8ca2', '2025-08-30 10:00:00', '2025-08-30 10:00:00', 'RR-START', 'synced'),
    ('24a40a22-6b10-45a9-9ff7-64c3d253fe3f', 'a5fa5b04-3f92-45a2-868b-acb323ba5a0d', 'ccc334e1-b032-4b42-9cda-450070b47869', '2025-08-30 11:46:09', '2025-08-30 11:46:09', 'RR-FINISH', 'synced'),
    ('39d16224-256a-4bd8-b685-d3cfc11a0111', '4eb61b31-b669-4c67-a2aa-7c5d5723bfd7', 'c1ff7a74-afef-43d9-92dc-7f99450f8ca2', '2025-08-30 10:00:00', '2025-08-30 10:00:00', 'RR-START', 'synced'),
    ('17b8523d-b17f-4e08-acab-7090dac55a2c', '4eb61b31-b669-4c67-a2aa-7c5d5723bfd7', 'ccc334e1-b032-4b42-9cda-450070b47869', '2025-08-30 11:46:20', '2025-08-30 11:46:20', 'RR-FINISH', 'synced'),
    ('882f1025-6fad-4cee-a83b-f45ed0f97301', '9f56c92b-f3e9-48ed-97ef-8e80dc28837a', 'c1ff7a74-afef-43d9-92dc-7f99450f8ca2', '2025-08-30 10:00:00', '2025-08-30 10:00:00', 'RR-START', 'synced'),
    ('bf12dae8-7925-46bc-8546-e934969d27bd', '9f56c92b-f3e9-48ed-97ef-8e80dc28837a', 'ccc334e1-b032-4b42-9cda-450070b47869', '2025-08-30 11:46:36', '2025-08-30 11:46:36', 'RR-FINISH', 'synced'),
    ('41a0a889-6772-43c0-a358-e85d7e1e9e02', 'da90e580-2bf8-4e1f-90d2-1fe68a385ee3', 'c1ff7a74-afef-43d9-92dc-7f99450f8ca2', '2025-08-30 10:00:00', '2025-08-30 10:00:00', 'RR-START', 'synced'),
    ('711396f2-7044-44bb-98ab-802f01956b04', 'da90e580-2bf8-4e1f-90d2-1fe68a385ee3', 'ccc334e1-b032-4b42-9cda-450070b47869', '2025-08-30 11:47:08', '2025-08-30 11:47:08', 'RR-FINISH', 'synced'),
    ('92c59ca2-ba53-462b-8063-7d5a9e06aedd', 'b64257ad-ae22-4525-8e6e-3de24b3cdcba', 'c1ff7a74-afef-43d9-92dc-7f99450f8ca2', '2025-08-30 10:00:00', '2025-08-30 10:00:00', 'RR-START', 'synced'),
    ('87bf0feb-664b-45e4-a6e1-5b6e5850526a', 'b64257ad-ae22-4525-8e6e-3de24b3cdcba', 'ccc334e1-b032-4b42-9cda-450070b47869', '2025-08-30 11:48:42', '2025-08-30 11:48:42', 'RR-FINISH', 'synced'),
    ('16013cfe-8086-424c-badd-87c3c6f06265', '0e538f6c-37b7-4945-8322-cef567793b48', 'c1ff7a74-afef-43d9-92dc-7f99450f8ca2', '2025-08-30 10:00:00', '2025-08-30 10:00:00', 'RR-START', 'synced'),
    ('28c1a81a-32cc-4c0a-8666-a5a459e9e069', '0e538f6c-37b7-4945-8322-cef567793b48', 'ccc334e1-b032-4b42-9cda-450070b47869', '2025-08-30 11:49:01', '2025-08-30 11:49:01', 'RR-FINISH', 'synced'),
    ('9af843f4-91e1-46df-9a11-d4325b587a6d', 'da45cac0-c263-4ced-a8c9-6efcab2ad39a', 'c1ff7a74-afef-43d9-92dc-7f99450f8ca2', '2025-08-30 10:00:00', '2025-08-30 10:00:00', 'RR-START', 'synced'),
    ('43e0945c-11aa-4878-8067-7c3c057de880', 'da45cac0-c263-4ced-a8c9-6efcab2ad39a', 'ccc334e1-b032-4b42-9cda-450070b47869', '2025-08-30 11:49:01', '2025-08-30 11:49:01', 'RR-FINISH', 'synced'),
    ('dd453fed-21ab-4469-94d2-b1f6fff0bc20', '7f2a060f-a1e6-4bbe-8962-4181cc6cf957', 'c1ff7a74-afef-43d9-92dc-7f99450f8ca2', '2025-08-30 10:00:00', '2025-08-30 10:00:00', 'RR-START', 'synced'),
    ('60bcf54c-2273-4efe-84d5-61a160c5a4d4', '7f2a060f-a1e6-4bbe-8962-4181cc6cf957', 'ccc334e1-b032-4b42-9cda-450070b47869', '2025-08-30 11:49:09', '2025-08-30 11:49:09', 'RR-FINISH', 'synced'),
    ('cd2c8f82-e731-4848-9938-1ab25088b91b', 'bc3d0ed1-f954-4561-81e6-3efeed4450d7', 'c1ff7a74-afef-43d9-92dc-7f99450f8ca2', '2025-08-30 10:00:00', '2025-08-30 10:00:00', 'RR-START', 'synced'),
    ('1bec9222-937a-4069-8183-36e552658e79', 'bc3d0ed1-f954-4561-81e6-3efeed4450d7', 'ccc334e1-b032-4b42-9cda-450070b47869', '2025-08-30 11:49:31', '2025-08-30 11:49:31', 'RR-FINISH', 'synced'),
    ('5a66b153-8aef-4532-b20f-ba2bc3331723', '8b8bda98-b493-4cf3-875b-5b3c75639158', 'c1ff7a74-afef-43d9-92dc-7f99450f8ca2', '2025-08-30 10:00:00', '2025-08-30 10:00:00', 'RR-START', 'synced'),
    ('cbc9cd1e-6808-4b45-a569-d864232c2d43', '8b8bda98-b493-4cf3-875b-5b3c75639158', 'ccc334e1-b032-4b42-9cda-450070b47869', '2025-08-30 11:50:51', '2025-08-30 11:50:51', 'RR-FINISH', 'synced'),
    ('5f36f6eb-2039-48c6-8f63-94a9bf2d3579', '350dba20-3645-4374-ba4c-50deb9d7ed21', 'c1ff7a74-afef-43d9-92dc-7f99450f8ca2', '2025-08-30 10:00:00', '2025-08-30 10:00:00', 'RR-START', 'synced'),
    ('242fc126-3ca9-4302-a69a-9f2f471790e1', '350dba20-3645-4374-ba4c-50deb9d7ed21', 'ccc334e1-b032-4b42-9cda-450070b47869', '2025-08-30 11:51:08', '2025-08-30 11:51:08', 'RR-FINISH', 'synced'),
    ('a8a5fb7c-8b2d-4a32-8319-1c94eb2c41f3', '81bb084e-0481-4bf0-a34a-7c0784c1ed66', 'c1ff7a74-afef-43d9-92dc-7f99450f8ca2', '2025-08-30 10:00:00', '2025-08-30 10:00:00', 'RR-START', 'synced'),
    ('3e96d575-2a30-4c16-a1cb-9bf31af20b75', '81bb084e-0481-4bf0-a34a-7c0784c1ed66', 'ccc334e1-b032-4b42-9cda-450070b47869', '2025-08-30 11:51:43', '2025-08-30 11:51:43', 'RR-FINISH', 'synced'),
    ('86dd06f4-ca67-4f48-aa5a-8bce0fd8c551', '92a0a649-db0f-4442-b647-f1fcd1af41f5', 'c1ff7a74-afef-43d9-92dc-7f99450f8ca2', '2025-08-30 10:00:00', '2025-08-30 10:00:00', 'RR-START', 'synced'),
    ('b0715b04-084f-45a2-9fe7-cdf12a81cdd9', '92a0a649-db0f-4442-b647-f1fcd1af41f5', 'ccc334e1-b032-4b42-9cda-450070b47869', '2025-08-30 11:52:59', '2025-08-30 11:52:59', 'RR-FINISH', 'synced'),
    ('19a3f2df-324f-4540-82ee-e8e2dcb00445', '1f73c38e-e312-419f-b158-47a11080e631', 'c1ff7a74-afef-43d9-92dc-7f99450f8ca2', '2025-08-30 10:00:00', '2025-08-30 10:00:00', 'RR-START', 'synced'),
    ('b904f528-7b46-4b89-8636-50ba52397679', '1f73c38e-e312-419f-b158-47a11080e631', 'ccc334e1-b032-4b42-9cda-450070b47869', '2025-08-30 11:53:26', '2025-08-30 11:53:26', 'RR-FINISH', 'synced'),
    ('50dc82f7-0489-4301-ba86-d1386f8351e1', '75787b41-06fb-48f9-bb08-114226ee9b03', 'c1ff7a74-afef-43d9-92dc-7f99450f8ca2', '2025-08-30 10:00:00', '2025-08-30 10:00:00', 'RR-START', 'synced'),
    ('b41fb36e-7bd6-47fb-9346-06b1953757c5', '75787b41-06fb-48f9-bb08-114226ee9b03', 'ccc334e1-b032-4b42-9cda-450070b47869', '2025-08-30 11:53:54', '2025-08-30 11:53:54', 'RR-FINISH', 'synced'),
    ('228b6631-789c-43d1-929a-196a2380f016', '94cf6ee0-fee4-4bcb-84c8-8941c472bd68', 'c1ff7a74-afef-43d9-92dc-7f99450f8ca2', '2025-08-30 10:00:00', '2025-08-30 10:00:00', 'RR-START', 'synced'),
    ('84578540-38eb-4ca3-a2f7-82d2a1089d08', '94cf6ee0-fee4-4bcb-84c8-8941c472bd68', 'ccc334e1-b032-4b42-9cda-450070b47869', '2025-08-30 11:54:29', '2025-08-30 11:54:29', 'RR-FINISH', 'synced'),
    ('c314e424-e757-418b-bb47-185ff5cdb868', '61926965-db56-4baf-80ec-82be12e27e13', 'c1ff7a74-afef-43d9-92dc-7f99450f8ca2', '2025-08-30 10:00:00', '2025-08-30 10:00:00', 'RR-START', 'synced'),
    ('2e6a8a25-bfaa-44f8-ab35-e9c1ad551407', '61926965-db56-4baf-80ec-82be12e27e13', 'ccc334e1-b032-4b42-9cda-450070b47869', '2025-08-30 11:55:10', '2025-08-30 11:55:10', 'RR-FINISH', 'synced'),
    ('69f89253-3f0c-4fc4-942d-4d8f3c90290d', 'b9e82a93-bc94-4331-9d57-0adb4b691d9c', 'c1ff7a74-afef-43d9-92dc-7f99450f8ca2', '2025-08-30 10:00:00', '2025-08-30 10:00:00', 'RR-START', 'synced'),
    ('ae026ada-2f96-4138-b873-09322c8a424f', 'b9e82a93-bc94-4331-9d57-0adb4b691d9c', 'ccc334e1-b032-4b42-9cda-450070b47869', '2025-08-30 11:56:32', '2025-08-30 11:56:32', 'RR-FINISH', 'synced'),
    ('fedae526-e7d2-4556-acd7-196e7143c0f5', '9dab65e8-3dab-440e-82c4-5e546fbafae4', 'c1ff7a74-afef-43d9-92dc-7f99450f8ca2', '2025-08-30 10:00:00', '2025-08-30 10:00:00', 'RR-START', 'synced'),
    ('dc1df0de-e822-433a-a2de-b15b43fd8086', '9dab65e8-3dab-440e-82c4-5e546fbafae4', 'ccc334e1-b032-4b42-9cda-450070b47869', '2025-08-30 11:56:36', '2025-08-30 11:56:36', 'RR-FINISH', 'synced'),
    ('7c2bfbde-d642-46f8-b087-80fe135f2f0b', 'e33ececd-9653-4b42-af4c-de6f33dc097a', 'c1ff7a74-afef-43d9-92dc-7f99450f8ca2', '2025-08-30 10:00:00', '2025-08-30 10:00:00', 'RR-START', 'synced'),
    ('e03b2720-c023-4620-8875-a7d93d4300c7', 'e33ececd-9653-4b42-af4c-de6f33dc097a', 'ccc334e1-b032-4b42-9cda-450070b47869', '2025-08-30 11:56:39', '2025-08-30 11:56:39', 'RR-FINISH', 'synced'),
    ('6b952147-5f96-4f98-891d-1c9be342258e', 'd8e5686c-0f10-4018-87cf-0f2bfc1da585', 'c1ff7a74-afef-43d9-92dc-7f99450f8ca2', '2025-08-30 10:00:00', '2025-08-30 10:00:00', 'RR-START', 'synced'),
    ('78fb8a38-dae2-4d23-9362-5c7b03e41ef6', 'd8e5686c-0f10-4018-87cf-0f2bfc1da585', 'ccc334e1-b032-4b42-9cda-450070b47869', '2025-08-30 11:57:17', '2025-08-30 11:57:17', 'RR-FINISH', 'synced'),
    ('d3abcfea-3db7-4de4-abe3-dfe60c292800', '5fa2fd3c-8735-4b9c-9f79-bcbf6702965a', 'c1ff7a74-afef-43d9-92dc-7f99450f8ca2', '2025-08-30 10:00:00', '2025-08-30 10:00:00', 'RR-START', 'synced'),
    ('e2661de4-3166-4f52-ac9d-af4d7e3028a4', '5fa2fd3c-8735-4b9c-9f79-bcbf6702965a', 'ccc334e1-b032-4b42-9cda-450070b47869', '2025-08-30 11:58:51', '2025-08-30 11:58:51', 'RR-FINISH', 'synced'),
    ('91e4ead7-8c0d-4ad1-9725-e0359dbdec89', '553d2d6f-b086-4f57-bdc2-a88517508013', 'c1ff7a74-afef-43d9-92dc-7f99450f8ca2', '2025-08-30 10:00:00', '2025-08-30 10:00:00', 'RR-START', 'synced'),
    ('c603149b-34d9-4a34-a041-c7172696c584', '553d2d6f-b086-4f57-bdc2-a88517508013', 'ccc334e1-b032-4b42-9cda-450070b47869', '2025-08-30 11:59:17', '2025-08-30 11:59:17', 'RR-FINISH', 'synced'),
    ('6ad9e962-d185-4d1f-827e-72d5613f7fa3', '004a0a1a-e9f4-4c9a-b3a4-187f02d1de1e', 'c1ff7a74-afef-43d9-92dc-7f99450f8ca2', '2025-08-30 10:00:00', '2025-08-30 10:00:00', 'RR-START', 'synced'),
    ('2a164e12-4dec-4932-8ccb-60af88c609f8', '004a0a1a-e9f4-4c9a-b3a4-187f02d1de1e', 'ccc334e1-b032-4b42-9cda-450070b47869', '2025-08-30 11:59:26', '2025-08-30 11:59:26', 'RR-FINISH', 'synced'),
    ('235c6cc1-5ee4-45a8-8361-8f49ffa3a599', '4af2217b-4c17-4d02-916e-1560cbd804e8', 'c1ff7a74-afef-43d9-92dc-7f99450f8ca2', '2025-08-30 10:00:00', '2025-08-30 10:00:00', 'RR-START', 'synced'),
    ('6d6dfd86-a8d9-4691-bdc4-d04c6eda7ff4', '4af2217b-4c17-4d02-916e-1560cbd804e8', 'ccc334e1-b032-4b42-9cda-450070b47869', '2025-08-30 11:59:40', '2025-08-30 11:59:40', 'RR-FINISH', 'synced'),
    ('4ae758d8-e4c6-4dcc-8dde-d95c1f353cc5', '7769f3d1-9136-4321-b4e5-bffc42b74010', 'c1ff7a74-afef-43d9-92dc-7f99450f8ca2', '2025-08-30 10:00:00', '2025-08-30 10:00:00', 'RR-START', 'synced'),
    ('13f8d24d-fdb5-4b6a-8fa8-aca6d6cb59b8', '7769f3d1-9136-4321-b4e5-bffc42b74010', 'ccc334e1-b032-4b42-9cda-450070b47869', '2025-08-30 12:00:50', '2025-08-30 12:00:50', 'RR-FINISH', 'synced'),
    ('e562426b-ee7b-4f90-a6ca-40830235b79b', '7c60db75-77f7-47ab-ae88-cad2318947a3', 'c1ff7a74-afef-43d9-92dc-7f99450f8ca2', '2025-08-30 10:00:00', '2025-08-30 10:00:00', 'RR-START', 'synced'),
    ('52b8f9bf-7ad6-4675-b5eb-6d37d5c295b8', '7c60db75-77f7-47ab-ae88-cad2318947a3', 'ccc334e1-b032-4b42-9cda-450070b47869', '2025-08-30 12:01:15', '2025-08-30 12:01:15', 'RR-FINISH', 'synced'),
    ('dd8834c9-9cc8-4a88-9c0d-d828a7c7a866', 'a7a186cf-751b-46c7-8ba6-99bc186939b9', 'c1ff7a74-afef-43d9-92dc-7f99450f8ca2', '2025-08-30 10:00:00', '2025-08-30 10:00:00', 'RR-START', 'synced'),
    ('0086658a-0b75-48cb-9b4f-ff714f702c7e', 'a7a186cf-751b-46c7-8ba6-99bc186939b9', 'ccc334e1-b032-4b42-9cda-450070b47869', '2025-08-30 12:01:15', '2025-08-30 12:01:15', 'RR-FINISH', 'synced'),
    ('6af62bcf-57a1-4a0c-b81c-42f4a0c753cf', '92fad1a7-3e53-41ad-8781-eba13e81c24d', 'c1ff7a74-afef-43d9-92dc-7f99450f8ca2', '2025-08-30 10:00:00', '2025-08-30 10:00:00', 'RR-START', 'synced'),
    ('2c30970c-762d-4794-baa4-4dff63a813a1', '92fad1a7-3e53-41ad-8781-eba13e81c24d', 'ccc334e1-b032-4b42-9cda-450070b47869', '2025-08-30 12:01:18', '2025-08-30 12:01:18', 'RR-FINISH', 'synced'),
    ('c5e6a0b3-433f-4472-9221-d96fa74df12e', '04a38ffb-2da3-43bb-9275-ca94c6503a29', 'c1ff7a74-afef-43d9-92dc-7f99450f8ca2', '2025-08-30 10:00:00', '2025-08-30 10:00:00', 'RR-START', 'synced'),
    ('1f7ae11c-b5ad-401d-9385-976d62f1e6e0', '04a38ffb-2da3-43bb-9275-ca94c6503a29', 'ccc334e1-b032-4b42-9cda-450070b47869', '2025-08-30 12:01:59', '2025-08-30 12:01:59', 'RR-FINISH', 'synced'),
    ('9a455cd7-99f4-4f77-88f9-eaf86356f7fb', '6d4bbefe-4f60-4fff-b7b3-7f5601737c80', 'c1ff7a74-afef-43d9-92dc-7f99450f8ca2', '2025-08-30 10:00:00', '2025-08-30 10:00:00', 'RR-START', 'synced'),
    ('c517e827-f79e-4e2c-a079-f536c4489af2', '6d4bbefe-4f60-4fff-b7b3-7f5601737c80', 'ccc334e1-b032-4b42-9cda-450070b47869', '2025-08-30 12:02:20', '2025-08-30 12:02:20', 'RR-FINISH', 'synced'),
    ('4c7d2a76-fa01-485a-bc85-91397585695d', 'b1cda89f-a6d1-41bb-8264-a999844951e5', 'c1ff7a74-afef-43d9-92dc-7f99450f8ca2', '2025-08-30 10:00:00', '2025-08-30 10:00:00', 'RR-START', 'synced'),
    ('223503f4-1698-4c0b-91f2-464b21ca327e', 'b1cda89f-a6d1-41bb-8264-a999844951e5', 'ccc334e1-b032-4b42-9cda-450070b47869', '2025-08-30 12:02:54', '2025-08-30 12:02:54', 'RR-FINISH', 'synced'),
    ('548e24de-0292-4c70-bf7b-37dd1a669cfc', 'e3943486-08bd-4c52-8883-b5aeaff08ed0', 'c1ff7a74-afef-43d9-92dc-7f99450f8ca2', '2025-08-30 10:00:00', '2025-08-30 10:00:00', 'RR-START', 'synced'),
    ('98f7509f-82d4-4e1f-ba5f-cd35bf23ae9a', 'e3943486-08bd-4c52-8883-b5aeaff08ed0', 'ccc334e1-b032-4b42-9cda-450070b47869', '2025-08-30 12:03:12', '2025-08-30 12:03:12', 'RR-FINISH', 'synced'),
    ('aa9595d1-d94b-40f7-a2eb-716ae7ded329', '9ff8643c-a54e-4c5d-9115-645d3913cd3f', 'c1ff7a74-afef-43d9-92dc-7f99450f8ca2', '2025-08-30 10:00:00', '2025-08-30 10:00:00', 'RR-START', 'synced'),
    ('017da3d4-686d-44ad-aaa9-497f7d026c00', '9ff8643c-a54e-4c5d-9115-645d3913cd3f', 'ccc334e1-b032-4b42-9cda-450070b47869', '2025-08-30 12:06:47', '2025-08-30 12:06:47', 'RR-FINISH', 'synced'),
    ('ef5ec2eb-429d-4135-bfc0-d3bb4f998829', '787225f4-e6cf-4550-9d05-dd3265be8fa6', 'c1ff7a74-afef-43d9-92dc-7f99450f8ca2', '2025-08-30 10:00:00', '2025-08-30 10:00:00', 'RR-START', 'synced'),
    ('b01b7b34-4acb-4ffd-8c28-87b44b4a3ebe', '787225f4-e6cf-4550-9d05-dd3265be8fa6', 'ccc334e1-b032-4b42-9cda-450070b47869', '2025-08-30 12:07:19', '2025-08-30 12:07:19', 'RR-FINISH', 'synced'),
    ('dbb03eb0-a47d-47a7-bd19-855abcc8631b', '7b0d68be-013e-48ba-914c-9ed8811b7f29', 'c1ff7a74-afef-43d9-92dc-7f99450f8ca2', '2025-08-30 10:00:00', '2025-08-30 10:00:00', 'RR-START', 'synced'),
    ('537ee324-96b6-49d2-8ac2-3fda581d42e9', '7b0d68be-013e-48ba-914c-9ed8811b7f29', 'ccc334e1-b032-4b42-9cda-450070b47869', '2025-08-30 12:08:25', '2025-08-30 12:08:25', 'RR-FINISH', 'synced'),
    ('bd08a18d-5a3a-4552-8de3-566f0acd1850', '15bae96c-5965-4268-91f5-7743b4bf374f', 'c1ff7a74-afef-43d9-92dc-7f99450f8ca2', '2025-08-30 10:00:00', '2025-08-30 10:00:00', 'RR-START', 'synced'),
    ('edf6cd7b-41db-4442-a0e4-2eb4985b69ae', '15bae96c-5965-4268-91f5-7743b4bf374f', 'ccc334e1-b032-4b42-9cda-450070b47869', '2025-08-30 12:13:18', '2025-08-30 12:13:18', 'RR-FINISH', 'synced'),
    ('73131f22-068a-44c0-a89f-4a84c704a6b0', 'a5fad6fe-6e61-48fe-a96e-b5e9b72cfd8b', 'c1ff7a74-afef-43d9-92dc-7f99450f8ca2', '2025-08-30 10:00:00', '2025-08-30 10:00:00', 'RR-START', 'synced'),
    ('b328dd6b-e024-40da-9274-7c93fe5d5506', 'a5fad6fe-6e61-48fe-a96e-b5e9b72cfd8b', 'ccc334e1-b032-4b42-9cda-450070b47869', '2025-08-30 12:14:49', '2025-08-30 12:14:49', 'RR-FINISH', 'synced'),
    ('8d73e29b-8dc7-4375-875a-031dc6f6950c', 'b30dbd20-9fa9-4ee0-a34c-45e4f394a9da', 'c1ff7a74-afef-43d9-92dc-7f99450f8ca2', '2025-08-30 10:00:00', '2025-08-30 10:00:00', 'RR-START', 'synced'),
    ('ef9094e1-46bb-422e-869a-dc6d1b5230a5', 'b30dbd20-9fa9-4ee0-a34c-45e4f394a9da', 'ccc334e1-b032-4b42-9cda-450070b47869', '2025-08-30 12:14:49', '2025-08-30 12:14:49', 'RR-FINISH', 'synced'),
    ('ce39eb88-6e4d-4bb2-bfd9-66ad2e469ae5', 'baf28b6b-2089-4f4b-94e4-c018c609fa3a', 'c1ff7a74-afef-43d9-92dc-7f99450f8ca2', '2025-08-30 10:00:00', '2025-08-30 10:00:00', 'RR-START', 'synced'),
    ('75400881-8333-40fa-881a-234b3b182c06', 'baf28b6b-2089-4f4b-94e4-c018c609fa3a', 'ccc334e1-b032-4b42-9cda-450070b47869', '2025-08-30 12:15:03', '2025-08-30 12:15:03', 'RR-FINISH', 'synced'),
    ('241a8cba-ec0d-4483-8d9a-8c36da9b61f3', '82623c6b-16fc-41b9-8ce8-e492f4eb09d2', 'c1ff7a74-afef-43d9-92dc-7f99450f8ca2', '2025-08-30 10:00:00', '2025-08-30 10:00:00', 'RR-START', 'synced'),
    ('5b6417d7-7ac9-48fa-b8e6-5005183c3d89', '82623c6b-16fc-41b9-8ce8-e492f4eb09d2', 'ccc334e1-b032-4b42-9cda-450070b47869', '2025-08-30 12:15:27', '2025-08-30 12:15:27', 'RR-FINISH', 'synced'),
    ('8c55990f-d8e9-480c-a29a-95d2a1884e47', '42adf59f-c10e-449e-a20a-dba0d96f8048', 'c1ff7a74-afef-43d9-92dc-7f99450f8ca2', '2025-08-30 10:00:00', '2025-08-30 10:00:00', 'RR-START', 'synced'),
    ('3f1291ed-8c1a-4350-ba73-81b267052e91', '42adf59f-c10e-449e-a20a-dba0d96f8048', 'ccc334e1-b032-4b42-9cda-450070b47869', '2025-08-30 12:15:38', '2025-08-30 12:15:38', 'RR-FINISH', 'synced'),
    ('d266bccd-4f98-4f80-8c6b-4391cfb254dd', '6ccde14a-b9d4-4c80-84d0-9dc95f5a4b4f', 'c1ff7a74-afef-43d9-92dc-7f99450f8ca2', '2025-08-30 10:00:00', '2025-08-30 10:00:00', 'RR-START', 'synced'),
    ('2d57186d-ed28-457f-b213-539dd2e08d0c', '6ccde14a-b9d4-4c80-84d0-9dc95f5a4b4f', 'ccc334e1-b032-4b42-9cda-450070b47869', '2025-08-30 12:15:49', '2025-08-30 12:15:49', 'RR-FINISH', 'synced'),
    ('dd2110db-2884-4183-ba4c-fa04d1b45c35', '16c2b19d-afe4-4710-a28e-1c86aa72e3e6', 'c1ff7a74-afef-43d9-92dc-7f99450f8ca2', '2025-08-30 10:00:00', '2025-08-30 10:00:00', 'RR-START', 'synced'),
    ('d496dd61-e3b8-4ab6-902e-c968241c1efd', '16c2b19d-afe4-4710-a28e-1c86aa72e3e6', 'ccc334e1-b032-4b42-9cda-450070b47869', '2025-08-30 12:17:04', '2025-08-30 12:17:04', 'RR-FINISH', 'synced'),
    ('eba9161c-4f96-4783-a566-576563dbc347', '05bb5ade-9ee5-4385-a01c-23451781846a', 'c1ff7a74-afef-43d9-92dc-7f99450f8ca2', '2025-08-30 10:00:00', '2025-08-30 10:00:00', 'RR-START', 'synced'),
    ('1e880b9b-6ab2-4fd2-b411-b2de22ea0749', '05bb5ade-9ee5-4385-a01c-23451781846a', 'ccc334e1-b032-4b42-9cda-450070b47869', '2025-08-30 12:17:04', '2025-08-30 12:17:04', 'RR-FINISH', 'synced'),
    ('d552b6a7-d482-4049-895b-1e709a3ac0c7', '5ec91e0b-3207-43ac-8517-03de7cfc25c6', 'c1ff7a74-afef-43d9-92dc-7f99450f8ca2', '2025-08-30 10:00:00', '2025-08-30 10:00:00', 'RR-START', 'synced'),
    ('90bb3ea9-01c4-4a0b-b229-668e965e4f74', '5ec91e0b-3207-43ac-8517-03de7cfc25c6', 'ccc334e1-b032-4b42-9cda-450070b47869', '2025-08-30 12:17:58', '2025-08-30 12:17:58', 'RR-FINISH', 'synced'),
    ('b9a81514-9ab8-4f78-b98d-55de254dcb24', 'e353bfb6-9ba1-46d7-9469-555b9806ba0e', 'c1ff7a74-afef-43d9-92dc-7f99450f8ca2', '2025-08-30 10:00:00', '2025-08-30 10:00:00', 'RR-START', 'synced'),
    ('46012732-864a-40b0-9e2c-2f3de132c34a', 'e353bfb6-9ba1-46d7-9469-555b9806ba0e', 'ccc334e1-b032-4b42-9cda-450070b47869', '2025-08-30 12:20:50', '2025-08-30 12:20:50', 'RR-FINISH', 'synced'),
    ('fd6ed09f-f921-48be-8423-26f7c1a7f398', 'ca854ae4-28cb-4d4b-9053-64c329770e95', 'c1ff7a74-afef-43d9-92dc-7f99450f8ca2', '2025-08-30 10:00:00', '2025-08-30 10:00:00', 'RR-START', 'synced'),
    ('de77ddea-7a7f-4886-8eb6-fc16028c94a6', 'ca854ae4-28cb-4d4b-9053-64c329770e95', 'ccc334e1-b032-4b42-9cda-450070b47869', '2025-08-30 12:21:13', '2025-08-30 12:21:13', 'RR-FINISH', 'synced'),
    ('3ea0e242-ae36-4656-a452-a04343f3e429', 'fdf0304e-cdff-401b-8a66-b919a3b8fd4b', 'c1ff7a74-afef-43d9-92dc-7f99450f8ca2', '2025-08-30 10:00:00', '2025-08-30 10:00:00', 'RR-START', 'synced'),
    ('bcf4e225-f30f-414a-b804-3c19eff5ec95', 'fdf0304e-cdff-401b-8a66-b919a3b8fd4b', 'ccc334e1-b032-4b42-9cda-450070b47869', '2025-08-30 12:21:45', '2025-08-30 12:21:45', 'RR-FINISH', 'synced'),
    ('d31e2ff0-bbc2-432d-ae58-575f1dd9c90b', '679b4358-e333-42e1-9ba0-d23108e1d8c1', 'c1ff7a74-afef-43d9-92dc-7f99450f8ca2', '2025-08-30 10:00:00', '2025-08-30 10:00:00', 'RR-START', 'synced'),
    ('c9a5a6d0-f781-4abf-9c62-a6b656b92202', '679b4358-e333-42e1-9ba0-d23108e1d8c1', 'ccc334e1-b032-4b42-9cda-450070b47869', '2025-08-30 12:24:31', '2025-08-30 12:24:31', 'RR-FINISH', 'synced'),
    ('494fa078-bda2-423c-aeb7-03041f430928', '6ff1764e-f431-4edc-9b78-9206fd450d59', 'c1ff7a74-afef-43d9-92dc-7f99450f8ca2', '2025-08-30 10:00:00', '2025-08-30 10:00:00', 'RR-START', 'synced'),
    ('0b34a0b0-4ae0-4a37-8d14-24bba308a86b', '6ff1764e-f431-4edc-9b78-9206fd450d59', 'ccc334e1-b032-4b42-9cda-450070b47869', '2025-08-30 12:24:35', '2025-08-30 12:24:35', 'RR-FINISH', 'synced'),
    ('e321f089-5dea-4289-be66-235fd29c3734', 'aa34953f-b5e8-491d-8fc7-e7b26cc5ec67', 'c1ff7a74-afef-43d9-92dc-7f99450f8ca2', '2025-08-30 10:00:00', '2025-08-30 10:00:00', 'RR-START', 'synced'),
    ('f57a3721-f235-4eaa-ba16-67ab1ce14ccd', 'aa34953f-b5e8-491d-8fc7-e7b26cc5ec67', 'ccc334e1-b032-4b42-9cda-450070b47869', '2025-08-30 12:31:32', '2025-08-30 12:31:32', 'RR-FINISH', 'synced'),
    ('fcb1c23f-46b8-4181-b5f2-6ebcc1f3bff8', '631263c3-d7f0-4d3e-b035-fcf55fa0ab99', 'c1ff7a74-afef-43d9-92dc-7f99450f8ca2', '2025-08-30 10:00:00', '2025-08-30 10:00:00', 'RR-START', 'synced'),
    ('23c55b59-9c69-4d87-9495-cbc39b6ddc66', '631263c3-d7f0-4d3e-b035-fcf55fa0ab99', 'ccc334e1-b032-4b42-9cda-450070b47869', '2025-08-30 12:37:20', '2025-08-30 12:37:20', 'RR-FINISH', 'synced'),
    ('a8ea4e58-433c-4c12-a9a8-6261a810e774', '6db70f32-4e30-4c63-8513-9332f508f230', 'c1ff7a74-afef-43d9-92dc-7f99450f8ca2', '2025-08-30 10:00:00', '2025-08-30 10:00:00', 'RR-START', 'synced'),
    ('8e282b93-f04f-4b70-b553-7e9f3fa3d892', '6db70f32-4e30-4c63-8513-9332f508f230', 'ccc334e1-b032-4b42-9cda-450070b47869', '2025-08-30 12:39:07', '2025-08-30 12:39:07', 'RR-FINISH', 'synced'),
    ('d23152a0-e7ec-47a7-a6da-9aa15dc73960', '0d6fa76c-70f0-4e70-a15d-0b19a1a18c8c', 'c1ff7a74-afef-43d9-92dc-7f99450f8ca2', '2025-08-30 10:00:00', '2025-08-30 10:00:00', 'RR-START', 'synced'),
    ('0c854161-9182-4f29-838c-0d7bdec7a3a9', '0d6fa76c-70f0-4e70-a15d-0b19a1a18c8c', 'ccc334e1-b032-4b42-9cda-450070b47869', '2025-08-30 12:41:32', '2025-08-30 12:41:32', 'RR-FINISH', 'synced'),
    ('98df0735-1ab7-44cf-bbc8-a7aeee294c72', 'f49dc896-fe35-47c3-a8dc-5c4ab8c213df', 'c1ff7a74-afef-43d9-92dc-7f99450f8ca2', '2025-08-30 10:00:00', '2025-08-30 10:00:00', 'RR-START', 'synced'),
    ('79c43075-ca1f-4204-a73a-b6e67e78d720', 'f49dc896-fe35-47c3-a8dc-5c4ab8c213df', 'ccc334e1-b032-4b42-9cda-450070b47869', '2025-08-30 12:48:22', '2025-08-30 12:48:22', 'RR-FINISH', 'synced'),
    ('651687fd-a5b2-4e96-b434-c7794ae993f2', 'f4f05c55-92fe-484f-8eee-f4de8e075cb0', 'c1ff7a74-afef-43d9-92dc-7f99450f8ca2', '2025-08-30 10:00:00', '2025-08-30 10:00:00', 'RR-START', 'synced'),
    ('324cb1c3-284a-4249-8d2b-ab5da2eabacc', 'f4f05c55-92fe-484f-8eee-f4de8e075cb0', 'ccc334e1-b032-4b42-9cda-450070b47869', '2025-08-30 13:07:30', '2025-08-30 13:07:30', 'RR-FINISH', 'synced'),
    ('804e3331-bb25-4da3-977f-90bc71cce752', 'f5309cd6-d58a-4a94-bf41-153e6a8b5dad', 'c1ff7a74-afef-43d9-92dc-7f99450f8ca2', '2025-08-30 10:00:00', '2025-08-30 10:00:00', 'RR-START', 'synced'),
    ('76d79e65-f611-4d0b-ac31-dac32d8cb0ff', 'f5309cd6-d58a-4a94-bf41-153e6a8b5dad', 'ccc334e1-b032-4b42-9cda-450070b47869', '2025-08-30 13:09:21', '2025-08-30 13:09:21', 'RR-FINISH', 'synced'),
    ('acec02b8-8667-4661-90a3-d41bf2bdcffa', '887a3441-3152-4cd8-a90d-ce7ca8197ec6', 'c1ff7a74-afef-43d9-92dc-7f99450f8ca2', '2025-08-30 10:00:00', '2025-08-30 10:00:00', 'RR-START', 'synced'),
    ('fb4710fb-5a43-48b8-b0d9-47783ceca6f8', '887a3441-3152-4cd8-a90d-ce7ca8197ec6', 'ccc334e1-b032-4b42-9cda-450070b47869', '2025-08-30 13:09:23', '2025-08-30 13:09:23', 'RR-FINISH', 'synced'),
    ('c46d04d4-6869-4fcc-8b31-dbeab3fd48bf', '22851919-b801-41c8-b820-0ba7583f5c37', 'c1ff7a74-afef-43d9-92dc-7f99450f8ca2', '2025-08-30 10:00:00', '2025-08-30 10:00:00', 'RR-START', 'synced'),
    ('7a53033d-ea3d-48b2-8e18-ea77b42eddf1', '22851919-b801-41c8-b820-0ba7583f5c37', 'ccc334e1-b032-4b42-9cda-450070b47869', '2025-08-30 13:33:08', '2025-08-30 13:33:08', 'RR-FINISH', 'synced'),
    ('e0e26f6b-6b75-45ed-a718-b2fe93dbf74e', 'bb04971b-88ea-491c-abb6-c45203d1994c', 'd1ae232d-c0e5-4ec2-870f-205ea08344ce', '2025-08-30 10:00:00', '2025-08-30 10:00:00', 'RR-START', 'synced'),
    ('fab8b262-4f2a-46e5-82ed-edc04c6938a2', '7e4b9298-cda4-4808-bb11-3bdf7118d297', 'd1ae232d-c0e5-4ec2-870f-205ea08344ce', '2025-08-30 10:00:00', '2025-08-30 10:00:00', 'RR-START', 'synced'),
    ('abf67d67-5c1c-488d-91c6-0c13767ae645', 'eaf12941-f8c3-466c-968d-e251a47778f9', 'd1ae232d-c0e5-4ec2-870f-205ea08344ce', '2025-08-30 10:00:00', '2025-08-30 10:00:00', 'RR-START', 'synced'),
    ('24ae2217-b158-4396-a0fa-760963b29d1b', '2e352858-f8d9-40b7-9561-02532e8391f1', 'd1ae232d-c0e5-4ec2-870f-205ea08344ce', '2025-08-30 10:00:00', '2025-08-30 10:00:00', 'RR-START', 'synced'),
    ('a9e23815-7e6f-492e-a174-72e2b5b82b31', 'c2a5f2f1-1671-4dc8-8edd-ef196cc3a6cc', 'd1ae232d-c0e5-4ec2-870f-205ea08344ce', '2025-08-30 10:00:00', '2025-08-30 10:00:00', 'RR-START', 'synced'),
    ('96484026-8474-4bb3-a200-1dfea0f9d598', '062b93f6-a847-4ac8-97dd-bd9e2bf1875b', 'd1ae232d-c0e5-4ec2-870f-205ea08344ce', '2025-08-30 10:00:00', '2025-08-30 10:00:00', 'RR-START', 'synced'),
    ('ae6926a6-db04-47f5-9758-44cd8e20006b', '40c22185-c2ec-4110-ab0c-a349f35ef881', 'd1ae232d-c0e5-4ec2-870f-205ea08344ce', '2025-08-30 10:00:00', '2025-08-30 10:00:00', 'RR-START', 'synced'),
    ('fe265b2d-9bca-4421-8925-9559a1755ccd', '19303858-fd46-45d4-a2f7-edb2f283a844', 'd1ae232d-c0e5-4ec2-870f-205ea08344ce', '2025-08-30 10:00:00', '2025-08-30 10:00:00', 'RR-START', 'synced'),
    ('685aa99f-e0a3-46fe-828b-afb35307f654', '257e4d6a-8a40-4103-9527-9a0e85f7da8e', 'd1ae232d-c0e5-4ec2-870f-205ea08344ce', '2025-08-30 10:00:00', '2025-08-30 10:00:00', 'RR-START', 'synced'),
    ('de48c28e-553a-4abb-8b41-2d18f4ad5fc5', '2dfa2984-e767-42fe-8455-3aa908ffeada', 'd1ae232d-c0e5-4ec2-870f-205ea08344ce', '2025-08-30 10:00:00', '2025-08-30 10:00:00', 'RR-START', 'synced'),
    ('a50353b7-c997-49b5-87c1-2f661036aa28', '6d317588-49dc-433b-a919-391b8541756a', 'd1ae232d-c0e5-4ec2-870f-205ea08344ce', '2025-08-30 10:00:00', '2025-08-30 10:00:00', 'RR-START', 'synced'),
    ('b4492326-bdfb-41ae-9f93-125f774893ac', 'de05b2e7-730c-4f9c-a2c6-2b99cc1e1c76', 'd1ae232d-c0e5-4ec2-870f-205ea08344ce', '2025-08-30 10:00:00', '2025-08-30 10:00:00', 'RR-START', 'synced'),
    ('788b7d49-8374-4666-9127-5b2307d7a4ac', '199327fd-319a-4553-813d-7b164c3ea66e', 'd1ae232d-c0e5-4ec2-870f-205ea08344ce', '2025-08-30 10:00:00', '2025-08-30 10:00:00', 'RR-START', 'synced'),
    ('1726a9b1-2c0e-4b97-8a0a-46b1f1536f57', '315be448-48b4-4801-afca-b1d2059ba7a9', 'd1ae232d-c0e5-4ec2-870f-205ea08344ce', '2025-08-30 10:00:00', '2025-08-30 10:00:00', 'RR-START', 'synced'),
    ('cc2deee5-dadb-41e0-96d1-cb20ded32482', 'fc5485c4-997c-427a-a031-f8d2e38b2cc1', 'd1ae232d-c0e5-4ec2-870f-205ea08344ce', '2025-08-30 10:00:00', '2025-08-30 10:00:00', 'RR-START', 'synced'),
    ('63fefb50-9cad-4658-bb1c-75e03d4ab9be', 'e5a569b3-ef06-4402-b73a-de1fd4135d78', 'd1ae232d-c0e5-4ec2-870f-205ea08344ce', '2025-08-30 10:00:00', '2025-08-30 10:00:00', 'RR-START', 'synced'),
    ('cbde0ff2-e775-4b40-acc7-3cfa12f0f63a', '35b5898f-d124-495e-9642-28caf4a8f30d', 'd1ae232d-c0e5-4ec2-870f-205ea08344ce', '2025-08-30 10:00:00', '2025-08-30 10:00:00', 'RR-START', 'synced'),
    ('72a221a9-3771-4869-bf45-bf3a9305cc19', 'fed4727d-3273-46df-a220-d8a21f2830e8', 'd1ae232d-c0e5-4ec2-870f-205ea08344ce', '2025-08-30 10:00:00', '2025-08-30 10:00:00', 'RR-START', 'synced'),
    ('e5ab75ff-9d36-4644-8270-6ca3e315d826', '8af8e889-89b0-4967-990f-84d907c9f9df', 'd1ae232d-c0e5-4ec2-870f-205ea08344ce', '2025-08-30 10:00:00', '2025-08-30 10:00:00', 'RR-START', 'synced'),
    ('74f1adcc-0143-49b6-a1b8-91c207b75ce3', 'a2028614-68c0-46f2-a61b-5e1c4d0fca3a', 'd1ae232d-c0e5-4ec2-870f-205ea08344ce', '2025-08-30 10:00:00', '2025-08-30 10:00:00', 'RR-START', 'synced'),
    ('1bf40c96-8743-4e70-ba0a-e0a1b222ec98', '91a82899-8be3-4cfa-97d7-839bbde73007', 'd1ae232d-c0e5-4ec2-870f-205ea08344ce', '2025-08-30 10:00:00', '2025-08-30 10:00:00', 'RR-START', 'synced'),
    ('9ffd48fb-1c1d-4292-8601-4ddcec5f0c19', '15ce77cb-2491-48a1-b9e6-6f4475741a44', 'd1ae232d-c0e5-4ec2-870f-205ea08344ce', '2025-08-30 10:00:00', '2025-08-30 10:00:00', 'RR-START', 'synced'),
    ('cb86f6f2-8e0c-4f60-9b90-8297e2893ff4', 'c37fdb7d-dfea-41d9-9e47-5d3660728806', 'd1ae232d-c0e5-4ec2-870f-205ea08344ce', '2025-08-30 10:00:00', '2025-08-30 10:00:00', 'RR-START', 'synced'),
    ('193fc4a0-9697-4f45-b9bc-7fe0df82af85', '51e1c2a6-606d-4119-9ed3-2d1e89c714ed', 'd1ae232d-c0e5-4ec2-870f-205ea08344ce', '2025-08-30 10:00:00', '2025-08-30 10:00:00', 'RR-START', 'synced'),
    ('727fce23-f91c-45f3-be2e-33308be4970e', '51e1c2a6-606d-4119-9ed3-2d1e89c714ed', '31eacb01-a51e-4d98-ae20-d7c69ddf7f8b', '2025-08-30 11:01:11', '2025-08-30 11:01:11', 'RR-FINISH', 'synced'),
    ('87d382b0-0799-46bc-9ae0-6d15f81dc0d7', '4804c01f-6615-46a1-b3b0-092e4fff1900', 'd1ae232d-c0e5-4ec2-870f-205ea08344ce', '2025-08-30 10:00:00', '2025-08-30 10:00:00', 'RR-START', 'synced'),
    ('a8344f17-7853-4299-8e31-b7af333d217e', '4804c01f-6615-46a1-b3b0-092e4fff1900', '31eacb01-a51e-4d98-ae20-d7c69ddf7f8b', '2025-08-30 11:02:40', '2025-08-30 11:02:40', 'RR-FINISH', 'synced'),
    ('a4f81610-8da9-41a9-bb75-d9a09044e4e1', '6765f552-c15a-44ec-8301-93ddb2dd0f82', 'd1ae232d-c0e5-4ec2-870f-205ea08344ce', '2025-08-30 10:00:00', '2025-08-30 10:00:00', 'RR-START', 'synced'),
    ('6596fe82-8b87-45ec-b4b4-84e7b863d1e6', '6765f552-c15a-44ec-8301-93ddb2dd0f82', '31eacb01-a51e-4d98-ae20-d7c69ddf7f8b', '2025-08-30 11:04:50', '2025-08-30 11:04:50', 'RR-FINISH', 'synced'),
    ('61adfe04-28ba-492a-9504-e5eeef976f40', '745a4805-9359-4492-a488-3ef8ef99b02d', 'd1ae232d-c0e5-4ec2-870f-205ea08344ce', '2025-08-30 10:00:00', '2025-08-30 10:00:00', 'RR-START', 'synced'),
    ('8a0fd1a4-6a2e-4132-821f-fb492937ac7b', '745a4805-9359-4492-a488-3ef8ef99b02d', '31eacb01-a51e-4d98-ae20-d7c69ddf7f8b', '2025-08-30 11:05:10', '2025-08-30 11:05:10', 'RR-FINISH', 'synced'),
    ('d7538b6a-75f9-4b90-893c-e6d992499b38', '2932962f-2221-4b8e-a98a-1199de408674', 'd1ae232d-c0e5-4ec2-870f-205ea08344ce', '2025-08-30 10:00:00', '2025-08-30 10:00:00', 'RR-START', 'synced'),
    ('28f69eb1-ba08-4fbd-b969-301ba08a65b1', '2932962f-2221-4b8e-a98a-1199de408674', '31eacb01-a51e-4d98-ae20-d7c69ddf7f8b', '2025-08-30 11:05:45', '2025-08-30 11:05:45', 'RR-FINISH', 'synced'),
    ('b4fdaaac-cb58-4cb2-a15a-270129ac424c', '5812f2e0-288a-44ac-9f4e-6897bf20789c', 'd1ae232d-c0e5-4ec2-870f-205ea08344ce', '2025-08-30 10:00:00', '2025-08-30 10:00:00', 'RR-START', 'synced'),
    ('f03142e4-7261-4e30-88db-b161dd02afe6', '5812f2e0-288a-44ac-9f4e-6897bf20789c', '31eacb01-a51e-4d98-ae20-d7c69ddf7f8b', '2025-08-30 11:13:11', '2025-08-30 11:13:11', 'RR-FINISH', 'synced'),
    ('9c4856d9-0213-4592-9221-2722e387eec2', '0ce4be95-20f3-4977-bb32-192d28504a1f', 'd1ae232d-c0e5-4ec2-870f-205ea08344ce', '2025-08-30 10:00:00', '2025-08-30 10:00:00', 'RR-START', 'synced'),
    ('da4e4e25-a9a3-4e2b-a967-737ddfcccf0e', '0ce4be95-20f3-4977-bb32-192d28504a1f', '31eacb01-a51e-4d98-ae20-d7c69ddf7f8b', '2025-08-30 11:13:13', '2025-08-30 11:13:13', 'RR-FINISH', 'synced'),
    ('37919295-9296-4b19-8b0b-c4df51218323', '10ef2b22-9d74-4d77-8229-11846d00eaf8', 'd1ae232d-c0e5-4ec2-870f-205ea08344ce', '2025-08-30 10:00:00', '2025-08-30 10:00:00', 'RR-START', 'synced'),
    ('91b750d4-a3c5-4d9f-9fb9-4c431a0bf48d', '10ef2b22-9d74-4d77-8229-11846d00eaf8', '31eacb01-a51e-4d98-ae20-d7c69ddf7f8b', '2025-08-30 11:15:28', '2025-08-30 11:15:28', 'RR-FINISH', 'synced'),
    ('954fc1fd-3cf4-4667-b06c-e91256be3822', 'fadc2404-5ad4-4f27-869b-ff484d26ccae', 'd1ae232d-c0e5-4ec2-870f-205ea08344ce', '2025-08-30 10:00:00', '2025-08-30 10:00:00', 'RR-START', 'synced'),
    ('c054554e-bfa2-4dc9-af36-61ca1e57ef80', 'fadc2404-5ad4-4f27-869b-ff484d26ccae', '31eacb01-a51e-4d98-ae20-d7c69ddf7f8b', '2025-08-30 11:15:28', '2025-08-30 11:15:28', 'RR-FINISH', 'synced'),
    ('aed86f49-e335-4818-8f16-844dc1958dbd', '62a3e044-1e26-4b42-ab98-4c0ea8702ce3', 'd1ae232d-c0e5-4ec2-870f-205ea08344ce', '2025-08-30 10:00:00', '2025-08-30 10:00:00', 'RR-START', 'synced'),
    ('6c742876-fed1-450f-87c5-697efd966c6c', '62a3e044-1e26-4b42-ab98-4c0ea8702ce3', '31eacb01-a51e-4d98-ae20-d7c69ddf7f8b', '2025-08-30 11:16:14', '2025-08-30 11:16:14', 'RR-FINISH', 'synced'),
    ('074fcf36-887b-44ca-b172-09406f2a3160', '78097879-5ecf-4881-b44a-e69f73d9e150', 'd1ae232d-c0e5-4ec2-870f-205ea08344ce', '2025-08-30 10:00:00', '2025-08-30 10:00:00', 'RR-START', 'synced'),
    ('c5541336-b44f-4ef0-a568-e256cd5e34c2', '78097879-5ecf-4881-b44a-e69f73d9e150', '31eacb01-a51e-4d98-ae20-d7c69ddf7f8b', '2025-08-30 11:16:14', '2025-08-30 11:16:14', 'RR-FINISH', 'synced'),
    ('df964f2c-04ae-4661-957f-1eecb7c284e4', 'c228a97a-0323-4a63-a54d-4c5f5ddd4497', 'd1ae232d-c0e5-4ec2-870f-205ea08344ce', '2025-08-30 10:00:00', '2025-08-30 10:00:00', 'RR-START', 'synced'),
    ('3557765e-c898-4a9a-ab96-d4ef5d05ff05', 'c228a97a-0323-4a63-a54d-4c5f5ddd4497', '31eacb01-a51e-4d98-ae20-d7c69ddf7f8b', '2025-08-30 11:17:14', '2025-08-30 11:17:14', 'RR-FINISH', 'synced'),
    ('2b963407-4cf1-4e9c-8ae1-7214581957f1', 'aedc2e8e-af05-4228-9cca-0c268c070182', 'd1ae232d-c0e5-4ec2-870f-205ea08344ce', '2025-08-30 10:00:00', '2025-08-30 10:00:00', 'RR-START', 'synced'),
    ('95c82970-b1d4-4fc5-86fc-3564fd5efe55', 'aedc2e8e-af05-4228-9cca-0c268c070182', '31eacb01-a51e-4d98-ae20-d7c69ddf7f8b', '2025-08-30 11:19:31', '2025-08-30 11:19:31', 'RR-FINISH', 'synced'),
    ('971f6653-3f79-4ff1-8c18-d3d4ae471376', '313769bb-0927-4aae-9087-595a88007cdb', 'd1ae232d-c0e5-4ec2-870f-205ea08344ce', '2025-08-30 10:00:00', '2025-08-30 10:00:00', 'RR-START', 'synced'),
    ('280fbf52-a795-4099-be8b-058a7184a726', '313769bb-0927-4aae-9087-595a88007cdb', '31eacb01-a51e-4d98-ae20-d7c69ddf7f8b', '2025-08-30 11:19:33', '2025-08-30 11:19:33', 'RR-FINISH', 'synced'),
    ('27e07c7b-4019-4022-b926-eb0e53e93dae', '3b77e566-e587-4985-aeca-b5611916f209', 'd1ae232d-c0e5-4ec2-870f-205ea08344ce', '2025-08-30 10:00:00', '2025-08-30 10:00:00', 'RR-START', 'synced'),
    ('d7d4c949-2bc1-4ee8-9c4e-56ea5b6d84a7', '3b77e566-e587-4985-aeca-b5611916f209', '31eacb01-a51e-4d98-ae20-d7c69ddf7f8b', '2025-08-30 11:19:34', '2025-08-30 11:19:34', 'RR-FINISH', 'synced'),
    ('cbac0148-1c96-45a8-9fb0-4c8636ca84a6', '633e6d38-cf1a-4135-be92-80e4ce3829f9', 'd1ae232d-c0e5-4ec2-870f-205ea08344ce', '2025-08-30 10:00:00', '2025-08-30 10:00:00', 'RR-START', 'synced'),
    ('d5b48aae-6dae-4937-a711-f9b5a21a8f24', '633e6d38-cf1a-4135-be92-80e4ce3829f9', '31eacb01-a51e-4d98-ae20-d7c69ddf7f8b', '2025-08-30 11:23:40', '2025-08-30 11:23:40', 'RR-FINISH', 'synced'),
    ('a5d3bbb6-f456-4135-b281-cc456691da2b', '18f0ca6d-ecf3-4adb-aaa8-915ff87151e2', 'd1ae232d-c0e5-4ec2-870f-205ea08344ce', '2025-08-30 10:00:00', '2025-08-30 10:00:00', 'RR-START', 'synced'),
    ('99151600-3e53-404d-83f7-e77a1abf7640', '18f0ca6d-ecf3-4adb-aaa8-915ff87151e2', '31eacb01-a51e-4d98-ae20-d7c69ddf7f8b', '2025-08-30 11:27:15', '2025-08-30 11:27:15', 'RR-FINISH', 'synced'),
    ('5dc83f36-fac3-45c2-bc5d-e76b452d7ad1', '53749ac6-c993-4237-8ad9-969ac73273b1', 'd1ae232d-c0e5-4ec2-870f-205ea08344ce', '2025-08-30 10:00:00', '2025-08-30 10:00:00', 'RR-START', 'synced'),
    ('a4788875-60a5-423a-8fe7-0a47c7e111aa', '53749ac6-c993-4237-8ad9-969ac73273b1', '31eacb01-a51e-4d98-ae20-d7c69ddf7f8b', '2025-08-30 11:27:40', '2025-08-30 11:27:40', 'RR-FINISH', 'synced'),
    ('c7dc773d-be09-414d-a066-f43f04c0f66a', '7c5f647f-9a01-43a3-9ff7-489126a37474', 'd1ae232d-c0e5-4ec2-870f-205ea08344ce', '2025-08-30 10:00:00', '2025-08-30 10:00:00', 'RR-START', 'synced'),
    ('8ac3cc65-1955-4c01-96bb-f606bc72a9cc', '7c5f647f-9a01-43a3-9ff7-489126a37474', '31eacb01-a51e-4d98-ae20-d7c69ddf7f8b', '2025-08-30 11:33:53', '2025-08-30 11:33:53', 'RR-FINISH', 'synced'),
    ('f4124911-7bfe-4d6f-803c-91e1a2a2f1b6', 'd5a74b74-b895-4dd6-b5d0-5f98cd05682b', 'd1ae232d-c0e5-4ec2-870f-205ea08344ce', '2025-08-30 10:00:00', '2025-08-30 10:00:00', 'RR-START', 'synced'),
    ('6c58b2ed-c93e-4ca7-8577-ea9d6ece9c62', 'd5a74b74-b895-4dd6-b5d0-5f98cd05682b', '31eacb01-a51e-4d98-ae20-d7c69ddf7f8b', '2025-08-30 11:54:27', '2025-08-30 11:54:27', 'RR-FINISH', 'synced'),
    ('9399ba8a-d8a0-4906-8492-6aae95d30f2f', '2a88dcdf-6a54-4df2-921a-171f0f0eb6d0', 'd1ae232d-c0e5-4ec2-870f-205ea08344ce', '2025-08-30 10:00:00', '2025-08-30 10:00:00', 'RR-START', 'synced'),
    ('439fc186-0bd2-4092-8c26-14f1b63a7708', '2a88dcdf-6a54-4df2-921a-171f0f0eb6d0', '31eacb01-a51e-4d98-ae20-d7c69ddf7f8b', '2025-08-30 11:54:29', '2025-08-30 11:54:29', 'RR-FINISH', 'synced');

COMMIT;
