-- Real race results seeded from RaceResult event 356809.
-- 2025 Copper Harbor Trails Fest - XC MTB (2025-08-30, Copper Harbor, MI)
-- Source: https://my.raceresult.com/356809/
-- Regenerate: python database/seed/generate_copper_harbor_seed.py

BEGIN;

-- Seed entity IDs (fixed for repeatable runs)
-- Event:  11111111-1111-4111-8111-111111111101
-- Races:  ...102 (long), ...103 (medium), ...104 (short)

DELETE FROM timing_records WHERE participant_id IN (
    SELECT id FROM participants WHERE race_id IN (
        '11111111-1111-4111-8111-111111111102',
        '11111111-1111-4111-8111-111111111103',
        '11111111-1111-4111-8111-111111111104'
    )
);
DELETE FROM categories WHERE race_id IN (
    '11111111-1111-4111-8111-111111111102',
        '11111111-1111-4111-8111-111111111103',
        '11111111-1111-4111-8111-111111111104'
);
DELETE FROM timing_checkpoints WHERE race_id IN (
    '11111111-1111-4111-8111-111111111102',
        '11111111-1111-4111-8111-111111111103',
        '11111111-1111-4111-8111-111111111104'
);
DELETE FROM participants WHERE race_id IN (
    '11111111-1111-4111-8111-111111111102',
        '11111111-1111-4111-8111-111111111103',
        '11111111-1111-4111-8111-111111111104'
);
DELETE FROM races WHERE id IN (
    '11111111-1111-4111-8111-111111111102',
        '11111111-1111-4111-8111-111111111103',
        '11111111-1111-4111-8111-111111111104'
);
DELETE FROM events WHERE id = '11111111-1111-4111-8111-111111111101';

INSERT INTO events (id, name, description, event_date, location, website_url, status)
VALUES (
    '11111111-1111-4111-8111-111111111101',
    '2025 Copper Harbor Trails Fest - XC MTB',
    'Cross-country mountain bike races at the Copper Harbor Trails Fest (Superior Timing).',
    '2025-08-30',
    'Copper Harbor, MI',
    'https://my.raceresult.com/356809/',
    'completed'
);

INSERT INTO races (id, event_id, name, race_type, distance_km, duration_minutes, start_time, status)
VALUES
    (
        '11111111-1111-4111-8111-111111111102',
        '11111111-1111-4111-8111-111111111101',
        'Long XC Mountain Bike Race',
        'time_based',
        46.67,
        NULL,
        '2025-08-30 10:00:00',
        'finished'
    ),
    (
        '11111111-1111-4111-8111-111111111103',
        '11111111-1111-4111-8111-111111111101',
        'Medium XC Mountain Bike Race',
        'time_based',
        24.14,
        NULL,
        '2025-08-30 10:00:00',
        'finished'
    ),
    (
        '11111111-1111-4111-8111-111111111104',
        '11111111-1111-4111-8111-111111111101',
        'Short XC Mountain Bike Race',
        'time_based',
        11.27,
        NULL,
        '2025-08-30 10:00:00',
        'finished'
    );

INSERT INTO timing_checkpoints (id, race_id, name, checkpoint_type, distance_from_start_km, location_description, is_active)
VALUES
    ('11111111-1111-4111-8111-111111111201', '11111111-1111-4111-8111-111111111102', 'Start Line', 'start', 0.00, 'Downtown Copper Harbor', true),
    ('11111111-1111-4111-8111-111111111202', '11111111-1111-4111-8111-111111111102', 'Finish Line', 'finish', 46.67, 'Downtown Copper Harbor', true),
    ('11111111-1111-4111-8111-111111111203', '11111111-1111-4111-8111-111111111103', 'Start Line', 'start', 0.00, 'Downtown Copper Harbor', true),
    ('11111111-1111-4111-8111-111111111204', '11111111-1111-4111-8111-111111111103', 'Finish Line', 'finish', 24.14, 'Downtown Copper Harbor', true),
    ('11111111-1111-4111-8111-111111111205', '11111111-1111-4111-8111-111111111104', 'Start Line', 'start', 0.00, 'Downtown Copper Harbor', true),
    ('11111111-1111-4111-8111-111111111206', '11111111-1111-4111-8111-111111111104', 'Finish Line', 'finish', 11.27, 'Downtown Copper Harbor', true);

INSERT INTO categories (id, race_id, name, category_type, age_min, age_max, gender_filter, display_order)
VALUES
    ('11111111-1111-4111-8111-111111111301', '11111111-1111-4111-8111-111111111102', 'Overall', 'overall', NULL, NULL, NULL, 0),
    ('11111111-1111-4111-8111-111111111302', '11111111-1111-4111-8111-111111111102', 'Men', 'male', NULL, NULL, 'male', 1),
    ('11111111-1111-4111-8111-111111111303', '11111111-1111-4111-8111-111111111102', 'Women', 'female', NULL, NULL, 'female', 2),
    ('11111111-1111-4111-8111-111111111304', '11111111-1111-4111-8111-111111111103', 'Overall', 'overall', NULL, NULL, NULL, 0),
    ('11111111-1111-4111-8111-111111111305', '11111111-1111-4111-8111-111111111103', 'Men', 'male', NULL, NULL, 'male', 1),
    ('11111111-1111-4111-8111-111111111306', '11111111-1111-4111-8111-111111111103', 'Women', 'female', NULL, NULL, 'female', 2),
    ('11111111-1111-4111-8111-111111111307', '11111111-1111-4111-8111-111111111104', 'Overall', 'overall', NULL, NULL, NULL, 0),
    ('11111111-1111-4111-8111-111111111308', '11111111-1111-4111-8111-111111111104', 'Men', 'male', NULL, NULL, 'male', 1),
    ('11111111-1111-4111-8111-111111111309', '11111111-1111-4111-8111-111111111104', 'Women', 'female', NULL, NULL, 'female', 2);

INSERT INTO participants (id, race_id, bib_number, first_name, last_name, gender, age, location, rfid_tag_uid, status)
VALUES
    ('11111111-1111-4111-8111-111111111401', '11111111-1111-4111-8111-111111111102', '788', 'Peter', 'Karinen', 'male', 27, 'Tucson AZ', 'RR356809-279', 'finished'),
    ('11111111-1111-4111-8111-111111111402', '11111111-1111-4111-8111-111111111102', '786', 'Nate', 'Carey', 'male', 27, 'Rochester Hills MI', 'RR356809-268', 'finished'),
    ('11111111-1111-4111-8111-111111111403', '11111111-1111-4111-8111-111111111102', '722', 'Bridger', 'Flory', 'male', 21, 'Rhinelander WI', 'RR356809-57', 'finished'),
    ('11111111-1111-4111-8111-111111111404', '11111111-1111-4111-8111-111111111102', '744', 'Chad', 'Cannon', 'male', 27, 'Neenah WI', 'RR356809-69', 'finished'),
    ('11111111-1111-4111-8111-111111111405', '11111111-1111-4111-8111-111111111102', '842', 'Samuel', 'Kilpela', 'male', 34, 'Atlantic Mine MI', 'RR356809-257', 'finished'),
    ('11111111-1111-4111-8111-111111111406', '11111111-1111-4111-8111-111111111102', '797', 'Adam', 'Swank', 'male', 44, 'Duluth MN', 'RR356809-307', 'finished'),
    ('11111111-1111-4111-8111-111111111407', '11111111-1111-4111-8111-111111111102', '715', 'Ryan', 'Zinzow', 'male', 27, 'Whitewater WI', 'RR356809-44', 'finished'),
    ('11111111-1111-4111-8111-111111111408', '11111111-1111-4111-8111-111111111102', '777', 'Luke', 'Hubbard', 'male', 34, 'Hastings MI', 'RR356809-235', 'finished'),
    ('11111111-1111-4111-8111-111111111409', '11111111-1111-4111-8111-111111111102', '826', 'Jan', 'Roubal', 'male', 44, 'Sault Ste. Marie ON', 'RR356809-67', 'finished'),
    ('11111111-1111-4111-8111-111111111410', '11111111-1111-4111-8111-111111111102', '833', 'Matt', 'Griffin', 'male', 34, 'Madison WI', 'RR356809-92', 'finished'),
    ('11111111-1111-4111-8111-111111111411', '11111111-1111-4111-8111-111111111102', '732', 'Jakob', 'Craig', 'male', 21, 'Tomahawk WI', 'RR356809-101', 'finished'),
    ('11111111-1111-4111-8111-111111111412', '11111111-1111-4111-8111-111111111102', '750', 'David', 'Maclean', 'male', 62, 'Negaunee MI', 'RR356809-63', 'finished'),
    ('11111111-1111-4111-8111-111111111413', '11111111-1111-4111-8111-111111111102', '704', 'Joshua', 'Fangman', 'male', 34, 'Madison WI', 'RR356809-53', 'finished'),
    ('11111111-1111-4111-8111-111111111414', '11111111-1111-4111-8111-111111111102', '836', 'Tony', 'Fietz', 'male', 44, 'Petersburg MI', 'RR356809-17', 'finished'),
    ('11111111-1111-4111-8111-111111111415', '11111111-1111-4111-8111-111111111102', '848', 'Myles', 'Carey', 'male', NULL, 'Marquette MI', 'RR356809-278', 'finished'),
    ('11111111-1111-4111-8111-111111111416', '11111111-1111-4111-8111-111111111102', '768', 'Kyle', 'Marsh', 'male', 44, 'Hancock MI', 'RR356809-15', 'finished'),
    ('11111111-1111-4111-8111-111111111417', '11111111-1111-4111-8111-111111111102', '795', 'Patrick', 'Ogden', 'male', 21, 'Hancock MI', 'RR356809-304', 'finished'),
    ('11111111-1111-4111-8111-111111111418', '11111111-1111-4111-8111-111111111102', '751', 'Brian', 'Monton', 'male', 44, 'Pentwater MI', 'RR356809-37', 'finished'),
    ('11111111-1111-4111-8111-111111111419', '11111111-1111-4111-8111-111111111102', '801', 'Marjie', 'Bemis', 'female', 21, 'Indianapolis IN', 'RR356809-85', 'finished'),
    ('11111111-1111-4111-8111-111111111420', '11111111-1111-4111-8111-111111111102', '736', 'Jess', 'Kruchoski', 'male', 54, 'New Berlin WI', 'RR356809-26', 'finished'),
    ('11111111-1111-4111-8111-111111111421', '11111111-1111-4111-8111-111111111102', '810', 'Brady', 'Burns', 'male', 16, 'Perry MI', 'RR356809-9', 'finished'),
    ('11111111-1111-4111-8111-111111111422', '11111111-1111-4111-8111-111111111102', '735', 'Holly', 'Kruchoski', 'female', 44, 'New Berlin WI', 'RR356809-25', 'finished'),
    ('11111111-1111-4111-8111-111111111423', '11111111-1111-4111-8111-111111111102', '700', 'Scott', 'Gustafson', 'male', 44, 'Belmont MI', 'RR356809-316', 'finished'),
    ('11111111-1111-4111-8111-111111111424', '11111111-1111-4111-8111-111111111102', '792', 'Chad', 'Wells', 'male', 44, 'Petoskey MI', 'RR356809-294', 'finished'),
    ('11111111-1111-4111-8111-111111111425', '11111111-1111-4111-8111-111111111102', '813', 'Alex', 'Prohaska', 'male', 27, 'Kronenwetter WI', 'RR356809-99', 'finished'),
    ('11111111-1111-4111-8111-111111111426', '11111111-1111-4111-8111-111111111102', '818', 'Roger', 'Lundsten', 'male', 62, 'La Crosse WI', 'RR356809-65', 'finished'),
    ('11111111-1111-4111-8111-111111111427', '11111111-1111-4111-8111-111111111102', '837', 'Brett', 'Hauswirth', 'male', 34, 'Hancock MI', 'RR356809-83', 'finished'),
    ('11111111-1111-4111-8111-111111111428', '11111111-1111-4111-8111-111111111102', '764', 'Griffin', 'Myslivecek', 'male', 34, 'Minneapolis MN', 'RR356809-16', 'finished'),
    ('11111111-1111-4111-8111-111111111429', '11111111-1111-4111-8111-111111111102', '779', 'Brian', 'Bulkowski', 'male', 44, 'de Pere WI', 'RR356809-246', 'finished'),
    ('11111111-1111-4111-8111-111111111430', '11111111-1111-4111-8111-111111111102', '762', 'Justin', 'Hoffmeyer', 'male', 34, 'Hancock MI', 'RR356809-41', 'finished'),
    ('11111111-1111-4111-8111-111111111431', '11111111-1111-4111-8111-111111111102', '702', 'Caitlin', 'Neuman', 'female', 34, 'Madison WI', 'RR356809-30', 'finished'),
    ('11111111-1111-4111-8111-111111111432', '11111111-1111-4111-8111-111111111102', '773', 'Rylan', 'Pulliam', 'male', 16, 'Clarkston MI', 'RR356809-51', 'finished'),
    ('11111111-1111-4111-8111-111111111433', '11111111-1111-4111-8111-111111111102', '850', 'Thomas', 'Olek', 'male', 34, 'Roberts WI', 'RR356809-296', 'finished'),
    ('11111111-1111-4111-8111-111111111434', '11111111-1111-4111-8111-111111111102', '729', 'Paul', 'Kiehne', 'male', NULL, 'Schofield WI', 'RR356809-55', 'finished'),
    ('11111111-1111-4111-8111-111111111435', '11111111-1111-4111-8111-111111111102', '838', 'Jesse', 'Coenen', 'male', 44, 'Duluth MN', 'RR356809-54', 'finished'),
    ('11111111-1111-4111-8111-111111111436', '11111111-1111-4111-8111-111111111102', '845', 'Dan', 'Carey', 'male', 54, 'Iron Mountain MI', 'RR356809-269', 'finished'),
    ('11111111-1111-4111-8111-111111111437', '11111111-1111-4111-8111-111111111102', '847', 'Spencer', 'Layson', 'male', 34, 'Chicago IL', 'RR356809-275', 'finished'),
    ('11111111-1111-4111-8111-111111111438', '11111111-1111-4111-8111-111111111102', '843', 'William', 'Haapala', 'male', 21, 'Houghton MI', 'RR356809-263', 'finished'),
    ('11111111-1111-4111-8111-111111111439', '11111111-1111-4111-8111-111111111102', '703', 'Elizabeth', 'Sabin', 'female', 34, 'Marquette MI', 'RR356809-56', 'finished'),
    ('11111111-1111-4111-8111-111111111440', '11111111-1111-4111-8111-111111111102', '832', 'Chase', 'Flackey', 'male', 27, 'Madison WI', 'RR356809-21', 'finished'),
    ('11111111-1111-4111-8111-111111111441', '11111111-1111-4111-8111-111111111102', '712', 'Jason', 'Menden', 'male', 34, 'Santa Cruz CA', 'RR356809-104', 'finished'),
    ('11111111-1111-4111-8111-111111111442', '11111111-1111-4111-8111-111111111102', '707', 'Lisa', 'Randall', 'female', 44, 'Copper Harbor MI', 'RR356809-7', 'finished'),
    ('11111111-1111-4111-8111-111111111443', '11111111-1111-4111-8111-111111111102', '720', 'Kurt', 'Terhune', 'male', 34, 'Houghton MI', 'RR356809-33', 'finished'),
    ('11111111-1111-4111-8111-111111111444', '11111111-1111-4111-8111-111111111102', '781', 'Jamie', 'Mccoll', 'female', 34, 'Menomonee Falls WI', 'RR356809-252', 'finished'),
    ('11111111-1111-4111-8111-111111111445', '11111111-1111-4111-8111-111111111102', '770', 'Jojo', 'Visnaw', 'male', 54, 'Saint Ignace MI', 'RR356809-86', 'finished'),
    ('11111111-1111-4111-8111-111111111446', '11111111-1111-4111-8111-111111111102', '726', 'Nathan', 'Zinzow', 'male', 44, 'Cambridge WI', 'RR356809-40', 'finished'),
    ('11111111-1111-4111-8111-111111111447', '11111111-1111-4111-8111-111111111102', '741', 'Curtis', 'Cline', 'male', NULL, 'Duluth MN', 'RR356809-49', 'finished'),
    ('11111111-1111-4111-8111-111111111448', '11111111-1111-4111-8111-111111111102', '708', 'Jayden', 'Randall', 'female', 16, 'Copper Harbor MI', 'RR356809-93', 'finished'),
    ('11111111-1111-4111-8111-111111111449', '11111111-1111-4111-8111-111111111102', '796', 'Jeremy', 'Pletka', 'male', NULL, 'Marquette MI', 'RR356809-306', 'finished'),
    ('11111111-1111-4111-8111-111111111450', '11111111-1111-4111-8111-111111111102', '787', 'Matt', 'Tingstad', 'male', 44, 'Bessemer MI', 'RR356809-272', 'finished'),
    ('11111111-1111-4111-8111-111111111451', '11111111-1111-4111-8111-111111111102', '785', 'Aj', 'Westanmo', 'male', 16, 'Houghton MI', 'RR356809-264', 'finished'),
    ('11111111-1111-4111-8111-111111111452', '11111111-1111-4111-8111-111111111102', '717', 'Gregg', 'Dionne', 'male', 54, 'Mount Pleasant MI', 'RR356809-77', 'finished'),
    ('11111111-1111-4111-8111-111111111453', '11111111-1111-4111-8111-111111111102', '767', 'Cade', 'Meyer', 'male', 27, 'Hancock MI', 'RR356809-60', 'finished'),
    ('11111111-1111-4111-8111-111111111454', '11111111-1111-4111-8111-111111111102', '835', 'Brad', 'Chick', 'male', 54, 'Ann Arbor MI', 'RR356809-111', 'finished'),
    ('11111111-1111-4111-8111-111111111455', '11111111-1111-4111-8111-111111111102', '711', 'Jorgen', 'Hamann', 'male', 34, 'Medford WI', 'RR356809-38', 'finished'),
    ('11111111-1111-4111-8111-111111111456', '11111111-1111-4111-8111-111111111102', '730', 'Petr', 'Ineman', 'male', 44, 'Downers Grove IL', 'RR356809-59', 'finished'),
    ('11111111-1111-4111-8111-111111111457', '11111111-1111-4111-8111-111111111102', '812', 'Dennis', 'Lappin', 'male', 54, 'Milford MI', 'RR356809-58', 'finished'),
    ('11111111-1111-4111-8111-111111111458', '11111111-1111-4111-8111-111111111102', '815', 'Dennis', 'Blockland', 'male', 54, 'Rockford MI', 'RR356809-45', 'finished'),
    ('11111111-1111-4111-8111-111111111459', '11111111-1111-4111-8111-111111111102', '748', 'Katrina', 'Engelsted', 'female', 34, 'Boulder CO', 'RR356809-91', 'finished'),
    ('11111111-1111-4111-8111-111111111460', '11111111-1111-4111-8111-111111111102', '806', 'Garrett', 'Griswold', 'male', 34, 'Neenah WI', 'RR356809-81', 'finished'),
    ('11111111-1111-4111-8111-111111111461', '11111111-1111-4111-8111-111111111102', '727', 'Connor', 'Gilbreath', 'male', 27, 'Minneapolis MN', 'RR356809-94', 'finished'),
    ('11111111-1111-4111-8111-111111111462', '11111111-1111-4111-8111-111111111102', '841', 'Steve', 'Ericksen', 'male', 44, 'Marquette MI', 'RR356809-255', 'finished'),
    ('11111111-1111-4111-8111-111111111463', '11111111-1111-4111-8111-111111111102', '830', 'Spencer', 'Mendel', 'male', 54, 'Alpena MI', 'RR356809-72', 'finished'),
    ('11111111-1111-4111-8111-111111111464', '11111111-1111-4111-8111-111111111102', '721', 'Joseph', 'Grubaugh', 'male', 44, 'Dewitt MI', 'RR356809-66', 'finished'),
    ('11111111-1111-4111-8111-111111111465', '11111111-1111-4111-8111-111111111102', '716', 'Ron', 'Berry', 'male', 44, 'Marquette MI', 'RR356809-29', 'finished'),
    ('11111111-1111-4111-8111-111111111466', '11111111-1111-4111-8111-111111111102', '819', 'Joseph', 'Mccrary', 'male', 16, 'Milwaukee WI', 'RR356809-52', 'finished'),
    ('11111111-1111-4111-8111-111111111467', '11111111-1111-4111-8111-111111111102', '827', 'Petr', 'Brokes', 'male', 54, 'Villa Park IL', 'RR356809-71', 'finished'),
    ('11111111-1111-4111-8111-111111111468', '11111111-1111-4111-8111-111111111102', '627', 'Reece', 'Zimm', 'male', 34, 'Duluth MN', 'RR356809-317', 'finished'),
    ('11111111-1111-4111-8111-111111111469', '11111111-1111-4111-8111-111111111102', '839', 'Benjamin', 'Ciavola', 'male', 34, 'Houghton MI', 'RR356809-233', 'finished'),
    ('11111111-1111-4111-8111-111111111470', '11111111-1111-4111-8111-111111111102', '829', 'Jeremy', 'Ruys', 'male', 21, 'Grand Rapids MI', 'RR356809-88', 'finished'),
    ('11111111-1111-4111-8111-111111111471', '11111111-1111-4111-8111-111111111102', '755', 'Austin', 'Balken', 'male', NULL, 'Burnsville MN', 'RR356809-23', 'finished'),
    ('11111111-1111-4111-8111-111111111472', '11111111-1111-4111-8111-111111111102', '731', 'Lauren', 'Maki', 'female', 21, 'Marshfield WI', 'RR356809-6', 'finished'),
    ('11111111-1111-4111-8111-111111111473', '11111111-1111-4111-8111-111111111102', '761', 'Brandon', 'Teske', 'male', 44, 'Madison WI', 'RR356809-10', 'finished'),
    ('11111111-1111-4111-8111-111111111474', '11111111-1111-4111-8111-111111111102', '807', 'Travis', 'Peterson', 'male', 34, 'Coeur D Alene ID', 'RR356809-47', 'finished'),
    ('11111111-1111-4111-8111-111111111475', '11111111-1111-4111-8111-111111111102', '713', 'Cole', 'Alsbach', 'male', 34, 'Menasha WI', 'RR356809-79', 'finished'),
    ('11111111-1111-4111-8111-111111111476', '11111111-1111-4111-8111-111111111102', '710', 'Steve', 'Bartzen', 'male', 44, 'Grand Rapids MI', 'RR356809-97', 'finished'),
    ('11111111-1111-4111-8111-111111111477', '11111111-1111-4111-8111-111111111102', '724', 'Isaac', 'Frieders', 'male', 27, 'Kronenwetter WI', 'RR356809-4', 'finished'),
    ('11111111-1111-4111-8111-111111111478', '11111111-1111-4111-8111-111111111102', '794', 'Max', 'Maas', 'male', 21, 'Duluth MN', 'RR356809-302', 'finished'),
    ('11111111-1111-4111-8111-111111111479', '11111111-1111-4111-8111-111111111102', '782', 'Phil', 'Taylor', 'male', 54, 'Greenleaf WI', 'RR356809-250', 'finished'),
    ('11111111-1111-4111-8111-111111111480', '11111111-1111-4111-8111-111111111102', '743', 'Mateusz', 'Wozniak', 'male', 16, 'Wrocław ', 'RR356809-103', 'finished'),
    ('11111111-1111-4111-8111-111111111481', '11111111-1111-4111-8111-111111111102', '816', 'Jonathan', 'Nyhus', 'male', 34, 'Duluth MN', 'RR356809-11', 'finished'),
    ('11111111-1111-4111-8111-111111111482', '11111111-1111-4111-8111-111111111102', '775', 'David', 'Schroeder', 'male', 44, 'de Pere WI', 'RR356809-232', 'finished'),
    ('11111111-1111-4111-8111-111111111483', '11111111-1111-4111-8111-111111111102', '831', 'Joshua', 'Farmer', 'male', 34, 'Charlevoix MI', 'RR356809-22', 'finished'),
    ('11111111-1111-4111-8111-111111111484', '11111111-1111-4111-8111-111111111102', '742', 'Timothy', 'Kolesar', 'male', 44, 'Ishpeming MI', 'RR356809-50', 'finished'),
    ('11111111-1111-4111-8111-111111111485', '11111111-1111-4111-8111-111111111102', '820', 'Christopher', 'Stretton', 'male', 34, 'Marquette MI', 'RR356809-75', 'finished'),
    ('11111111-1111-4111-8111-111111111486', '11111111-1111-4111-8111-111111111102', '769', 'Ian', 'Devlieg', 'male', NULL, 'Saint Louis MO', 'RR356809-46', 'finished'),
    ('11111111-1111-4111-8111-111111111487', '11111111-1111-4111-8111-111111111102', '763', 'Greg', 'Danforth', 'male', 62, 'Boyne City MI', 'RR356809-107', 'finished'),
    ('11111111-1111-4111-8111-111111111488', '11111111-1111-4111-8111-111111111102', '706', 'William', 'Hopkins', 'male', 34, 'Duluth MN', 'RR356809-62', 'finished'),
    ('11111111-1111-4111-8111-111111111489', '11111111-1111-4111-8111-111111111102', '745', 'Austin', 'Crisp', 'male', 34, 'Sheboygan WI', 'RR356809-106', 'finished'),
    ('11111111-1111-4111-8111-111111111490', '11111111-1111-4111-8111-111111111102', '803', 'Nathan', 'Laakonen', 'male', 34, 'Hancock MI', 'RR356809-102', 'finished'),
    ('11111111-1111-4111-8111-111111111491', '11111111-1111-4111-8111-111111111102', '758', 'Carl', 'Loomis', 'male', 62, 'Ann Arbor MI', 'RR356809-98', 'finished'),
    ('11111111-1111-4111-8111-111111111492', '11111111-1111-4111-8111-111111111102', '734', 'Jack', 'Drummond', 'male', 21, 'Northville MI', 'RR356809-5', 'finished'),
    ('11111111-1111-4111-8111-111111111493', '11111111-1111-4111-8111-111111111102', '719', 'Scott', 'Tank', 'male', 62, 'Stevens Point WI', 'RR356809-18', 'finished'),
    ('11111111-1111-4111-8111-111111111494', '11111111-1111-4111-8111-111111111102', '798', 'Missy', 'Whalen', 'female', NULL, 'Marquette MI', 'RR356809-308', 'finished'),
    ('11111111-1111-4111-8111-111111111495', '11111111-1111-4111-8111-111111111102', '709', 'Aaron', 'Rabideau', 'male', 34, 'Duluth MN', 'RR356809-28', 'finished'),
    ('11111111-1111-4111-8111-111111111496', '11111111-1111-4111-8111-111111111102', '747', 'Landin', 'Eidum', 'male', 16, 'Duluth MN', 'RR356809-61', 'finished'),
    ('11111111-1111-4111-8111-111111111497', '11111111-1111-4111-8111-111111111102', '746', 'Noah', 'Martinez', 'male', 16, 'Milwaukee WI', 'RR356809-84', 'finished'),
    ('11111111-1111-4111-8111-111111111498', '11111111-1111-4111-8111-111111111102', '817', 'Melissa', 'Gleason', 'female', 44, 'Milwaukee WI', 'RR356809-323', 'finished'),
    ('11111111-1111-4111-8111-111111111499', '11111111-1111-4111-8111-111111111102', '701', 'Jesse', 'Lucking', 'male', 44, 'Long Lake MN', 'RR356809-42', 'finished'),
    ('11111111-1111-4111-8111-111111111500', '11111111-1111-4111-8111-111111111102', '725', 'Bob', 'Griswold', 'male', 62, 'Kohler WI', 'RR356809-31', 'finished'),
    ('11111111-1111-4111-8111-111111111501', '11111111-1111-4111-8111-111111111102', '766', 'Joshua', 'Mccole', 'male', 34, 'Kingsford MI', 'RR356809-19', 'finished'),
    ('11111111-1111-4111-8111-111111111502', '11111111-1111-4111-8111-111111111102', '811', 'Gary', 'Meader', 'male', 62, 'Decorah IA', 'RR356809-110', 'finished'),
    ('11111111-1111-4111-8111-111111111503', '11111111-1111-4111-8111-111111111102', '749', 'Cale', 'Polkinghorne', 'male', 44, 'Marquettemarquette MI', 'RR356809-95', 'finished'),
    ('11111111-1111-4111-8111-111111111504', '11111111-1111-4111-8111-111111111102', '774', 'Michaela', 'Nelson', 'female', 21, 'Leadville CO', 'RR356809-20', 'finished'),
    ('11111111-1111-4111-8111-111111111505', '11111111-1111-4111-8111-111111111102', '823', 'Johnny', 'Ragonese', 'male', 34, 'Milwaukee WI', 'RR356809-80', 'finished'),
    ('11111111-1111-4111-8111-111111111506', '11111111-1111-4111-8111-111111111102', '825', 'Mandy', 'Griesenbeck', 'female', NULL, 'Davenport IA', 'RR356809-89', 'finished'),
    ('11111111-1111-4111-8111-111111111507', '11111111-1111-4111-8111-111111111102', '733', 'Mary', 'Jane Bauer', 'female', 21, 'Marquette MI', 'RR356809-100', 'finished'),
    ('11111111-1111-4111-8111-111111111508', '11111111-1111-4111-8111-111111111102', '776', 'Daniel', 'Griffin', 'male', 27, 'Calumet MI', 'RR356809-234', 'finished'),
    ('11111111-1111-4111-8111-111111111509', '11111111-1111-4111-8111-111111111102', '728', 'Adam', 'Tutak', 'male', 27, 'Blytheville AR', 'RR356809-108', 'finished'),
    ('11111111-1111-4111-8111-111111111510', '11111111-1111-4111-8111-111111111102', '783', 'Tom', 'Rose', 'male', 44, 'Green Bay WI', 'RR356809-251', 'finished'),
    ('11111111-1111-4111-8111-111111111511', '11111111-1111-4111-8111-111111111102', '834', 'Scott', 'Bury', 'male', 62, 'Sanford MI', 'RR356809-76', 'finished'),
    ('11111111-1111-4111-8111-111111111512', '11111111-1111-4111-8111-111111111102', '790', 'Ella', 'Falk', 'female', 16, 'Marquette MI', 'RR356809-284', 'finished'),
    ('11111111-1111-4111-8111-111111111513', '11111111-1111-4111-8111-111111111102', '789', 'Derek', 'Falk', 'male', 44, 'Marquette MI', 'RR356809-285', 'finished'),
    ('11111111-1111-4111-8111-111111111514', '11111111-1111-4111-8111-111111111102', '822', 'Jose', 'Geiser', 'male', 34, 'Appleton WI', 'RR356809-64', 'finished'),
    ('11111111-1111-4111-8111-111111111515', '11111111-1111-4111-8111-111111111102', '800', 'Ella', 'Whalen', 'female', 21, 'Marquette MI', 'RR356809-309', 'finished'),
    ('11111111-1111-4111-8111-111111111516', '11111111-1111-4111-8111-111111111102', '752', 'Mike', 'Fetter', 'male', 34, 'Marquette MI', 'RR356809-35', 'finished'),
    ('11111111-1111-4111-8111-111111111517', '11111111-1111-4111-8111-111111111102', '799', 'George', 'Lyall', 'male', 34, 'Duluth MN', 'RR356809-310', 'finished'),
    ('11111111-1111-4111-8111-111111111518', '11111111-1111-4111-8111-111111111102', '784', 'Amanda', 'Kilpela', 'female', 34, 'Atlantic Mine MI', 'RR356809-256', 'finished'),
    ('11111111-1111-4111-8111-111111111519', '11111111-1111-4111-8111-111111111102', '626', 'Derek', 'Warren', 'male', 34, 'Iron Mountain MI', 'RR356809-315', 'finished'),
    ('11111111-1111-4111-8111-111111111520', '11111111-1111-4111-8111-111111111102', '846', 'Grace', 'Rickauer', 'female', 21, 'Houghton MI', 'RR356809-273', 'finished'),
    ('11111111-1111-4111-8111-111111111521', '11111111-1111-4111-8111-111111111102', '739', 'Shelby', 'Dawson', 'female', 44, 'Holmen WI', 'RR356809-34', 'finished'),
    ('11111111-1111-4111-8111-111111111522', '11111111-1111-4111-8111-111111111102', '821', 'Neshoba', 'Zietlow', 'female', 44, 'La Crosse WI', 'RR356809-12', 'finished'),
    ('11111111-1111-4111-8111-111111111523', '11111111-1111-4111-8111-111111111102', '756', 'Justus', 'Witmer', 'male', 34, 'Minnneapolis MN', 'RR356809-324', 'finished'),
    ('11111111-1111-4111-8111-111111111524', '11111111-1111-4111-8111-111111111102', '802', 'Zach', 'Woodward', 'male', 34, 'Duluth MN', 'RR356809-68', 'finished'),
    ('11111111-1111-4111-8111-111111111525', '11111111-1111-4111-8111-111111111102', '714', 'Jason', 'Scherman', 'male', 44, 'Elko New Market MN', 'RR356809-90', 'finished'),
    ('11111111-1111-4111-8111-111111111526', '11111111-1111-4111-8111-111111111102', '754', 'Tyler', 'Hosking', 'male', 27, 'Laurium MI', 'RR356809-48', 'finished'),
    ('11111111-1111-4111-8111-111111111527', '11111111-1111-4111-8111-111111111102', '718', 'Bruce', 'Hauser', 'male', 62, 'Wausau WI', 'RR356809-39', 'finished'),
    ('11111111-1111-4111-8111-111111111528', '11111111-1111-4111-8111-111111111102', '760', 'Aric', 'Chilcote', 'male', 54, 'Wausau WI', 'RR356809-105', 'finished'),
    ('11111111-1111-4111-8111-111111111529', '11111111-1111-4111-8111-111111111102', '804', 'Leanne', 'Laakonen', 'female', 34, 'Hancock MI', 'RR356809-96', 'finished'),
    ('11111111-1111-4111-8111-111111111530', '11111111-1111-4111-8111-111111111102', '765', 'Halley', 'Mccole', 'female', 34, 'Kingsford MI', 'RR356809-70', 'finished'),
    ('11111111-1111-4111-8111-111111111531', '11111111-1111-4111-8111-111111111102', '759', 'Tanya', 'Wayda', 'female', 44, 'Stevens Point WI', 'RR356809-74', 'finished'),
    ('11111111-1111-4111-8111-111111111532', '11111111-1111-4111-8111-111111111102', '771', 'Lianna', 'Miller', 'female', 44, 'Houghton MI', 'RR356809-3', 'finished'),
    ('11111111-1111-4111-8111-111111111533', '11111111-1111-4111-8111-111111111102', '808', 'Austin', 'Stensen', 'male', 34, 'Augusta WI', 'RR356809-43', 'finished'),
    ('11111111-1111-4111-8111-111111111534', '11111111-1111-4111-8111-111111111102', '772', 'Weston', 'Early', 'male', 27, 'Hancock MI', 'RR356809-2', 'finished'),
    ('11111111-1111-4111-8111-111111111535', '11111111-1111-4111-8111-111111111102', '778', 'Rudi', 'Miller', 'male', 27, 'Hancock MI', 'RR356809-237', 'finished'),
    ('11111111-1111-4111-8111-111111111536', '11111111-1111-4111-8111-111111111102', '738', 'Robert', 'Whiteside', 'male', 44, 'Milwaukee WI', 'RR356809-78', 'finished'),
    ('11111111-1111-4111-8111-111111111537', '11111111-1111-4111-8111-111111111102', '824', 'Raquel', 'Tiyaga', 'female', 34, 'Milwaukee WI', 'RR356809-13', 'finished'),
    ('11111111-1111-4111-8111-111111111538', '11111111-1111-4111-8111-111111111102', '737', 'Luke', 'Whiteside', 'male', 16, 'Milwaukee WI', 'RR356809-24', 'finished'),
    ('11111111-1111-4111-8111-111111111539', '11111111-1111-4111-8111-111111111102', '805', 'Jennifer', 'Byle', 'female', 44, 'Grand Rapids MI', 'RR356809-36', 'finished'),
    ('11111111-1111-4111-8111-111111111540', '11111111-1111-4111-8111-111111111102', '740', 'Jacqueline', 'Mueller', 'female', 62, 'Kewaunee WI', 'RR356809-14', 'finished'),
    ('11111111-1111-4111-8111-111111111541', '11111111-1111-4111-8111-111111111102', '844', 'Henry', 'March', 'male', 16, 'Stillwater MN', 'RR356809-265', 'dnf'),
    ('11111111-1111-4111-8111-111111111542', '11111111-1111-4111-8111-111111111103', '613', 'Tom', 'Miller', 'male', 44, 'Duluth MN', 'RR356809-127', 'finished'),
    ('11111111-1111-4111-8111-111111111543', '11111111-1111-4111-8111-111111111103', '600', 'Andrew', 'Baines', 'male', 54, 'Rockton IL', 'RR356809-117', 'finished'),
    ('11111111-1111-4111-8111-111111111544', '11111111-1111-4111-8111-111111111103', '603', 'Brendan', 'Klynstra', 'male', 27, 'Hancock MI', 'RR356809-166', 'finished'),
    ('11111111-1111-4111-8111-111111111545', '11111111-1111-4111-8111-111111111103', '596', 'Peter', 'Johnson', 'male', 34, 'de Pere WI', 'RR356809-154', 'finished'),
    ('11111111-1111-4111-8111-111111111546', '11111111-1111-4111-8111-111111111103', '624', 'Anders', 'Hanson', 'male', NULL, 'Minneapolis MN', 'RR356809-299', 'finished'),
    ('11111111-1111-4111-8111-111111111547', '11111111-1111-4111-8111-111111111103', '593', 'Adam', 'Jacobson', 'male', 34, 'Asbury IA', 'RR356809-155', 'finished'),
    ('11111111-1111-4111-8111-111111111548', '11111111-1111-4111-8111-111111111103', '647', 'Frank', 'Perlaki', 'male', 34, 'Hancock MI', 'RR356809-175', 'finished'),
    ('11111111-1111-4111-8111-111111111549', '11111111-1111-4111-8111-111111111103', '584', 'Alex', 'Weldum', 'male', 34, 'Saint Michael MN', 'RR356809-151', 'finished'),
    ('11111111-1111-4111-8111-111111111550', '11111111-1111-4111-8111-111111111103', '576', 'Nora', 'Rosemeier', 'female', 21, 'Prior Lake MN', 'RR356809-173', 'finished'),
    ('11111111-1111-4111-8111-111111111551', '11111111-1111-4111-8111-111111111103', '617', 'Marcos', 'Munoz', 'male', 16, 'Clarkston MI', 'RR356809-131', 'finished'),
    ('11111111-1111-4111-8111-111111111552', '11111111-1111-4111-8111-111111111103', '651', 'Megan', 'Seiler', 'female', 21, 'Muskego WI', 'RR356809-157', 'finished'),
    ('11111111-1111-4111-8111-111111111553', '11111111-1111-4111-8111-111111111103', '644', 'Brad', 'Gillen', 'male', 34, 'Kenosha WI', 'RR356809-112', 'finished'),
    ('11111111-1111-4111-8111-111111111554', '11111111-1111-4111-8111-111111111103', '655', 'Robbie', 'Stemler', 'male', 27, 'Minneapolis MN', 'RR356809-300', 'finished'),
    ('11111111-1111-4111-8111-111111111555', '11111111-1111-4111-8111-111111111103', '605', 'Lori', 'Seele', 'female', 44, 'Duluth MN', 'RR356809-129', 'finished'),
    ('11111111-1111-4111-8111-111111111556', '11111111-1111-4111-8111-111111111103', '587', 'Chuck', 'Rechner', 'male', 34, 'Green Bay WI', 'RR356809-128', 'finished'),
    ('11111111-1111-4111-8111-111111111557', '11111111-1111-4111-8111-111111111103', '601', 'Connor', 'Temme', 'male', 27, 'Wauwatosa WI', 'RR356809-162', 'finished'),
    ('11111111-1111-4111-8111-111111111558', '11111111-1111-4111-8111-111111111103', '581', 'Brandon', 'Tobias', 'male', 44, 'New Prague MN', 'RR356809-143', 'finished'),
    ('11111111-1111-4111-8111-111111111559', '11111111-1111-4111-8111-111111111103', '643', 'Todd', 'Bugnacki', 'male', NULL, 'Cedarburg WI', 'RR356809-171', 'finished'),
    ('11111111-1111-4111-8111-111111111560', '11111111-1111-4111-8111-111111111103', '610', 'Luke', 'Schneider', 'male', 34, 'Waukesha WI', 'RR356809-146', 'finished'),
    ('11111111-1111-4111-8111-111111111561', '11111111-1111-4111-8111-111111111103', '635', 'Benjamin', 'Allard', 'male', 34, 'Minneapolis MN', 'RR356809-172', 'finished'),
    ('11111111-1111-4111-8111-111111111562', '11111111-1111-4111-8111-111111111103', '642', 'Dave', 'Wall', 'male', 64, 'Rhinelander WI', 'RR356809-116', 'finished'),
    ('11111111-1111-4111-8111-111111111563', '11111111-1111-4111-8111-111111111103', '616', 'Dwight', 'Vaughn', 'male', 54, 'Saint Paul MN', 'RR356809-174', 'finished'),
    ('11111111-1111-4111-8111-111111111564', '11111111-1111-4111-8111-111111111103', '604', 'Ryan', 'Rogers', 'male', 44, 'Bemidji MN', 'RR356809-163', 'finished'),
    ('11111111-1111-4111-8111-111111111565', '11111111-1111-4111-8111-111111111103', '611', 'Frank', 'Roark', 'male', 44, 'Virginia MN', 'RR356809-140', 'finished'),
    ('11111111-1111-4111-8111-111111111566', '11111111-1111-4111-8111-111111111103', '609', 'Zach', 'Bustos', 'male', 34, 'Chassell MI', 'RR356809-121', 'finished'),
    ('11111111-1111-4111-8111-111111111567', '11111111-1111-4111-8111-111111111103', '649', 'Josh', 'Roubal', 'male', 7, 'Sault Ste. Marie ON', 'RR356809-125', 'finished'),
    ('11111111-1111-4111-8111-111111111568', '11111111-1111-4111-8111-111111111103', '637', 'Derek', 'Kala', 'male', 34, 'Oxford MI', 'RR356809-134', 'finished'),
    ('11111111-1111-4111-8111-111111111569', '11111111-1111-4111-8111-111111111103', '625', 'Colin', 'Johnson', 'male', 27, 'Calumet MI', 'RR356809-303', 'finished'),
    ('11111111-1111-4111-8111-111111111570', '11111111-1111-4111-8111-111111111103', '582', 'Alan', 'Johnson', 'male', 64, 'Howell MI', 'RR356809-161', 'finished'),
    ('11111111-1111-4111-8111-111111111571', '11111111-1111-4111-8111-111111111103', '608', 'Sean', 'O''Brien', 'male', 34, 'Manitowish Waters WI', 'RR356809-158', 'finished'),
    ('11111111-1111-4111-8111-111111111572', '11111111-1111-4111-8111-111111111103', '650', 'Maddie', 'Spurlock', 'female', 27, 'Madison WI', 'RR356809-165', 'finished'),
    ('11111111-1111-4111-8111-111111111573', '11111111-1111-4111-8111-111111111103', '583', 'Scot', 'Bromann', 'male', 64, 'Rib Lake WI', 'RR356809-118', 'finished'),
    ('11111111-1111-4111-8111-111111111574', '11111111-1111-4111-8111-111111111103', '630', 'Aaron', 'Currie', 'male', NULL, 'Howell MI', 'RR356809-167', 'finished'),
    ('11111111-1111-4111-8111-111111111575', '11111111-1111-4111-8111-111111111103', '653', 'Keith', 'Process', 'male', 44, 'de Pere WI', 'RR356809-153', 'finished'),
    ('11111111-1111-4111-8111-111111111576', '11111111-1111-4111-8111-111111111103', '615', 'Alex', 'Yosick', 'male', 34, 'Sheboygan WI', 'RR356809-135', 'finished'),
    ('11111111-1111-4111-8111-111111111577', '11111111-1111-4111-8111-111111111103', '599', 'Nathan', 'Schievink', 'male', 34, 'Grand Rapids MI', 'RR356809-177', 'finished'),
    ('11111111-1111-4111-8111-111111111578', '11111111-1111-4111-8111-111111111103', '645', 'Jacob', 'Hoeg', 'male', 27, 'Waukesha WI', 'RR356809-169', 'finished'),
    ('11111111-1111-4111-8111-111111111579', '11111111-1111-4111-8111-111111111103', '577', 'Tyler', 'Rosemeier', 'male', 16, 'Prior Lake MN', 'RR356809-144', 'finished'),
    ('11111111-1111-4111-8111-111111111580', '11111111-1111-4111-8111-111111111103', '580', 'Allison', 'Tobias', 'female', 16, 'New Prague MN', 'RR356809-152', 'finished'),
    ('11111111-1111-4111-8111-111111111581', '11111111-1111-4111-8111-111111111103', '579', 'Jon', 'Rosemeier', 'male', 44, 'Prior Lake MN', 'RR356809-137', 'finished'),
    ('11111111-1111-4111-8111-111111111582', '11111111-1111-4111-8111-111111111103', '652', 'Martha', 'Flynn', 'female', 64, 'Saint Paul MN', 'RR356809-148', 'finished'),
    ('11111111-1111-4111-8111-111111111583', '11111111-1111-4111-8111-111111111103', '585', 'Bailey', 'Ramler', 'male', 27, 'Conklin MI', 'RR356809-170', 'finished'),
    ('11111111-1111-4111-8111-111111111584', '11111111-1111-4111-8111-111111111103', '590', 'Harper', 'Zinzow', 'female', 7, 'Cambridge WI', 'RR356809-139', 'finished'),
    ('11111111-1111-4111-8111-111111111585', '11111111-1111-4111-8111-111111111103', '607', 'Andy', 'Smith', 'male', 54, 'Marquette MI', 'RR356809-124', 'finished'),
    ('11111111-1111-4111-8111-111111111586', '11111111-1111-4111-8111-111111111103', '639', 'Parker', 'Lappin', 'female', 7, 'Milford MI', 'RR356809-142', 'finished'),
    ('11111111-1111-4111-8111-111111111587', '11111111-1111-4111-8111-111111111103', '597', 'Colten', 'Radl', 'male', 27, 'East Lansing MI', 'RR356809-138', 'finished'),
    ('11111111-1111-4111-8111-111111111588', '11111111-1111-4111-8111-111111111103', '654', 'Brett', 'Edgerle', 'male', 64, 'Kohler WI', 'RR356809-276', 'finished'),
    ('11111111-1111-4111-8111-111111111589', '11111111-1111-4111-8111-111111111103', '586', 'Angela', 'Lafuente', 'female', 34, 'Houghton MI', 'RR356809-114', 'finished'),
    ('11111111-1111-4111-8111-111111111590', '11111111-1111-4111-8111-111111111103', '631', 'Miles', 'Tindall', 'male', 16, 'Holly MI', 'RR356809-133', 'finished'),
    ('11111111-1111-4111-8111-111111111591', '11111111-1111-4111-8111-111111111103', '633', 'James', 'Morrow', 'male', 44, 'Negaunee MI', 'RR356809-126', 'finished'),
    ('11111111-1111-4111-8111-111111111592', '11111111-1111-4111-8111-111111111103', '598', 'Kevin', 'Mullen', 'male', 54, 'Oconomowoc WI', 'RR356809-130', 'finished'),
    ('11111111-1111-4111-8111-111111111593', '11111111-1111-4111-8111-111111111103', '589', 'Michael', 'Harrington', 'male', 64, 'Ishpeming MI', 'RR356809-258', 'finished'),
    ('11111111-1111-4111-8111-111111111594', '11111111-1111-4111-8111-111111111103', '619', 'Preston', 'Jesiek', 'male', 21, 'West Lafayette IN', 'RR356809-240', 'finished'),
    ('11111111-1111-4111-8111-111111111595', '11111111-1111-4111-8111-111111111103', '638', 'Chadwick', 'Strobel', 'male', 34, 'Rochester MI', 'RR356809-160', 'finished'),
    ('11111111-1111-4111-8111-111111111596', '11111111-1111-4111-8111-111111111103', '592', 'Devan', 'Zembo', 'male', 16, 'Duluth MN', 'RR356809-120', 'finished'),
    ('11111111-1111-4111-8111-111111111597', '11111111-1111-4111-8111-111111111103', '591', 'Justin', 'Zembo', 'male', 44, 'Hermantown MN', 'RR356809-150', 'finished'),
    ('11111111-1111-4111-8111-111111111598', '11111111-1111-4111-8111-111111111103', '623', 'Luke', 'Leslie', 'male', 21, 'Houghton MI', 'RR356809-297', 'finished'),
    ('11111111-1111-4111-8111-111111111599', '11111111-1111-4111-8111-111111111103', '634', 'Chris', 'Meyer', 'male', 64, 'Cheboygan MI', 'RR356809-115', 'finished'),
    ('11111111-1111-4111-8111-111111111600', '11111111-1111-4111-8111-111111111103', '620', 'Merridy', 'Littell', 'female', 16, 'Houghton MI', 'RR356809-266', 'finished'),
    ('11111111-1111-4111-8111-111111111601', '11111111-1111-4111-8111-111111111103', '648', 'John', 'Vos', 'male', 54, 'Oregon IL', 'RR356809-176', 'finished'),
    ('11111111-1111-4111-8111-111111111602', '11111111-1111-4111-8111-111111111103', '656', 'Grant', 'Miedema', 'male', 34, 'Kingsford MI', 'RR356809-311', 'finished'),
    ('11111111-1111-4111-8111-111111111603', '11111111-1111-4111-8111-111111111103', '646', 'Hillary', 'Wall', 'female', 34, 'Rhinelander WI', 'RR356809-123', 'finished'),
    ('11111111-1111-4111-8111-111111111604', '11111111-1111-4111-8111-111111111103', '602', 'Jana', 'Suriano', 'female', 34, 'Sheboygan WI', 'RR356809-136', 'finished'),
    ('11111111-1111-4111-8111-111111111605', '11111111-1111-4111-8111-111111111103', '657', 'Ceci', 'Arce', 'female', 27, 'Kingsford MI', 'RR356809-312', 'finished'),
    ('11111111-1111-4111-8111-111111111606', '11111111-1111-4111-8111-111111111103', '606', 'Taylor', 'Stockwell', 'female', 21, 'Boyne City MI', 'RR356809-156', 'finished'),
    ('11111111-1111-4111-8111-111111111607', '11111111-1111-4111-8111-111111111103', '632', 'Otoniel', 'Ricardo-Cenobio', 'male', 34, 'Kalamazoo MI', 'RR356809-149', 'finished'),
    ('11111111-1111-4111-8111-111111111608', '11111111-1111-4111-8111-111111111103', '594', 'Marion', 'Johnson', 'female', 64, 'Michigamme MI', 'RR356809-141', 'finished'),
    ('11111111-1111-4111-8111-111111111609', '11111111-1111-4111-8111-111111111103', '618', 'Kiko', 'Silvelet', 'male', NULL, 'Calumet MI', 'RR356809-238', 'finished'),
    ('11111111-1111-4111-8111-111111111610', '11111111-1111-4111-8111-111111111103', '621', 'Tracy', 'Mcintosh', 'female', 54, 'Glidden IA', 'RR356809-270', 'finished'),
    ('11111111-1111-4111-8111-111111111611', '11111111-1111-4111-8111-111111111103', '622', 'William', 'Mcintosh', 'male', 64, 'Glidden IA', 'RR356809-271', 'finished'),
    ('11111111-1111-4111-8111-111111111612', '11111111-1111-4111-8111-111111111103', '595', 'Grace', 'Charnesky', 'female', 27, 'Clarkston MI', 'RR356809-164', 'finished'),
    ('11111111-1111-4111-8111-111111111613', '11111111-1111-4111-8111-111111111104', '543', 'Ian', 'Halbmaier', 'male', 16, 'New Prague MN', 'RR356809-193', 'finished'),
    ('11111111-1111-4111-8111-111111111614', '11111111-1111-4111-8111-111111111104', '514', 'Wyatt', 'Petrack', 'male', 16, 'Virginia MN', 'RR356809-179', 'finished'),
    ('11111111-1111-4111-8111-111111111615', '11111111-1111-4111-8111-111111111104', '533', 'Ben', 'Rasmussen', 'male', 16, 'New Prague MN', 'RR356809-202', 'finished'),
    ('11111111-1111-4111-8111-111111111616', '11111111-1111-4111-8111-111111111104', '552', 'Tj', 'Botten', 'male', NULL, 'Robbinsdale MN', 'RR356809-301', 'finished'),
    ('11111111-1111-4111-8111-111111111617', '11111111-1111-4111-8111-111111111104', '515', 'Joey', 'Larson', 'male', 16, 'New Prague MN', 'RR356809-189', 'finished'),
    ('11111111-1111-4111-8111-111111111618', '11111111-1111-4111-8111-111111111104', '521', 'Corinne', 'Rubin', 'female', 7, 'Houghton MI', 'RR356809-254', 'finished'),
    ('11111111-1111-4111-8111-111111111619', '11111111-1111-4111-8111-111111111104', '538', 'Andy', 'Quick', 'male', 44, 'Davenport IA', 'RR356809-183', 'finished'),
    ('11111111-1111-4111-8111-111111111620', '11111111-1111-4111-8111-111111111104', '516', 'Justin', 'Jabs', 'male', 7, 'New Prague MN', 'RR356809-206', 'finished'),
    ('11111111-1111-4111-8111-111111111621', '11111111-1111-4111-8111-111111111104', '502', 'Kenneth', 'Markiewicz', 'male', 34, 'Marquette MI', 'RR356809-199', 'finished'),
    ('11111111-1111-4111-8111-111111111622', '11111111-1111-4111-8111-111111111104', '506', 'Lenka', 'Doskocil', 'female', 27, 'Hancock MI', 'RR356809-181', 'finished'),
    ('11111111-1111-4111-8111-111111111623', '11111111-1111-4111-8111-111111111104', '519', 'Leslie', 'Nagel', 'female', 44, 'Saint Paul MN', 'RR356809-184', 'finished'),
    ('11111111-1111-4111-8111-111111111624', '11111111-1111-4111-8111-111111111104', '509', 'James', 'Meadow', 'male', 44, 'Duluth MN', 'RR356809-178', 'finished'),
    ('11111111-1111-4111-8111-111111111625', '11111111-1111-4111-8111-111111111104', '504', 'Wesley', 'Gietek', 'male', 44, 'Saint Clair Shores MI', 'RR356809-192', 'finished'),
    ('11111111-1111-4111-8111-111111111626', '11111111-1111-4111-8111-111111111104', '512', 'Nicholas', 'Jensen', 'male', 34, 'Ferndale MI', 'RR356809-197', 'finished'),
    ('11111111-1111-4111-8111-111111111627', '11111111-1111-4111-8111-111111111104', '524', 'Judy', 'Olstad', 'female', 54, 'Minneapolis MN', 'RR356809-292', 'finished'),
    ('11111111-1111-4111-8111-111111111628', '11111111-1111-4111-8111-111111111104', '536', 'Landen', 'Zembo', 'male', 7, 'Hermantown MN', 'RR356809-180', 'finished'),
    ('11111111-1111-4111-8111-111111111629', '11111111-1111-4111-8111-111111111104', '544', 'Nolan', 'Webb', 'male', 7, 'Houghton MI', 'RR356809-203', 'finished'),
    ('11111111-1111-4111-8111-111111111630', '11111111-1111-4111-8111-111111111104', '534', 'Samantha', 'Rasmussen', 'female', 7, 'New Prague MN', 'RR356809-196', 'finished'),
    ('11111111-1111-4111-8111-111111111631', '11111111-1111-4111-8111-111111111104', '535', 'Dustin', 'Rasmussen', 'male', 44, 'New Prague MN', 'RR356809-185', 'finished'),
    ('11111111-1111-4111-8111-111111111632', '11111111-1111-4111-8111-111111111104', '551', 'Nina', 'Ollis', 'female', 34, 'Houghton MI', 'RR356809-290', 'finished'),
    ('11111111-1111-4111-8111-111111111633', '11111111-1111-4111-8111-111111111104', '531', 'Adiah', 'Scherman', 'female', 7, 'Elko New Market MN', 'RR356809-190', 'finished'),
    ('11111111-1111-4111-8111-111111111634', '11111111-1111-4111-8111-111111111104', '517', 'Kenneth', 'Lusignan', 'male', 44, 'New Prague MN', 'RR356809-187', 'finished'),
    ('11111111-1111-4111-8111-111111111635', '11111111-1111-4111-8111-111111111104', '518', 'Colette', 'Lusignan', 'female', 7, 'New Prague MN', 'RR356809-205', 'finished'),
    ('11111111-1111-4111-8111-111111111636', '11111111-1111-4111-8111-111111111104', '546', 'Jake', 'Ralfs', 'male', 44, 'Davenport IA', 'RR356809-247', 'finished'),
    ('11111111-1111-4111-8111-111111111637', '11111111-1111-4111-8111-111111111104', '520', 'Sara', 'Pizziola', 'female', 44, 'Ishpeming MI', 'RR356809-242', 'finished'),
    ('11111111-1111-4111-8111-111111111638', '11111111-1111-4111-8111-111111111104', '513', 'Shelby', 'Meyer', 'female', 34, 'Marquette MI', 'RR356809-194', 'finished'),
    ('11111111-1111-4111-8111-111111111639', '11111111-1111-4111-8111-111111111104', '501', 'Allan', 'Hilbert', 'male', 64, 'Appleton WI', 'RR356809-188', 'finished'),
    ('11111111-1111-4111-8111-111111111640', '11111111-1111-4111-8111-111111111104', '547', 'Corbin', 'Anderson', 'male', 7, 'Hancock MI', 'RR356809-262', 'finished'),
    ('11111111-1111-4111-8111-111111111641', '11111111-1111-4111-8111-111111111104', '523', 'Orson', 'Rea', 'male', 7, 'Calumet MI', 'RR356809-291', 'finished'),
    ('11111111-1111-4111-8111-111111111642', '11111111-1111-4111-8111-111111111104', '522', 'Anjila', 'Rea', 'female', 44, 'Calumet MI', 'RR356809-288', 'finished'),
    ('11111111-1111-4111-8111-111111111643', '11111111-1111-4111-8111-111111111104', '553', 'Gerard', 'Meyer', 'male', 7, 'Chassell MI', 'RR356809-314', 'finished'),
    ('11111111-1111-4111-8111-111111111644', '11111111-1111-4111-8111-111111111104', '525', 'Matthew', 'Meyer', 'male', 34, 'Chassell MI', 'RR356809-313', 'finished'),
    ('11111111-1111-4111-8111-111111111645', '11111111-1111-4111-8111-111111111104', '511', 'Oliver', 'Hensch', 'male', 7, 'Duluth MN', 'RR356809-207', 'finished'),
    ('11111111-1111-4111-8111-111111111646', '11111111-1111-4111-8111-111111111104', '510', 'Josh', 'Hensch', 'male', 44, 'Duluth MN', 'RR356809-201', 'finished'),
    ('11111111-1111-4111-8111-111111111647', '11111111-1111-4111-8111-111111111104', '545', 'Ryan', 'Pizziola', 'male', 44, 'Ishpeming MI', 'RR356809-241', 'finished'),
    ('11111111-1111-4111-8111-111111111648', '11111111-1111-4111-8111-111111111104', '550', 'Hazel', 'Johnson', 'female', 7, 'Chassell MI', 'RR356809-281', 'finished'),
    ('11111111-1111-4111-8111-111111111649', '11111111-1111-4111-8111-111111111104', '549', 'Owen', 'Johnson', 'male', 7, 'Chassell MI', 'RR356809-283', 'finished'),
    ('11111111-1111-4111-8111-111111111650', '11111111-1111-4111-8111-111111111104', '548', 'Jared', 'Johnson', 'male', 44, 'Chassell MI', 'RR356809-282', 'finished'),
    ('11111111-1111-4111-8111-111111111651', '11111111-1111-4111-8111-111111111104', '539', 'Melody', 'Schievink', 'female', 34, 'Grand Rapids MI', 'RR356809-209', 'finished'),
    ('11111111-1111-4111-8111-111111111652', '11111111-1111-4111-8111-111111111104', '503', 'Piper', 'Gietek', 'female', 7, 'Saint Clair Shores MI', 'RR356809-191', 'finished'),
    ('11111111-1111-4111-8111-111111111653', '11111111-1111-4111-8111-111111111104', '540', 'Larisa', 'Applegate', 'female', 34, 'Cottage Grove MN', 'RR356809-198', 'finished'),
    ('11111111-1111-4111-8111-111111111654', '11111111-1111-4111-8111-111111111104', '532', 'Laurie', 'Terhune', 'female', 64, 'Traverse City MI', 'RR356809-208', 'finished'),
    ('11111111-1111-4111-8111-111111111655', '11111111-1111-4111-8111-111111111104', '541', 'Efrain', 'Munoz Munoz', 'male', 34, 'Hancock MI', 'RR356809-182', 'finished'),
    ('11111111-1111-4111-8111-111111111656', '11111111-1111-4111-8111-111111111104', '542', 'Greta', 'Munoz', 'female', 7, 'Hancock MI', 'RR356809-204', 'finished');

INSERT INTO timing_records (id, participant_id, checkpoint_id, timestamp, local_timestamp, device_id, sync_status)
VALUES
    ('11111111-1111-4111-8111-111111111501', '11111111-1111-4111-8111-111111111401', '11111111-1111-4111-8111-111111111201', '2025-08-30 10:00:00', '2025-08-30 10:00:00', 'RR-START', 'synced'),
    ('11111111-1111-4111-8111-111111111502', '11111111-1111-4111-8111-111111111401', '11111111-1111-4111-8111-111111111202', '2025-08-30 12:10:29', '2025-08-30 12:10:29', 'RR-FINISH', 'synced'),
    ('11111111-1111-4111-8111-111111111503', '11111111-1111-4111-8111-111111111402', '11111111-1111-4111-8111-111111111201', '2025-08-30 10:00:00', '2025-08-30 10:00:00', 'RR-START', 'synced'),
    ('11111111-1111-4111-8111-111111111504', '11111111-1111-4111-8111-111111111402', '11111111-1111-4111-8111-111111111202', '2025-08-30 12:13:15', '2025-08-30 12:13:15', 'RR-FINISH', 'synced'),
    ('11111111-1111-4111-8111-111111111505', '11111111-1111-4111-8111-111111111403', '11111111-1111-4111-8111-111111111201', '2025-08-30 10:00:00', '2025-08-30 10:00:00', 'RR-START', 'synced'),
    ('11111111-1111-4111-8111-111111111506', '11111111-1111-4111-8111-111111111403', '11111111-1111-4111-8111-111111111202', '2025-08-30 12:17:26', '2025-08-30 12:17:26', 'RR-FINISH', 'synced'),
    ('11111111-1111-4111-8111-111111111507', '11111111-1111-4111-8111-111111111404', '11111111-1111-4111-8111-111111111201', '2025-08-30 10:00:00', '2025-08-30 10:00:00', 'RR-START', 'synced'),
    ('11111111-1111-4111-8111-111111111508', '11111111-1111-4111-8111-111111111404', '11111111-1111-4111-8111-111111111202', '2025-08-30 12:18:07', '2025-08-30 12:18:07', 'RR-FINISH', 'synced'),
    ('11111111-1111-4111-8111-111111111509', '11111111-1111-4111-8111-111111111405', '11111111-1111-4111-8111-111111111201', '2025-08-30 10:00:00', '2025-08-30 10:00:00', 'RR-START', 'synced'),
    ('11111111-1111-4111-8111-111111111510', '11111111-1111-4111-8111-111111111405', '11111111-1111-4111-8111-111111111202', '2025-08-30 12:21:12', '2025-08-30 12:21:12', 'RR-FINISH', 'synced'),
    ('11111111-1111-4111-8111-111111111511', '11111111-1111-4111-8111-111111111406', '11111111-1111-4111-8111-111111111201', '2025-08-30 10:00:00', '2025-08-30 10:00:00', 'RR-START', 'synced'),
    ('11111111-1111-4111-8111-111111111512', '11111111-1111-4111-8111-111111111406', '11111111-1111-4111-8111-111111111202', '2025-08-30 12:21:18', '2025-08-30 12:21:18', 'RR-FINISH', 'synced'),
    ('11111111-1111-4111-8111-111111111513', '11111111-1111-4111-8111-111111111407', '11111111-1111-4111-8111-111111111201', '2025-08-30 10:00:00', '2025-08-30 10:00:00', 'RR-START', 'synced'),
    ('11111111-1111-4111-8111-111111111514', '11111111-1111-4111-8111-111111111407', '11111111-1111-4111-8111-111111111202', '2025-08-30 12:22:15', '2025-08-30 12:22:15', 'RR-FINISH', 'synced'),
    ('11111111-1111-4111-8111-111111111515', '11111111-1111-4111-8111-111111111408', '11111111-1111-4111-8111-111111111201', '2025-08-30 10:00:00', '2025-08-30 10:00:00', 'RR-START', 'synced'),
    ('11111111-1111-4111-8111-111111111516', '11111111-1111-4111-8111-111111111408', '11111111-1111-4111-8111-111111111202', '2025-08-30 12:22:25', '2025-08-30 12:22:25', 'RR-FINISH', 'synced'),
    ('11111111-1111-4111-8111-111111111517', '11111111-1111-4111-8111-111111111409', '11111111-1111-4111-8111-111111111201', '2025-08-30 10:00:00', '2025-08-30 10:00:00', 'RR-START', 'synced'),
    ('11111111-1111-4111-8111-111111111518', '11111111-1111-4111-8111-111111111409', '11111111-1111-4111-8111-111111111202', '2025-08-30 12:25:25', '2025-08-30 12:25:25', 'RR-FINISH', 'synced'),
    ('11111111-1111-4111-8111-111111111519', '11111111-1111-4111-8111-111111111410', '11111111-1111-4111-8111-111111111201', '2025-08-30 10:00:00', '2025-08-30 10:00:00', 'RR-START', 'synced'),
    ('11111111-1111-4111-8111-111111111520', '11111111-1111-4111-8111-111111111410', '11111111-1111-4111-8111-111111111202', '2025-08-30 12:26:08', '2025-08-30 12:26:08', 'RR-FINISH', 'synced'),
    ('11111111-1111-4111-8111-111111111521', '11111111-1111-4111-8111-111111111411', '11111111-1111-4111-8111-111111111201', '2025-08-30 10:00:00', '2025-08-30 10:00:00', 'RR-START', 'synced'),
    ('11111111-1111-4111-8111-111111111522', '11111111-1111-4111-8111-111111111411', '11111111-1111-4111-8111-111111111202', '2025-08-30 12:26:10', '2025-08-30 12:26:10', 'RR-FINISH', 'synced'),
    ('11111111-1111-4111-8111-111111111523', '11111111-1111-4111-8111-111111111412', '11111111-1111-4111-8111-111111111201', '2025-08-30 10:00:00', '2025-08-30 10:00:00', 'RR-START', 'synced'),
    ('11111111-1111-4111-8111-111111111524', '11111111-1111-4111-8111-111111111412', '11111111-1111-4111-8111-111111111202', '2025-08-30 12:27:35', '2025-08-30 12:27:35', 'RR-FINISH', 'synced'),
    ('11111111-1111-4111-8111-111111111525', '11111111-1111-4111-8111-111111111413', '11111111-1111-4111-8111-111111111201', '2025-08-30 10:00:00', '2025-08-30 10:00:00', 'RR-START', 'synced'),
    ('11111111-1111-4111-8111-111111111526', '11111111-1111-4111-8111-111111111413', '11111111-1111-4111-8111-111111111202', '2025-08-30 12:27:52', '2025-08-30 12:27:52', 'RR-FINISH', 'synced'),
    ('11111111-1111-4111-8111-111111111527', '11111111-1111-4111-8111-111111111414', '11111111-1111-4111-8111-111111111201', '2025-08-30 10:00:00', '2025-08-30 10:00:00', 'RR-START', 'synced'),
    ('11111111-1111-4111-8111-111111111528', '11111111-1111-4111-8111-111111111414', '11111111-1111-4111-8111-111111111202', '2025-08-30 12:28:05', '2025-08-30 12:28:05', 'RR-FINISH', 'synced'),
    ('11111111-1111-4111-8111-111111111529', '11111111-1111-4111-8111-111111111415', '11111111-1111-4111-8111-111111111201', '2025-08-30 10:00:00', '2025-08-30 10:00:00', 'RR-START', 'synced'),
    ('11111111-1111-4111-8111-111111111530', '11111111-1111-4111-8111-111111111415', '11111111-1111-4111-8111-111111111202', '2025-08-30 12:28:13', '2025-08-30 12:28:13', 'RR-FINISH', 'synced'),
    ('11111111-1111-4111-8111-111111111531', '11111111-1111-4111-8111-111111111416', '11111111-1111-4111-8111-111111111201', '2025-08-30 10:00:00', '2025-08-30 10:00:00', 'RR-START', 'synced'),
    ('11111111-1111-4111-8111-111111111532', '11111111-1111-4111-8111-111111111416', '11111111-1111-4111-8111-111111111202', '2025-08-30 12:30:57', '2025-08-30 12:30:57', 'RR-FINISH', 'synced'),
    ('11111111-1111-4111-8111-111111111533', '11111111-1111-4111-8111-111111111417', '11111111-1111-4111-8111-111111111201', '2025-08-30 10:00:00', '2025-08-30 10:00:00', 'RR-START', 'synced'),
    ('11111111-1111-4111-8111-111111111534', '11111111-1111-4111-8111-111111111417', '11111111-1111-4111-8111-111111111202', '2025-08-30 12:31:16', '2025-08-30 12:31:16', 'RR-FINISH', 'synced'),
    ('11111111-1111-4111-8111-111111111535', '11111111-1111-4111-8111-111111111418', '11111111-1111-4111-8111-111111111201', '2025-08-30 10:00:00', '2025-08-30 10:00:00', 'RR-START', 'synced'),
    ('11111111-1111-4111-8111-111111111536', '11111111-1111-4111-8111-111111111418', '11111111-1111-4111-8111-111111111202', '2025-08-30 12:31:23', '2025-08-30 12:31:23', 'RR-FINISH', 'synced'),
    ('11111111-1111-4111-8111-111111111537', '11111111-1111-4111-8111-111111111419', '11111111-1111-4111-8111-111111111201', '2025-08-30 10:00:00', '2025-08-30 10:00:00', 'RR-START', 'synced'),
    ('11111111-1111-4111-8111-111111111538', '11111111-1111-4111-8111-111111111419', '11111111-1111-4111-8111-111111111202', '2025-08-30 12:31:51', '2025-08-30 12:31:51', 'RR-FINISH', 'synced'),
    ('11111111-1111-4111-8111-111111111539', '11111111-1111-4111-8111-111111111420', '11111111-1111-4111-8111-111111111201', '2025-08-30 10:00:00', '2025-08-30 10:00:00', 'RR-START', 'synced'),
    ('11111111-1111-4111-8111-111111111540', '11111111-1111-4111-8111-111111111420', '11111111-1111-4111-8111-111111111202', '2025-08-30 12:32:35', '2025-08-30 12:32:35', 'RR-FINISH', 'synced'),
    ('11111111-1111-4111-8111-111111111541', '11111111-1111-4111-8111-111111111421', '11111111-1111-4111-8111-111111111201', '2025-08-30 10:00:00', '2025-08-30 10:00:00', 'RR-START', 'synced'),
    ('11111111-1111-4111-8111-111111111542', '11111111-1111-4111-8111-111111111421', '11111111-1111-4111-8111-111111111202', '2025-08-30 12:32:37', '2025-08-30 12:32:37', 'RR-FINISH', 'synced'),
    ('11111111-1111-4111-8111-111111111543', '11111111-1111-4111-8111-111111111422', '11111111-1111-4111-8111-111111111201', '2025-08-30 10:00:00', '2025-08-30 10:00:00', 'RR-START', 'synced'),
    ('11111111-1111-4111-8111-111111111544', '11111111-1111-4111-8111-111111111422', '11111111-1111-4111-8111-111111111202', '2025-08-30 12:35:21', '2025-08-30 12:35:21', 'RR-FINISH', 'synced'),
    ('11111111-1111-4111-8111-111111111545', '11111111-1111-4111-8111-111111111423', '11111111-1111-4111-8111-111111111201', '2025-08-30 10:00:00', '2025-08-30 10:00:00', 'RR-START', 'synced'),
    ('11111111-1111-4111-8111-111111111546', '11111111-1111-4111-8111-111111111423', '11111111-1111-4111-8111-111111111202', '2025-08-30 12:36:05', '2025-08-30 12:36:05', 'RR-FINISH', 'synced'),
    ('11111111-1111-4111-8111-111111111547', '11111111-1111-4111-8111-111111111424', '11111111-1111-4111-8111-111111111201', '2025-08-30 10:00:00', '2025-08-30 10:00:00', 'RR-START', 'synced'),
    ('11111111-1111-4111-8111-111111111548', '11111111-1111-4111-8111-111111111424', '11111111-1111-4111-8111-111111111202', '2025-08-30 12:37:22', '2025-08-30 12:37:22', 'RR-FINISH', 'synced'),
    ('11111111-1111-4111-8111-111111111549', '11111111-1111-4111-8111-111111111425', '11111111-1111-4111-8111-111111111201', '2025-08-30 10:00:00', '2025-08-30 10:00:00', 'RR-START', 'synced'),
    ('11111111-1111-4111-8111-111111111550', '11111111-1111-4111-8111-111111111425', '11111111-1111-4111-8111-111111111202', '2025-08-30 12:37:57', '2025-08-30 12:37:57', 'RR-FINISH', 'synced'),
    ('11111111-1111-4111-8111-111111111551', '11111111-1111-4111-8111-111111111426', '11111111-1111-4111-8111-111111111201', '2025-08-30 10:00:00', '2025-08-30 10:00:00', 'RR-START', 'synced'),
    ('11111111-1111-4111-8111-111111111552', '11111111-1111-4111-8111-111111111426', '11111111-1111-4111-8111-111111111202', '2025-08-30 12:40:25', '2025-08-30 12:40:25', 'RR-FINISH', 'synced'),
    ('11111111-1111-4111-8111-111111111553', '11111111-1111-4111-8111-111111111427', '11111111-1111-4111-8111-111111111201', '2025-08-30 10:00:00', '2025-08-30 10:00:00', 'RR-START', 'synced'),
    ('11111111-1111-4111-8111-111111111554', '11111111-1111-4111-8111-111111111427', '11111111-1111-4111-8111-111111111202', '2025-08-30 12:40:26', '2025-08-30 12:40:26', 'RR-FINISH', 'synced'),
    ('11111111-1111-4111-8111-111111111555', '11111111-1111-4111-8111-111111111428', '11111111-1111-4111-8111-111111111201', '2025-08-30 10:00:00', '2025-08-30 10:00:00', 'RR-START', 'synced'),
    ('11111111-1111-4111-8111-111111111556', '11111111-1111-4111-8111-111111111428', '11111111-1111-4111-8111-111111111202', '2025-08-30 12:40:31', '2025-08-30 12:40:31', 'RR-FINISH', 'synced'),
    ('11111111-1111-4111-8111-111111111557', '11111111-1111-4111-8111-111111111429', '11111111-1111-4111-8111-111111111201', '2025-08-30 10:00:00', '2025-08-30 10:00:00', 'RR-START', 'synced'),
    ('11111111-1111-4111-8111-111111111558', '11111111-1111-4111-8111-111111111429', '11111111-1111-4111-8111-111111111202', '2025-08-30 12:41:26', '2025-08-30 12:41:26', 'RR-FINISH', 'synced'),
    ('11111111-1111-4111-8111-111111111559', '11111111-1111-4111-8111-111111111430', '11111111-1111-4111-8111-111111111201', '2025-08-30 10:00:00', '2025-08-30 10:00:00', 'RR-START', 'synced'),
    ('11111111-1111-4111-8111-111111111560', '11111111-1111-4111-8111-111111111430', '11111111-1111-4111-8111-111111111202', '2025-08-30 12:43:33', '2025-08-30 12:43:33', 'RR-FINISH', 'synced'),
    ('11111111-1111-4111-8111-111111111561', '11111111-1111-4111-8111-111111111431', '11111111-1111-4111-8111-111111111201', '2025-08-30 10:00:00', '2025-08-30 10:00:00', 'RR-START', 'synced'),
    ('11111111-1111-4111-8111-111111111562', '11111111-1111-4111-8111-111111111431', '11111111-1111-4111-8111-111111111202', '2025-08-30 12:44:06', '2025-08-30 12:44:06', 'RR-FINISH', 'synced'),
    ('11111111-1111-4111-8111-111111111563', '11111111-1111-4111-8111-111111111432', '11111111-1111-4111-8111-111111111201', '2025-08-30 10:00:00', '2025-08-30 10:00:00', 'RR-START', 'synced'),
    ('11111111-1111-4111-8111-111111111564', '11111111-1111-4111-8111-111111111432', '11111111-1111-4111-8111-111111111202', '2025-08-30 12:44:28', '2025-08-30 12:44:28', 'RR-FINISH', 'synced'),
    ('11111111-1111-4111-8111-111111111565', '11111111-1111-4111-8111-111111111433', '11111111-1111-4111-8111-111111111201', '2025-08-30 10:00:00', '2025-08-30 10:00:00', 'RR-START', 'synced'),
    ('11111111-1111-4111-8111-111111111566', '11111111-1111-4111-8111-111111111433', '11111111-1111-4111-8111-111111111202', '2025-08-30 12:45:12', '2025-08-30 12:45:12', 'RR-FINISH', 'synced'),
    ('11111111-1111-4111-8111-111111111567', '11111111-1111-4111-8111-111111111434', '11111111-1111-4111-8111-111111111201', '2025-08-30 10:00:00', '2025-08-30 10:00:00', 'RR-START', 'synced'),
    ('11111111-1111-4111-8111-111111111568', '11111111-1111-4111-8111-111111111434', '11111111-1111-4111-8111-111111111202', '2025-08-30 12:45:25', '2025-08-30 12:45:25', 'RR-FINISH', 'synced'),
    ('11111111-1111-4111-8111-111111111569', '11111111-1111-4111-8111-111111111435', '11111111-1111-4111-8111-111111111201', '2025-08-30 10:00:00', '2025-08-30 10:00:00', 'RR-START', 'synced'),
    ('11111111-1111-4111-8111-111111111570', '11111111-1111-4111-8111-111111111435', '11111111-1111-4111-8111-111111111202', '2025-08-30 12:46:00', '2025-08-30 12:46:00', 'RR-FINISH', 'synced'),
    ('11111111-1111-4111-8111-111111111571', '11111111-1111-4111-8111-111111111436', '11111111-1111-4111-8111-111111111201', '2025-08-30 10:00:00', '2025-08-30 10:00:00', 'RR-START', 'synced'),
    ('11111111-1111-4111-8111-111111111572', '11111111-1111-4111-8111-111111111436', '11111111-1111-4111-8111-111111111202', '2025-08-30 12:48:23', '2025-08-30 12:48:23', 'RR-FINISH', 'synced'),
    ('11111111-1111-4111-8111-111111111573', '11111111-1111-4111-8111-111111111437', '11111111-1111-4111-8111-111111111201', '2025-08-30 10:00:00', '2025-08-30 10:00:00', 'RR-START', 'synced'),
    ('11111111-1111-4111-8111-111111111574', '11111111-1111-4111-8111-111111111437', '11111111-1111-4111-8111-111111111202', '2025-08-30 12:48:35', '2025-08-30 12:48:35', 'RR-FINISH', 'synced'),
    ('11111111-1111-4111-8111-111111111575', '11111111-1111-4111-8111-111111111438', '11111111-1111-4111-8111-111111111201', '2025-08-30 10:00:00', '2025-08-30 10:00:00', 'RR-START', 'synced'),
    ('11111111-1111-4111-8111-111111111576', '11111111-1111-4111-8111-111111111438', '11111111-1111-4111-8111-111111111202', '2025-08-30 12:49:36', '2025-08-30 12:49:36', 'RR-FINISH', 'synced'),
    ('11111111-1111-4111-8111-111111111577', '11111111-1111-4111-8111-111111111439', '11111111-1111-4111-8111-111111111201', '2025-08-30 10:00:00', '2025-08-30 10:00:00', 'RR-START', 'synced'),
    ('11111111-1111-4111-8111-111111111578', '11111111-1111-4111-8111-111111111439', '11111111-1111-4111-8111-111111111202', '2025-08-30 12:49:37', '2025-08-30 12:49:37', 'RR-FINISH', 'synced'),
    ('11111111-1111-4111-8111-111111111579', '11111111-1111-4111-8111-111111111440', '11111111-1111-4111-8111-111111111201', '2025-08-30 10:00:00', '2025-08-30 10:00:00', 'RR-START', 'synced'),
    ('11111111-1111-4111-8111-111111111580', '11111111-1111-4111-8111-111111111440', '11111111-1111-4111-8111-111111111202', '2025-08-30 12:49:59', '2025-08-30 12:49:59', 'RR-FINISH', 'synced'),
    ('11111111-1111-4111-8111-111111111581', '11111111-1111-4111-8111-111111111441', '11111111-1111-4111-8111-111111111201', '2025-08-30 10:00:00', '2025-08-30 10:00:00', 'RR-START', 'synced'),
    ('11111111-1111-4111-8111-111111111582', '11111111-1111-4111-8111-111111111441', '11111111-1111-4111-8111-111111111202', '2025-08-30 12:50:10', '2025-08-30 12:50:10', 'RR-FINISH', 'synced'),
    ('11111111-1111-4111-8111-111111111583', '11111111-1111-4111-8111-111111111442', '11111111-1111-4111-8111-111111111201', '2025-08-30 10:00:00', '2025-08-30 10:00:00', 'RR-START', 'synced'),
    ('11111111-1111-4111-8111-111111111584', '11111111-1111-4111-8111-111111111442', '11111111-1111-4111-8111-111111111202', '2025-08-30 12:51:43', '2025-08-30 12:51:43', 'RR-FINISH', 'synced'),
    ('11111111-1111-4111-8111-111111111585', '11111111-1111-4111-8111-111111111443', '11111111-1111-4111-8111-111111111201', '2025-08-30 10:00:00', '2025-08-30 10:00:00', 'RR-START', 'synced'),
    ('11111111-1111-4111-8111-111111111586', '11111111-1111-4111-8111-111111111443', '11111111-1111-4111-8111-111111111202', '2025-08-30 12:54:17', '2025-08-30 12:54:17', 'RR-FINISH', 'synced'),
    ('11111111-1111-4111-8111-111111111587', '11111111-1111-4111-8111-111111111444', '11111111-1111-4111-8111-111111111201', '2025-08-30 10:00:00', '2025-08-30 10:00:00', 'RR-START', 'synced'),
    ('11111111-1111-4111-8111-111111111588', '11111111-1111-4111-8111-111111111444', '11111111-1111-4111-8111-111111111202', '2025-08-30 12:54:18', '2025-08-30 12:54:18', 'RR-FINISH', 'synced'),
    ('11111111-1111-4111-8111-111111111589', '11111111-1111-4111-8111-111111111445', '11111111-1111-4111-8111-111111111201', '2025-08-30 10:00:00', '2025-08-30 10:00:00', 'RR-START', 'synced'),
    ('11111111-1111-4111-8111-111111111590', '11111111-1111-4111-8111-111111111445', '11111111-1111-4111-8111-111111111202', '2025-08-30 12:54:34', '2025-08-30 12:54:34', 'RR-FINISH', 'synced'),
    ('11111111-1111-4111-8111-111111111591', '11111111-1111-4111-8111-111111111446', '11111111-1111-4111-8111-111111111201', '2025-08-30 10:00:00', '2025-08-30 10:00:00', 'RR-START', 'synced'),
    ('11111111-1111-4111-8111-111111111592', '11111111-1111-4111-8111-111111111446', '11111111-1111-4111-8111-111111111202', '2025-08-30 12:54:57', '2025-08-30 12:54:57', 'RR-FINISH', 'synced'),
    ('11111111-1111-4111-8111-111111111593', '11111111-1111-4111-8111-111111111447', '11111111-1111-4111-8111-111111111201', '2025-08-30 10:00:00', '2025-08-30 10:00:00', 'RR-START', 'synced'),
    ('11111111-1111-4111-8111-111111111594', '11111111-1111-4111-8111-111111111447', '11111111-1111-4111-8111-111111111202', '2025-08-30 12:55:18', '2025-08-30 12:55:18', 'RR-FINISH', 'synced'),
    ('11111111-1111-4111-8111-111111111595', '11111111-1111-4111-8111-111111111448', '11111111-1111-4111-8111-111111111201', '2025-08-30 10:00:00', '2025-08-30 10:00:00', 'RR-START', 'synced'),
    ('11111111-1111-4111-8111-111111111596', '11111111-1111-4111-8111-111111111448', '11111111-1111-4111-8111-111111111202', '2025-08-30 12:55:39', '2025-08-30 12:55:39', 'RR-FINISH', 'synced'),
    ('11111111-1111-4111-8111-111111111597', '11111111-1111-4111-8111-111111111449', '11111111-1111-4111-8111-111111111201', '2025-08-30 10:00:00', '2025-08-30 10:00:00', 'RR-START', 'synced'),
    ('11111111-1111-4111-8111-111111111598', '11111111-1111-4111-8111-111111111449', '11111111-1111-4111-8111-111111111202', '2025-08-30 12:56:13', '2025-08-30 12:56:13', 'RR-FINISH', 'synced'),
    ('11111111-1111-4111-8111-111111111599', '11111111-1111-4111-8111-111111111450', '11111111-1111-4111-8111-111111111201', '2025-08-30 10:00:00', '2025-08-30 10:00:00', 'RR-START', 'synced'),
    ('11111111-1111-4111-8111-111111111600', '11111111-1111-4111-8111-111111111450', '11111111-1111-4111-8111-111111111202', '2025-08-30 12:57:08', '2025-08-30 12:57:08', 'RR-FINISH', 'synced'),
    ('11111111-1111-4111-8111-111111111601', '11111111-1111-4111-8111-111111111451', '11111111-1111-4111-8111-111111111201', '2025-08-30 10:00:00', '2025-08-30 10:00:00', 'RR-START', 'synced'),
    ('11111111-1111-4111-8111-111111111602', '11111111-1111-4111-8111-111111111451', '11111111-1111-4111-8111-111111111202', '2025-08-30 12:57:29', '2025-08-30 12:57:29', 'RR-FINISH', 'synced'),
    ('11111111-1111-4111-8111-111111111603', '11111111-1111-4111-8111-111111111452', '11111111-1111-4111-8111-111111111201', '2025-08-30 10:00:00', '2025-08-30 10:00:00', 'RR-START', 'synced'),
    ('11111111-1111-4111-8111-111111111604', '11111111-1111-4111-8111-111111111452', '11111111-1111-4111-8111-111111111202', '2025-08-30 12:58:17', '2025-08-30 12:58:17', 'RR-FINISH', 'synced'),
    ('11111111-1111-4111-8111-111111111605', '11111111-1111-4111-8111-111111111453', '11111111-1111-4111-8111-111111111201', '2025-08-30 10:00:00', '2025-08-30 10:00:00', 'RR-START', 'synced'),
    ('11111111-1111-4111-8111-111111111606', '11111111-1111-4111-8111-111111111453', '11111111-1111-4111-8111-111111111202', '2025-08-30 12:59:58', '2025-08-30 12:59:58', 'RR-FINISH', 'synced'),
    ('11111111-1111-4111-8111-111111111607', '11111111-1111-4111-8111-111111111454', '11111111-1111-4111-8111-111111111201', '2025-08-30 10:00:00', '2025-08-30 10:00:00', 'RR-START', 'synced'),
    ('11111111-1111-4111-8111-111111111608', '11111111-1111-4111-8111-111111111454', '11111111-1111-4111-8111-111111111202', '2025-08-30 13:00:15', '2025-08-30 13:00:15', 'RR-FINISH', 'synced'),
    ('11111111-1111-4111-8111-111111111609', '11111111-1111-4111-8111-111111111455', '11111111-1111-4111-8111-111111111201', '2025-08-30 10:00:00', '2025-08-30 10:00:00', 'RR-START', 'synced'),
    ('11111111-1111-4111-8111-111111111610', '11111111-1111-4111-8111-111111111455', '11111111-1111-4111-8111-111111111202', '2025-08-30 13:00:52', '2025-08-30 13:00:52', 'RR-FINISH', 'synced'),
    ('11111111-1111-4111-8111-111111111611', '11111111-1111-4111-8111-111111111456', '11111111-1111-4111-8111-111111111201', '2025-08-30 10:00:00', '2025-08-30 10:00:00', 'RR-START', 'synced'),
    ('11111111-1111-4111-8111-111111111612', '11111111-1111-4111-8111-111111111456', '11111111-1111-4111-8111-111111111202', '2025-08-30 13:00:52', '2025-08-30 13:00:52', 'RR-FINISH', 'synced'),
    ('11111111-1111-4111-8111-111111111613', '11111111-1111-4111-8111-111111111457', '11111111-1111-4111-8111-111111111201', '2025-08-30 10:00:00', '2025-08-30 10:00:00', 'RR-START', 'synced'),
    ('11111111-1111-4111-8111-111111111614', '11111111-1111-4111-8111-111111111457', '11111111-1111-4111-8111-111111111202', '2025-08-30 13:01:11', '2025-08-30 13:01:11', 'RR-FINISH', 'synced'),
    ('11111111-1111-4111-8111-111111111615', '11111111-1111-4111-8111-111111111458', '11111111-1111-4111-8111-111111111201', '2025-08-30 10:00:00', '2025-08-30 10:00:00', 'RR-START', 'synced'),
    ('11111111-1111-4111-8111-111111111616', '11111111-1111-4111-8111-111111111458', '11111111-1111-4111-8111-111111111202', '2025-08-30 13:01:28', '2025-08-30 13:01:28', 'RR-FINISH', 'synced'),
    ('11111111-1111-4111-8111-111111111617', '11111111-1111-4111-8111-111111111459', '11111111-1111-4111-8111-111111111201', '2025-08-30 10:00:00', '2025-08-30 10:00:00', 'RR-START', 'synced'),
    ('11111111-1111-4111-8111-111111111618', '11111111-1111-4111-8111-111111111459', '11111111-1111-4111-8111-111111111202', '2025-08-30 13:01:53', '2025-08-30 13:01:53', 'RR-FINISH', 'synced'),
    ('11111111-1111-4111-8111-111111111619', '11111111-1111-4111-8111-111111111460', '11111111-1111-4111-8111-111111111201', '2025-08-30 10:00:00', '2025-08-30 10:00:00', 'RR-START', 'synced'),
    ('11111111-1111-4111-8111-111111111620', '11111111-1111-4111-8111-111111111460', '11111111-1111-4111-8111-111111111202', '2025-08-30 13:02:56', '2025-08-30 13:02:56', 'RR-FINISH', 'synced'),
    ('11111111-1111-4111-8111-111111111621', '11111111-1111-4111-8111-111111111461', '11111111-1111-4111-8111-111111111201', '2025-08-30 10:00:00', '2025-08-30 10:00:00', 'RR-START', 'synced'),
    ('11111111-1111-4111-8111-111111111622', '11111111-1111-4111-8111-111111111461', '11111111-1111-4111-8111-111111111202', '2025-08-30 13:03:15', '2025-08-30 13:03:15', 'RR-FINISH', 'synced'),
    ('11111111-1111-4111-8111-111111111623', '11111111-1111-4111-8111-111111111462', '11111111-1111-4111-8111-111111111201', '2025-08-30 10:00:00', '2025-08-30 10:00:00', 'RR-START', 'synced'),
    ('11111111-1111-4111-8111-111111111624', '11111111-1111-4111-8111-111111111462', '11111111-1111-4111-8111-111111111202', '2025-08-30 13:04:04', '2025-08-30 13:04:04', 'RR-FINISH', 'synced'),
    ('11111111-1111-4111-8111-111111111625', '11111111-1111-4111-8111-111111111463', '11111111-1111-4111-8111-111111111201', '2025-08-30 10:00:00', '2025-08-30 10:00:00', 'RR-START', 'synced'),
    ('11111111-1111-4111-8111-111111111626', '11111111-1111-4111-8111-111111111463', '11111111-1111-4111-8111-111111111202', '2025-08-30 13:05:14', '2025-08-30 13:05:14', 'RR-FINISH', 'synced'),
    ('11111111-1111-4111-8111-111111111627', '11111111-1111-4111-8111-111111111464', '11111111-1111-4111-8111-111111111201', '2025-08-30 10:00:00', '2025-08-30 10:00:00', 'RR-START', 'synced'),
    ('11111111-1111-4111-8111-111111111628', '11111111-1111-4111-8111-111111111464', '11111111-1111-4111-8111-111111111202', '2025-08-30 13:05:32', '2025-08-30 13:05:32', 'RR-FINISH', 'synced'),
    ('11111111-1111-4111-8111-111111111629', '11111111-1111-4111-8111-111111111465', '11111111-1111-4111-8111-111111111201', '2025-08-30 10:00:00', '2025-08-30 10:00:00', 'RR-START', 'synced'),
    ('11111111-1111-4111-8111-111111111630', '11111111-1111-4111-8111-111111111465', '11111111-1111-4111-8111-111111111202', '2025-08-30 13:06:08', '2025-08-30 13:06:08', 'RR-FINISH', 'synced'),
    ('11111111-1111-4111-8111-111111111631', '11111111-1111-4111-8111-111111111466', '11111111-1111-4111-8111-111111111201', '2025-08-30 10:00:00', '2025-08-30 10:00:00', 'RR-START', 'synced'),
    ('11111111-1111-4111-8111-111111111632', '11111111-1111-4111-8111-111111111466', '11111111-1111-4111-8111-111111111202', '2025-08-30 13:06:08', '2025-08-30 13:06:08', 'RR-FINISH', 'synced'),
    ('11111111-1111-4111-8111-111111111633', '11111111-1111-4111-8111-111111111467', '11111111-1111-4111-8111-111111111201', '2025-08-30 10:00:00', '2025-08-30 10:00:00', 'RR-START', 'synced'),
    ('11111111-1111-4111-8111-111111111634', '11111111-1111-4111-8111-111111111467', '11111111-1111-4111-8111-111111111202', '2025-08-30 13:08:04', '2025-08-30 13:08:04', 'RR-FINISH', 'synced'),
    ('11111111-1111-4111-8111-111111111635', '11111111-1111-4111-8111-111111111468', '11111111-1111-4111-8111-111111111201', '2025-08-30 10:00:00', '2025-08-30 10:00:00', 'RR-START', 'synced'),
    ('11111111-1111-4111-8111-111111111636', '11111111-1111-4111-8111-111111111468', '11111111-1111-4111-8111-111111111202', '2025-08-30 13:09:52', '2025-08-30 13:09:52', 'RR-FINISH', 'synced'),
    ('11111111-1111-4111-8111-111111111637', '11111111-1111-4111-8111-111111111469', '11111111-1111-4111-8111-111111111201', '2025-08-30 10:00:00', '2025-08-30 10:00:00', 'RR-START', 'synced'),
    ('11111111-1111-4111-8111-111111111638', '11111111-1111-4111-8111-111111111469', '11111111-1111-4111-8111-111111111202', '2025-08-30 13:10:24', '2025-08-30 13:10:24', 'RR-FINISH', 'synced'),
    ('11111111-1111-4111-8111-111111111639', '11111111-1111-4111-8111-111111111470', '11111111-1111-4111-8111-111111111201', '2025-08-30 10:00:00', '2025-08-30 10:00:00', 'RR-START', 'synced'),
    ('11111111-1111-4111-8111-111111111640', '11111111-1111-4111-8111-111111111470', '11111111-1111-4111-8111-111111111202', '2025-08-30 13:10:30', '2025-08-30 13:10:30', 'RR-FINISH', 'synced'),
    ('11111111-1111-4111-8111-111111111641', '11111111-1111-4111-8111-111111111471', '11111111-1111-4111-8111-111111111201', '2025-08-30 10:00:00', '2025-08-30 10:00:00', 'RR-START', 'synced'),
    ('11111111-1111-4111-8111-111111111642', '11111111-1111-4111-8111-111111111471', '11111111-1111-4111-8111-111111111202', '2025-08-30 13:11:27', '2025-08-30 13:11:27', 'RR-FINISH', 'synced'),
    ('11111111-1111-4111-8111-111111111643', '11111111-1111-4111-8111-111111111472', '11111111-1111-4111-8111-111111111201', '2025-08-30 10:00:00', '2025-08-30 10:00:00', 'RR-START', 'synced'),
    ('11111111-1111-4111-8111-111111111644', '11111111-1111-4111-8111-111111111472', '11111111-1111-4111-8111-111111111202', '2025-08-30 13:12:18', '2025-08-30 13:12:18', 'RR-FINISH', 'synced'),
    ('11111111-1111-4111-8111-111111111645', '11111111-1111-4111-8111-111111111473', '11111111-1111-4111-8111-111111111201', '2025-08-30 10:00:00', '2025-08-30 10:00:00', 'RR-START', 'synced'),
    ('11111111-1111-4111-8111-111111111646', '11111111-1111-4111-8111-111111111473', '11111111-1111-4111-8111-111111111202', '2025-08-30 13:14:21', '2025-08-30 13:14:21', 'RR-FINISH', 'synced'),
    ('11111111-1111-4111-8111-111111111647', '11111111-1111-4111-8111-111111111474', '11111111-1111-4111-8111-111111111201', '2025-08-30 10:00:00', '2025-08-30 10:00:00', 'RR-START', 'synced'),
    ('11111111-1111-4111-8111-111111111648', '11111111-1111-4111-8111-111111111474', '11111111-1111-4111-8111-111111111202', '2025-08-30 13:14:49', '2025-08-30 13:14:49', 'RR-FINISH', 'synced'),
    ('11111111-1111-4111-8111-111111111649', '11111111-1111-4111-8111-111111111475', '11111111-1111-4111-8111-111111111201', '2025-08-30 10:00:00', '2025-08-30 10:00:00', 'RR-START', 'synced'),
    ('11111111-1111-4111-8111-111111111650', '11111111-1111-4111-8111-111111111475', '11111111-1111-4111-8111-111111111202', '2025-08-30 13:14:50', '2025-08-30 13:14:50', 'RR-FINISH', 'synced'),
    ('11111111-1111-4111-8111-111111111651', '11111111-1111-4111-8111-111111111476', '11111111-1111-4111-8111-111111111201', '2025-08-30 10:00:00', '2025-08-30 10:00:00', 'RR-START', 'synced'),
    ('11111111-1111-4111-8111-111111111652', '11111111-1111-4111-8111-111111111476', '11111111-1111-4111-8111-111111111202', '2025-08-30 13:15:12', '2025-08-30 13:15:12', 'RR-FINISH', 'synced'),
    ('11111111-1111-4111-8111-111111111653', '11111111-1111-4111-8111-111111111477', '11111111-1111-4111-8111-111111111201', '2025-08-30 10:00:00', '2025-08-30 10:00:00', 'RR-START', 'synced'),
    ('11111111-1111-4111-8111-111111111654', '11111111-1111-4111-8111-111111111477', '11111111-1111-4111-8111-111111111202', '2025-08-30 13:15:29', '2025-08-30 13:15:29', 'RR-FINISH', 'synced'),
    ('11111111-1111-4111-8111-111111111655', '11111111-1111-4111-8111-111111111478', '11111111-1111-4111-8111-111111111201', '2025-08-30 10:00:00', '2025-08-30 10:00:00', 'RR-START', 'synced'),
    ('11111111-1111-4111-8111-111111111656', '11111111-1111-4111-8111-111111111478', '11111111-1111-4111-8111-111111111202', '2025-08-30 13:16:13', '2025-08-30 13:16:13', 'RR-FINISH', 'synced'),
    ('11111111-1111-4111-8111-111111111657', '11111111-1111-4111-8111-111111111479', '11111111-1111-4111-8111-111111111201', '2025-08-30 10:00:00', '2025-08-30 10:00:00', 'RR-START', 'synced'),
    ('11111111-1111-4111-8111-111111111658', '11111111-1111-4111-8111-111111111479', '11111111-1111-4111-8111-111111111202', '2025-08-30 13:17:54', '2025-08-30 13:17:54', 'RR-FINISH', 'synced'),
    ('11111111-1111-4111-8111-111111111659', '11111111-1111-4111-8111-111111111480', '11111111-1111-4111-8111-111111111201', '2025-08-30 10:00:00', '2025-08-30 10:00:00', 'RR-START', 'synced'),
    ('11111111-1111-4111-8111-111111111660', '11111111-1111-4111-8111-111111111480', '11111111-1111-4111-8111-111111111202', '2025-08-30 13:18:13', '2025-08-30 13:18:13', 'RR-FINISH', 'synced'),
    ('11111111-1111-4111-8111-111111111661', '11111111-1111-4111-8111-111111111481', '11111111-1111-4111-8111-111111111201', '2025-08-30 10:00:00', '2025-08-30 10:00:00', 'RR-START', 'synced'),
    ('11111111-1111-4111-8111-111111111662', '11111111-1111-4111-8111-111111111481', '11111111-1111-4111-8111-111111111202', '2025-08-30 13:18:58', '2025-08-30 13:18:58', 'RR-FINISH', 'synced'),
    ('11111111-1111-4111-8111-111111111663', '11111111-1111-4111-8111-111111111482', '11111111-1111-4111-8111-111111111201', '2025-08-30 10:00:00', '2025-08-30 10:00:00', 'RR-START', 'synced'),
    ('11111111-1111-4111-8111-111111111664', '11111111-1111-4111-8111-111111111482', '11111111-1111-4111-8111-111111111202', '2025-08-30 13:19:10', '2025-08-30 13:19:10', 'RR-FINISH', 'synced'),
    ('11111111-1111-4111-8111-111111111665', '11111111-1111-4111-8111-111111111483', '11111111-1111-4111-8111-111111111201', '2025-08-30 10:00:00', '2025-08-30 10:00:00', 'RR-START', 'synced'),
    ('11111111-1111-4111-8111-111111111666', '11111111-1111-4111-8111-111111111483', '11111111-1111-4111-8111-111111111202', '2025-08-30 13:19:52', '2025-08-30 13:19:52', 'RR-FINISH', 'synced'),
    ('11111111-1111-4111-8111-111111111667', '11111111-1111-4111-8111-111111111484', '11111111-1111-4111-8111-111111111201', '2025-08-30 10:00:00', '2025-08-30 10:00:00', 'RR-START', 'synced'),
    ('11111111-1111-4111-8111-111111111668', '11111111-1111-4111-8111-111111111484', '11111111-1111-4111-8111-111111111202', '2025-08-30 13:22:36', '2025-08-30 13:22:36', 'RR-FINISH', 'synced'),
    ('11111111-1111-4111-8111-111111111669', '11111111-1111-4111-8111-111111111485', '11111111-1111-4111-8111-111111111201', '2025-08-30 10:00:00', '2025-08-30 10:00:00', 'RR-START', 'synced'),
    ('11111111-1111-4111-8111-111111111670', '11111111-1111-4111-8111-111111111485', '11111111-1111-4111-8111-111111111202', '2025-08-30 13:22:37', '2025-08-30 13:22:37', 'RR-FINISH', 'synced'),
    ('11111111-1111-4111-8111-111111111671', '11111111-1111-4111-8111-111111111486', '11111111-1111-4111-8111-111111111201', '2025-08-30 10:00:00', '2025-08-30 10:00:00', 'RR-START', 'synced'),
    ('11111111-1111-4111-8111-111111111672', '11111111-1111-4111-8111-111111111486', '11111111-1111-4111-8111-111111111202', '2025-08-30 13:24:12', '2025-08-30 13:24:12', 'RR-FINISH', 'synced'),
    ('11111111-1111-4111-8111-111111111673', '11111111-1111-4111-8111-111111111487', '11111111-1111-4111-8111-111111111201', '2025-08-30 10:00:00', '2025-08-30 10:00:00', 'RR-START', 'synced'),
    ('11111111-1111-4111-8111-111111111674', '11111111-1111-4111-8111-111111111487', '11111111-1111-4111-8111-111111111202', '2025-08-30 13:25:02', '2025-08-30 13:25:02', 'RR-FINISH', 'synced'),
    ('11111111-1111-4111-8111-111111111675', '11111111-1111-4111-8111-111111111488', '11111111-1111-4111-8111-111111111201', '2025-08-30 10:00:00', '2025-08-30 10:00:00', 'RR-START', 'synced'),
    ('11111111-1111-4111-8111-111111111676', '11111111-1111-4111-8111-111111111488', '11111111-1111-4111-8111-111111111202', '2025-08-30 13:25:10', '2025-08-30 13:25:10', 'RR-FINISH', 'synced'),
    ('11111111-1111-4111-8111-111111111677', '11111111-1111-4111-8111-111111111489', '11111111-1111-4111-8111-111111111201', '2025-08-30 10:00:00', '2025-08-30 10:00:00', 'RR-START', 'synced'),
    ('11111111-1111-4111-8111-111111111678', '11111111-1111-4111-8111-111111111489', '11111111-1111-4111-8111-111111111202', '2025-08-30 13:25:50', '2025-08-30 13:25:50', 'RR-FINISH', 'synced'),
    ('11111111-1111-4111-8111-111111111679', '11111111-1111-4111-8111-111111111490', '11111111-1111-4111-8111-111111111201', '2025-08-30 10:00:00', '2025-08-30 10:00:00', 'RR-START', 'synced'),
    ('11111111-1111-4111-8111-111111111680', '11111111-1111-4111-8111-111111111490', '11111111-1111-4111-8111-111111111202', '2025-08-30 13:26:27', '2025-08-30 13:26:27', 'RR-FINISH', 'synced'),
    ('11111111-1111-4111-8111-111111111681', '11111111-1111-4111-8111-111111111491', '11111111-1111-4111-8111-111111111201', '2025-08-30 10:00:00', '2025-08-30 10:00:00', 'RR-START', 'synced'),
    ('11111111-1111-4111-8111-111111111682', '11111111-1111-4111-8111-111111111491', '11111111-1111-4111-8111-111111111202', '2025-08-30 13:26:30', '2025-08-30 13:26:30', 'RR-FINISH', 'synced'),
    ('11111111-1111-4111-8111-111111111683', '11111111-1111-4111-8111-111111111492', '11111111-1111-4111-8111-111111111201', '2025-08-30 10:00:00', '2025-08-30 10:00:00', 'RR-START', 'synced'),
    ('11111111-1111-4111-8111-111111111684', '11111111-1111-4111-8111-111111111492', '11111111-1111-4111-8111-111111111202', '2025-08-30 13:26:39', '2025-08-30 13:26:39', 'RR-FINISH', 'synced'),
    ('11111111-1111-4111-8111-111111111685', '11111111-1111-4111-8111-111111111493', '11111111-1111-4111-8111-111111111201', '2025-08-30 10:00:00', '2025-08-30 10:00:00', 'RR-START', 'synced'),
    ('11111111-1111-4111-8111-111111111686', '11111111-1111-4111-8111-111111111493', '11111111-1111-4111-8111-111111111202', '2025-08-30 13:26:41', '2025-08-30 13:26:41', 'RR-FINISH', 'synced'),
    ('11111111-1111-4111-8111-111111111687', '11111111-1111-4111-8111-111111111494', '11111111-1111-4111-8111-111111111201', '2025-08-30 10:00:00', '2025-08-30 10:00:00', 'RR-START', 'synced'),
    ('11111111-1111-4111-8111-111111111688', '11111111-1111-4111-8111-111111111494', '11111111-1111-4111-8111-111111111202', '2025-08-30 13:27:35', '2025-08-30 13:27:35', 'RR-FINISH', 'synced'),
    ('11111111-1111-4111-8111-111111111689', '11111111-1111-4111-8111-111111111495', '11111111-1111-4111-8111-111111111201', '2025-08-30 10:00:00', '2025-08-30 10:00:00', 'RR-START', 'synced'),
    ('11111111-1111-4111-8111-111111111690', '11111111-1111-4111-8111-111111111495', '11111111-1111-4111-8111-111111111202', '2025-08-30 13:27:58', '2025-08-30 13:27:58', 'RR-FINISH', 'synced'),
    ('11111111-1111-4111-8111-111111111691', '11111111-1111-4111-8111-111111111496', '11111111-1111-4111-8111-111111111201', '2025-08-30 10:00:00', '2025-08-30 10:00:00', 'RR-START', 'synced'),
    ('11111111-1111-4111-8111-111111111692', '11111111-1111-4111-8111-111111111496', '11111111-1111-4111-8111-111111111202', '2025-08-30 13:28:48', '2025-08-30 13:28:48', 'RR-FINISH', 'synced'),
    ('11111111-1111-4111-8111-111111111693', '11111111-1111-4111-8111-111111111497', '11111111-1111-4111-8111-111111111201', '2025-08-30 10:00:00', '2025-08-30 10:00:00', 'RR-START', 'synced'),
    ('11111111-1111-4111-8111-111111111694', '11111111-1111-4111-8111-111111111497', '11111111-1111-4111-8111-111111111202', '2025-08-30 13:29:56', '2025-08-30 13:29:56', 'RR-FINISH', 'synced'),
    ('11111111-1111-4111-8111-111111111695', '11111111-1111-4111-8111-111111111498', '11111111-1111-4111-8111-111111111201', '2025-08-30 10:00:00', '2025-08-30 10:00:00', 'RR-START', 'synced'),
    ('11111111-1111-4111-8111-111111111696', '11111111-1111-4111-8111-111111111498', '11111111-1111-4111-8111-111111111202', '2025-08-30 13:29:58', '2025-08-30 13:29:58', 'RR-FINISH', 'synced'),
    ('11111111-1111-4111-8111-111111111697', '11111111-1111-4111-8111-111111111499', '11111111-1111-4111-8111-111111111201', '2025-08-30 10:00:00', '2025-08-30 10:00:00', 'RR-START', 'synced'),
    ('11111111-1111-4111-8111-111111111698', '11111111-1111-4111-8111-111111111499', '11111111-1111-4111-8111-111111111202', '2025-08-30 13:30:08', '2025-08-30 13:30:08', 'RR-FINISH', 'synced'),
    ('11111111-1111-4111-8111-111111111699', '11111111-1111-4111-8111-111111111500', '11111111-1111-4111-8111-111111111201', '2025-08-30 10:00:00', '2025-08-30 10:00:00', 'RR-START', 'synced'),
    ('11111111-1111-4111-8111-111111111700', '11111111-1111-4111-8111-111111111500', '11111111-1111-4111-8111-111111111202', '2025-08-30 13:30:46', '2025-08-30 13:30:46', 'RR-FINISH', 'synced'),
    ('11111111-1111-4111-8111-111111111701', '11111111-1111-4111-8111-111111111501', '11111111-1111-4111-8111-111111111201', '2025-08-30 10:00:00', '2025-08-30 10:00:00', 'RR-START', 'synced'),
    ('11111111-1111-4111-8111-111111111702', '11111111-1111-4111-8111-111111111501', '11111111-1111-4111-8111-111111111202', '2025-08-30 13:32:03', '2025-08-30 13:32:03', 'RR-FINISH', 'synced'),
    ('11111111-1111-4111-8111-111111111703', '11111111-1111-4111-8111-111111111502', '11111111-1111-4111-8111-111111111201', '2025-08-30 10:00:00', '2025-08-30 10:00:00', 'RR-START', 'synced'),
    ('11111111-1111-4111-8111-111111111704', '11111111-1111-4111-8111-111111111502', '11111111-1111-4111-8111-111111111202', '2025-08-30 13:33:07', '2025-08-30 13:33:07', 'RR-FINISH', 'synced'),
    ('11111111-1111-4111-8111-111111111705', '11111111-1111-4111-8111-111111111503', '11111111-1111-4111-8111-111111111201', '2025-08-30 10:00:00', '2025-08-30 10:00:00', 'RR-START', 'synced'),
    ('11111111-1111-4111-8111-111111111706', '11111111-1111-4111-8111-111111111503', '11111111-1111-4111-8111-111111111202', '2025-08-30 13:33:28', '2025-08-30 13:33:28', 'RR-FINISH', 'synced'),
    ('11111111-1111-4111-8111-111111111707', '11111111-1111-4111-8111-111111111504', '11111111-1111-4111-8111-111111111201', '2025-08-30 10:00:00', '2025-08-30 10:00:00', 'RR-START', 'synced'),
    ('11111111-1111-4111-8111-111111111708', '11111111-1111-4111-8111-111111111504', '11111111-1111-4111-8111-111111111202', '2025-08-30 13:34:47', '2025-08-30 13:34:47', 'RR-FINISH', 'synced'),
    ('11111111-1111-4111-8111-111111111709', '11111111-1111-4111-8111-111111111505', '11111111-1111-4111-8111-111111111201', '2025-08-30 10:00:00', '2025-08-30 10:00:00', 'RR-START', 'synced'),
    ('11111111-1111-4111-8111-111111111710', '11111111-1111-4111-8111-111111111505', '11111111-1111-4111-8111-111111111202', '2025-08-30 13:34:55', '2025-08-30 13:34:55', 'RR-FINISH', 'synced'),
    ('11111111-1111-4111-8111-111111111711', '11111111-1111-4111-8111-111111111506', '11111111-1111-4111-8111-111111111201', '2025-08-30 10:00:00', '2025-08-30 10:00:00', 'RR-START', 'synced'),
    ('11111111-1111-4111-8111-111111111712', '11111111-1111-4111-8111-111111111506', '11111111-1111-4111-8111-111111111202', '2025-08-30 13:35:17', '2025-08-30 13:35:17', 'RR-FINISH', 'synced'),
    ('11111111-1111-4111-8111-111111111713', '11111111-1111-4111-8111-111111111507', '11111111-1111-4111-8111-111111111201', '2025-08-30 10:00:00', '2025-08-30 10:00:00', 'RR-START', 'synced'),
    ('11111111-1111-4111-8111-111111111714', '11111111-1111-4111-8111-111111111507', '11111111-1111-4111-8111-111111111202', '2025-08-30 13:36:21', '2025-08-30 13:36:21', 'RR-FINISH', 'synced'),
    ('11111111-1111-4111-8111-111111111715', '11111111-1111-4111-8111-111111111508', '11111111-1111-4111-8111-111111111201', '2025-08-30 10:00:00', '2025-08-30 10:00:00', 'RR-START', 'synced'),
    ('11111111-1111-4111-8111-111111111716', '11111111-1111-4111-8111-111111111508', '11111111-1111-4111-8111-111111111202', '2025-08-30 13:39:13', '2025-08-30 13:39:13', 'RR-FINISH', 'synced'),
    ('11111111-1111-4111-8111-111111111717', '11111111-1111-4111-8111-111111111509', '11111111-1111-4111-8111-111111111201', '2025-08-30 10:00:00', '2025-08-30 10:00:00', 'RR-START', 'synced'),
    ('11111111-1111-4111-8111-111111111718', '11111111-1111-4111-8111-111111111509', '11111111-1111-4111-8111-111111111202', '2025-08-30 13:39:19', '2025-08-30 13:39:19', 'RR-FINISH', 'synced'),
    ('11111111-1111-4111-8111-111111111719', '11111111-1111-4111-8111-111111111510', '11111111-1111-4111-8111-111111111201', '2025-08-30 10:00:00', '2025-08-30 10:00:00', 'RR-START', 'synced'),
    ('11111111-1111-4111-8111-111111111720', '11111111-1111-4111-8111-111111111510', '11111111-1111-4111-8111-111111111202', '2025-08-30 13:40:40', '2025-08-30 13:40:40', 'RR-FINISH', 'synced'),
    ('11111111-1111-4111-8111-111111111721', '11111111-1111-4111-8111-111111111511', '11111111-1111-4111-8111-111111111201', '2025-08-30 10:00:00', '2025-08-30 10:00:00', 'RR-START', 'synced'),
    ('11111111-1111-4111-8111-111111111722', '11111111-1111-4111-8111-111111111511', '11111111-1111-4111-8111-111111111202', '2025-08-30 13:41:29', '2025-08-30 13:41:29', 'RR-FINISH', 'synced'),
    ('11111111-1111-4111-8111-111111111723', '11111111-1111-4111-8111-111111111512', '11111111-1111-4111-8111-111111111201', '2025-08-30 10:00:00', '2025-08-30 10:00:00', 'RR-START', 'synced'),
    ('11111111-1111-4111-8111-111111111724', '11111111-1111-4111-8111-111111111512', '11111111-1111-4111-8111-111111111202', '2025-08-30 13:43:51', '2025-08-30 13:43:51', 'RR-FINISH', 'synced'),
    ('11111111-1111-4111-8111-111111111725', '11111111-1111-4111-8111-111111111513', '11111111-1111-4111-8111-111111111201', '2025-08-30 10:00:00', '2025-08-30 10:00:00', 'RR-START', 'synced'),
    ('11111111-1111-4111-8111-111111111726', '11111111-1111-4111-8111-111111111513', '11111111-1111-4111-8111-111111111202', '2025-08-30 13:43:52', '2025-08-30 13:43:52', 'RR-FINISH', 'synced'),
    ('11111111-1111-4111-8111-111111111727', '11111111-1111-4111-8111-111111111514', '11111111-1111-4111-8111-111111111201', '2025-08-30 10:00:00', '2025-08-30 10:00:00', 'RR-START', 'synced'),
    ('11111111-1111-4111-8111-111111111728', '11111111-1111-4111-8111-111111111514', '11111111-1111-4111-8111-111111111202', '2025-08-30 13:45:04', '2025-08-30 13:45:04', 'RR-FINISH', 'synced'),
    ('11111111-1111-4111-8111-111111111729', '11111111-1111-4111-8111-111111111515', '11111111-1111-4111-8111-111111111201', '2025-08-30 10:00:00', '2025-08-30 10:00:00', 'RR-START', 'synced'),
    ('11111111-1111-4111-8111-111111111730', '11111111-1111-4111-8111-111111111515', '11111111-1111-4111-8111-111111111202', '2025-08-30 13:45:16', '2025-08-30 13:45:16', 'RR-FINISH', 'synced'),
    ('11111111-1111-4111-8111-111111111731', '11111111-1111-4111-8111-111111111516', '11111111-1111-4111-8111-111111111201', '2025-08-30 10:00:00', '2025-08-30 10:00:00', 'RR-START', 'synced'),
    ('11111111-1111-4111-8111-111111111732', '11111111-1111-4111-8111-111111111516', '11111111-1111-4111-8111-111111111202', '2025-08-30 13:47:21', '2025-08-30 13:47:21', 'RR-FINISH', 'synced'),
    ('11111111-1111-4111-8111-111111111733', '11111111-1111-4111-8111-111111111517', '11111111-1111-4111-8111-111111111201', '2025-08-30 10:00:00', '2025-08-30 10:00:00', 'RR-START', 'synced'),
    ('11111111-1111-4111-8111-111111111734', '11111111-1111-4111-8111-111111111517', '11111111-1111-4111-8111-111111111202', '2025-08-30 13:48:07', '2025-08-30 13:48:07', 'RR-FINISH', 'synced'),
    ('11111111-1111-4111-8111-111111111735', '11111111-1111-4111-8111-111111111518', '11111111-1111-4111-8111-111111111201', '2025-08-30 10:00:00', '2025-08-30 10:00:00', 'RR-START', 'synced'),
    ('11111111-1111-4111-8111-111111111736', '11111111-1111-4111-8111-111111111518', '11111111-1111-4111-8111-111111111202', '2025-08-30 13:49:15', '2025-08-30 13:49:15', 'RR-FINISH', 'synced'),
    ('11111111-1111-4111-8111-111111111737', '11111111-1111-4111-8111-111111111519', '11111111-1111-4111-8111-111111111201', '2025-08-30 10:00:00', '2025-08-30 10:00:00', 'RR-START', 'synced'),
    ('11111111-1111-4111-8111-111111111738', '11111111-1111-4111-8111-111111111519', '11111111-1111-4111-8111-111111111202', '2025-08-30 13:50:01', '2025-08-30 13:50:01', 'RR-FINISH', 'synced'),
    ('11111111-1111-4111-8111-111111111739', '11111111-1111-4111-8111-111111111520', '11111111-1111-4111-8111-111111111201', '2025-08-30 10:00:00', '2025-08-30 10:00:00', 'RR-START', 'synced'),
    ('11111111-1111-4111-8111-111111111740', '11111111-1111-4111-8111-111111111520', '11111111-1111-4111-8111-111111111202', '2025-08-30 13:50:41', '2025-08-30 13:50:41', 'RR-FINISH', 'synced'),
    ('11111111-1111-4111-8111-111111111741', '11111111-1111-4111-8111-111111111521', '11111111-1111-4111-8111-111111111201', '2025-08-30 10:00:00', '2025-08-30 10:00:00', 'RR-START', 'synced'),
    ('11111111-1111-4111-8111-111111111742', '11111111-1111-4111-8111-111111111521', '11111111-1111-4111-8111-111111111202', '2025-08-30 13:56:03', '2025-08-30 13:56:03', 'RR-FINISH', 'synced'),
    ('11111111-1111-4111-8111-111111111743', '11111111-1111-4111-8111-111111111522', '11111111-1111-4111-8111-111111111201', '2025-08-30 10:00:00', '2025-08-30 10:00:00', 'RR-START', 'synced'),
    ('11111111-1111-4111-8111-111111111744', '11111111-1111-4111-8111-111111111522', '11111111-1111-4111-8111-111111111202', '2025-08-30 13:56:04', '2025-08-30 13:56:04', 'RR-FINISH', 'synced'),
    ('11111111-1111-4111-8111-111111111745', '11111111-1111-4111-8111-111111111523', '11111111-1111-4111-8111-111111111201', '2025-08-30 10:00:00', '2025-08-30 10:00:00', 'RR-START', 'synced'),
    ('11111111-1111-4111-8111-111111111746', '11111111-1111-4111-8111-111111111523', '11111111-1111-4111-8111-111111111202', '2025-08-30 13:57:11', '2025-08-30 13:57:11', 'RR-FINISH', 'synced'),
    ('11111111-1111-4111-8111-111111111747', '11111111-1111-4111-8111-111111111524', '11111111-1111-4111-8111-111111111201', '2025-08-30 10:00:00', '2025-08-30 10:00:00', 'RR-START', 'synced'),
    ('11111111-1111-4111-8111-111111111748', '11111111-1111-4111-8111-111111111524', '11111111-1111-4111-8111-111111111202', '2025-08-30 13:57:54', '2025-08-30 13:57:54', 'RR-FINISH', 'synced'),
    ('11111111-1111-4111-8111-111111111749', '11111111-1111-4111-8111-111111111525', '11111111-1111-4111-8111-111111111201', '2025-08-30 10:00:00', '2025-08-30 10:00:00', 'RR-START', 'synced'),
    ('11111111-1111-4111-8111-111111111750', '11111111-1111-4111-8111-111111111525', '11111111-1111-4111-8111-111111111202', '2025-08-30 14:03:51', '2025-08-30 14:03:51', 'RR-FINISH', 'synced'),
    ('11111111-1111-4111-8111-111111111751', '11111111-1111-4111-8111-111111111526', '11111111-1111-4111-8111-111111111201', '2025-08-30 10:00:00', '2025-08-30 10:00:00', 'RR-START', 'synced'),
    ('11111111-1111-4111-8111-111111111752', '11111111-1111-4111-8111-111111111526', '11111111-1111-4111-8111-111111111202', '2025-08-30 14:03:53', '2025-08-30 14:03:53', 'RR-FINISH', 'synced'),
    ('11111111-1111-4111-8111-111111111753', '11111111-1111-4111-8111-111111111527', '11111111-1111-4111-8111-111111111201', '2025-08-30 10:00:00', '2025-08-30 10:00:00', 'RR-START', 'synced'),
    ('11111111-1111-4111-8111-111111111754', '11111111-1111-4111-8111-111111111527', '11111111-1111-4111-8111-111111111202', '2025-08-30 14:05:08', '2025-08-30 14:05:08', 'RR-FINISH', 'synced'),
    ('11111111-1111-4111-8111-111111111755', '11111111-1111-4111-8111-111111111528', '11111111-1111-4111-8111-111111111201', '2025-08-30 10:00:00', '2025-08-30 10:00:00', 'RR-START', 'synced'),
    ('11111111-1111-4111-8111-111111111756', '11111111-1111-4111-8111-111111111528', '11111111-1111-4111-8111-111111111202', '2025-08-30 14:06:08', '2025-08-30 14:06:08', 'RR-FINISH', 'synced'),
    ('11111111-1111-4111-8111-111111111757', '11111111-1111-4111-8111-111111111529', '11111111-1111-4111-8111-111111111201', '2025-08-30 10:00:00', '2025-08-30 10:00:00', 'RR-START', 'synced'),
    ('11111111-1111-4111-8111-111111111758', '11111111-1111-4111-8111-111111111529', '11111111-1111-4111-8111-111111111202', '2025-08-30 14:09:20', '2025-08-30 14:09:20', 'RR-FINISH', 'synced'),
    ('11111111-1111-4111-8111-111111111759', '11111111-1111-4111-8111-111111111530', '11111111-1111-4111-8111-111111111201', '2025-08-30 10:00:00', '2025-08-30 10:00:00', 'RR-START', 'synced'),
    ('11111111-1111-4111-8111-111111111760', '11111111-1111-4111-8111-111111111530', '11111111-1111-4111-8111-111111111202', '2025-08-30 14:13:33', '2025-08-30 14:13:33', 'RR-FINISH', 'synced'),
    ('11111111-1111-4111-8111-111111111761', '11111111-1111-4111-8111-111111111531', '11111111-1111-4111-8111-111111111201', '2025-08-30 10:00:00', '2025-08-30 10:00:00', 'RR-START', 'synced'),
    ('11111111-1111-4111-8111-111111111762', '11111111-1111-4111-8111-111111111531', '11111111-1111-4111-8111-111111111202', '2025-08-30 14:13:56', '2025-08-30 14:13:56', 'RR-FINISH', 'synced'),
    ('11111111-1111-4111-8111-111111111763', '11111111-1111-4111-8111-111111111532', '11111111-1111-4111-8111-111111111201', '2025-08-30 10:00:00', '2025-08-30 10:00:00', 'RR-START', 'synced'),
    ('11111111-1111-4111-8111-111111111764', '11111111-1111-4111-8111-111111111532', '11111111-1111-4111-8111-111111111202', '2025-08-30 14:15:15', '2025-08-30 14:15:15', 'RR-FINISH', 'synced'),
    ('11111111-1111-4111-8111-111111111765', '11111111-1111-4111-8111-111111111533', '11111111-1111-4111-8111-111111111201', '2025-08-30 10:00:00', '2025-08-30 10:00:00', 'RR-START', 'synced'),
    ('11111111-1111-4111-8111-111111111766', '11111111-1111-4111-8111-111111111533', '11111111-1111-4111-8111-111111111202', '2025-08-30 14:16:29', '2025-08-30 14:16:29', 'RR-FINISH', 'synced'),
    ('11111111-1111-4111-8111-111111111767', '11111111-1111-4111-8111-111111111534', '11111111-1111-4111-8111-111111111201', '2025-08-30 10:00:00', '2025-08-30 10:00:00', 'RR-START', 'synced'),
    ('11111111-1111-4111-8111-111111111768', '11111111-1111-4111-8111-111111111534', '11111111-1111-4111-8111-111111111202', '2025-08-30 14:21:42', '2025-08-30 14:21:42', 'RR-FINISH', 'synced'),
    ('11111111-1111-4111-8111-111111111769', '11111111-1111-4111-8111-111111111535', '11111111-1111-4111-8111-111111111201', '2025-08-30 10:00:00', '2025-08-30 10:00:00', 'RR-START', 'synced'),
    ('11111111-1111-4111-8111-111111111770', '11111111-1111-4111-8111-111111111535', '11111111-1111-4111-8111-111111111202', '2025-08-30 14:21:43', '2025-08-30 14:21:43', 'RR-FINISH', 'synced'),
    ('11111111-1111-4111-8111-111111111771', '11111111-1111-4111-8111-111111111536', '11111111-1111-4111-8111-111111111201', '2025-08-30 10:00:00', '2025-08-30 10:00:00', 'RR-START', 'synced'),
    ('11111111-1111-4111-8111-111111111772', '11111111-1111-4111-8111-111111111536', '11111111-1111-4111-8111-111111111202', '2025-08-30 14:24:54', '2025-08-30 14:24:54', 'RR-FINISH', 'synced'),
    ('11111111-1111-4111-8111-111111111773', '11111111-1111-4111-8111-111111111537', '11111111-1111-4111-8111-111111111201', '2025-08-30 10:00:00', '2025-08-30 10:00:00', 'RR-START', 'synced'),
    ('11111111-1111-4111-8111-111111111774', '11111111-1111-4111-8111-111111111537', '11111111-1111-4111-8111-111111111202', '2025-08-30 14:29:03', '2025-08-30 14:29:03', 'RR-FINISH', 'synced'),
    ('11111111-1111-4111-8111-111111111775', '11111111-1111-4111-8111-111111111538', '11111111-1111-4111-8111-111111111201', '2025-08-30 10:00:00', '2025-08-30 10:00:00', 'RR-START', 'synced'),
    ('11111111-1111-4111-8111-111111111776', '11111111-1111-4111-8111-111111111538', '11111111-1111-4111-8111-111111111202', '2025-08-30 14:32:19', '2025-08-30 14:32:19', 'RR-FINISH', 'synced'),
    ('11111111-1111-4111-8111-111111111777', '11111111-1111-4111-8111-111111111539', '11111111-1111-4111-8111-111111111201', '2025-08-30 10:00:00', '2025-08-30 10:00:00', 'RR-START', 'synced'),
    ('11111111-1111-4111-8111-111111111778', '11111111-1111-4111-8111-111111111539', '11111111-1111-4111-8111-111111111202', '2025-08-30 14:33:05', '2025-08-30 14:33:05', 'RR-FINISH', 'synced'),
    ('11111111-1111-4111-8111-111111111779', '11111111-1111-4111-8111-111111111540', '11111111-1111-4111-8111-111111111201', '2025-08-30 10:00:00', '2025-08-30 10:00:00', 'RR-START', 'synced'),
    ('11111111-1111-4111-8111-111111111780', '11111111-1111-4111-8111-111111111540', '11111111-1111-4111-8111-111111111202', '2025-08-30 14:37:50', '2025-08-30 14:37:50', 'RR-FINISH', 'synced'),
    ('11111111-1111-4111-8111-111111111781', '11111111-1111-4111-8111-111111111541', '11111111-1111-4111-8111-111111111201', '2025-08-30 10:00:00', '2025-08-30 10:00:00', 'RR-START', 'synced'),
    ('11111111-1111-4111-8111-111111111782', '11111111-1111-4111-8111-111111111542', '11111111-1111-4111-8111-111111111203', '2025-08-30 10:00:00', '2025-08-30 10:00:00', 'RR-START', 'synced'),
    ('11111111-1111-4111-8111-111111111783', '11111111-1111-4111-8111-111111111542', '11111111-1111-4111-8111-111111111204', '2025-08-30 11:31:35', '2025-08-30 11:31:35', 'RR-FINISH', 'synced'),
    ('11111111-1111-4111-8111-111111111784', '11111111-1111-4111-8111-111111111543', '11111111-1111-4111-8111-111111111203', '2025-08-30 10:00:00', '2025-08-30 10:00:00', 'RR-START', 'synced'),
    ('11111111-1111-4111-8111-111111111785', '11111111-1111-4111-8111-111111111543', '11111111-1111-4111-8111-111111111204', '2025-08-30 11:35:19', '2025-08-30 11:35:19', 'RR-FINISH', 'synced'),
    ('11111111-1111-4111-8111-111111111786', '11111111-1111-4111-8111-111111111544', '11111111-1111-4111-8111-111111111203', '2025-08-30 10:00:00', '2025-08-30 10:00:00', 'RR-START', 'synced'),
    ('11111111-1111-4111-8111-111111111787', '11111111-1111-4111-8111-111111111544', '11111111-1111-4111-8111-111111111204', '2025-08-30 11:36:15', '2025-08-30 11:36:15', 'RR-FINISH', 'synced'),
    ('11111111-1111-4111-8111-111111111788', '11111111-1111-4111-8111-111111111545', '11111111-1111-4111-8111-111111111203', '2025-08-30 10:00:00', '2025-08-30 10:00:00', 'RR-START', 'synced'),
    ('11111111-1111-4111-8111-111111111789', '11111111-1111-4111-8111-111111111545', '11111111-1111-4111-8111-111111111204', '2025-08-30 11:37:52', '2025-08-30 11:37:52', 'RR-FINISH', 'synced'),
    ('11111111-1111-4111-8111-111111111790', '11111111-1111-4111-8111-111111111546', '11111111-1111-4111-8111-111111111203', '2025-08-30 10:00:00', '2025-08-30 10:00:00', 'RR-START', 'synced'),
    ('11111111-1111-4111-8111-111111111791', '11111111-1111-4111-8111-111111111546', '11111111-1111-4111-8111-111111111204', '2025-08-30 11:37:54', '2025-08-30 11:37:54', 'RR-FINISH', 'synced'),
    ('11111111-1111-4111-8111-111111111792', '11111111-1111-4111-8111-111111111547', '11111111-1111-4111-8111-111111111203', '2025-08-30 10:00:00', '2025-08-30 10:00:00', 'RR-START', 'synced'),
    ('11111111-1111-4111-8111-111111111793', '11111111-1111-4111-8111-111111111547', '11111111-1111-4111-8111-111111111204', '2025-08-30 11:39:33', '2025-08-30 11:39:33', 'RR-FINISH', 'synced'),
    ('11111111-1111-4111-8111-111111111794', '11111111-1111-4111-8111-111111111548', '11111111-1111-4111-8111-111111111203', '2025-08-30 10:00:00', '2025-08-30 10:00:00', 'RR-START', 'synced'),
    ('11111111-1111-4111-8111-111111111795', '11111111-1111-4111-8111-111111111548', '11111111-1111-4111-8111-111111111204', '2025-08-30 11:40:26', '2025-08-30 11:40:26', 'RR-FINISH', 'synced'),
    ('11111111-1111-4111-8111-111111111796', '11111111-1111-4111-8111-111111111549', '11111111-1111-4111-8111-111111111203', '2025-08-30 10:00:00', '2025-08-30 10:00:00', 'RR-START', 'synced'),
    ('11111111-1111-4111-8111-111111111797', '11111111-1111-4111-8111-111111111549', '11111111-1111-4111-8111-111111111204', '2025-08-30 11:40:27', '2025-08-30 11:40:27', 'RR-FINISH', 'synced'),
    ('11111111-1111-4111-8111-111111111798', '11111111-1111-4111-8111-111111111550', '11111111-1111-4111-8111-111111111203', '2025-08-30 10:00:00', '2025-08-30 10:00:00', 'RR-START', 'synced'),
    ('11111111-1111-4111-8111-111111111799', '11111111-1111-4111-8111-111111111550', '11111111-1111-4111-8111-111111111204', '2025-08-30 11:43:13', '2025-08-30 11:43:13', 'RR-FINISH', 'synced'),
    ('11111111-1111-4111-8111-111111111800', '11111111-1111-4111-8111-111111111551', '11111111-1111-4111-8111-111111111203', '2025-08-30 10:00:00', '2025-08-30 10:00:00', 'RR-START', 'synced'),
    ('11111111-1111-4111-8111-111111111801', '11111111-1111-4111-8111-111111111551', '11111111-1111-4111-8111-111111111204', '2025-08-30 11:45:40', '2025-08-30 11:45:40', 'RR-FINISH', 'synced'),
    ('11111111-1111-4111-8111-111111111802', '11111111-1111-4111-8111-111111111552', '11111111-1111-4111-8111-111111111203', '2025-08-30 10:00:00', '2025-08-30 10:00:00', 'RR-START', 'synced'),
    ('11111111-1111-4111-8111-111111111803', '11111111-1111-4111-8111-111111111552', '11111111-1111-4111-8111-111111111204', '2025-08-30 11:45:45', '2025-08-30 11:45:45', 'RR-FINISH', 'synced'),
    ('11111111-1111-4111-8111-111111111804', '11111111-1111-4111-8111-111111111553', '11111111-1111-4111-8111-111111111203', '2025-08-30 10:00:00', '2025-08-30 10:00:00', 'RR-START', 'synced'),
    ('11111111-1111-4111-8111-111111111805', '11111111-1111-4111-8111-111111111553', '11111111-1111-4111-8111-111111111204', '2025-08-30 11:46:09', '2025-08-30 11:46:09', 'RR-FINISH', 'synced'),
    ('11111111-1111-4111-8111-111111111806', '11111111-1111-4111-8111-111111111554', '11111111-1111-4111-8111-111111111203', '2025-08-30 10:00:00', '2025-08-30 10:00:00', 'RR-START', 'synced'),
    ('11111111-1111-4111-8111-111111111807', '11111111-1111-4111-8111-111111111554', '11111111-1111-4111-8111-111111111204', '2025-08-30 11:46:20', '2025-08-30 11:46:20', 'RR-FINISH', 'synced'),
    ('11111111-1111-4111-8111-111111111808', '11111111-1111-4111-8111-111111111555', '11111111-1111-4111-8111-111111111203', '2025-08-30 10:00:00', '2025-08-30 10:00:00', 'RR-START', 'synced'),
    ('11111111-1111-4111-8111-111111111809', '11111111-1111-4111-8111-111111111555', '11111111-1111-4111-8111-111111111204', '2025-08-30 11:46:36', '2025-08-30 11:46:36', 'RR-FINISH', 'synced'),
    ('11111111-1111-4111-8111-111111111810', '11111111-1111-4111-8111-111111111556', '11111111-1111-4111-8111-111111111203', '2025-08-30 10:00:00', '2025-08-30 10:00:00', 'RR-START', 'synced'),
    ('11111111-1111-4111-8111-111111111811', '11111111-1111-4111-8111-111111111556', '11111111-1111-4111-8111-111111111204', '2025-08-30 11:47:08', '2025-08-30 11:47:08', 'RR-FINISH', 'synced'),
    ('11111111-1111-4111-8111-111111111812', '11111111-1111-4111-8111-111111111557', '11111111-1111-4111-8111-111111111203', '2025-08-30 10:00:00', '2025-08-30 10:00:00', 'RR-START', 'synced'),
    ('11111111-1111-4111-8111-111111111813', '11111111-1111-4111-8111-111111111557', '11111111-1111-4111-8111-111111111204', '2025-08-30 11:48:42', '2025-08-30 11:48:42', 'RR-FINISH', 'synced'),
    ('11111111-1111-4111-8111-111111111814', '11111111-1111-4111-8111-111111111558', '11111111-1111-4111-8111-111111111203', '2025-08-30 10:00:00', '2025-08-30 10:00:00', 'RR-START', 'synced'),
    ('11111111-1111-4111-8111-111111111815', '11111111-1111-4111-8111-111111111558', '11111111-1111-4111-8111-111111111204', '2025-08-30 11:49:01', '2025-08-30 11:49:01', 'RR-FINISH', 'synced'),
    ('11111111-1111-4111-8111-111111111816', '11111111-1111-4111-8111-111111111559', '11111111-1111-4111-8111-111111111203', '2025-08-30 10:00:00', '2025-08-30 10:00:00', 'RR-START', 'synced'),
    ('11111111-1111-4111-8111-111111111817', '11111111-1111-4111-8111-111111111559', '11111111-1111-4111-8111-111111111204', '2025-08-30 11:49:01', '2025-08-30 11:49:01', 'RR-FINISH', 'synced'),
    ('11111111-1111-4111-8111-111111111818', '11111111-1111-4111-8111-111111111560', '11111111-1111-4111-8111-111111111203', '2025-08-30 10:00:00', '2025-08-30 10:00:00', 'RR-START', 'synced'),
    ('11111111-1111-4111-8111-111111111819', '11111111-1111-4111-8111-111111111560', '11111111-1111-4111-8111-111111111204', '2025-08-30 11:49:09', '2025-08-30 11:49:09', 'RR-FINISH', 'synced'),
    ('11111111-1111-4111-8111-111111111820', '11111111-1111-4111-8111-111111111561', '11111111-1111-4111-8111-111111111203', '2025-08-30 10:00:00', '2025-08-30 10:00:00', 'RR-START', 'synced'),
    ('11111111-1111-4111-8111-111111111821', '11111111-1111-4111-8111-111111111561', '11111111-1111-4111-8111-111111111204', '2025-08-30 11:49:31', '2025-08-30 11:49:31', 'RR-FINISH', 'synced'),
    ('11111111-1111-4111-8111-111111111822', '11111111-1111-4111-8111-111111111562', '11111111-1111-4111-8111-111111111203', '2025-08-30 10:00:00', '2025-08-30 10:00:00', 'RR-START', 'synced'),
    ('11111111-1111-4111-8111-111111111823', '11111111-1111-4111-8111-111111111562', '11111111-1111-4111-8111-111111111204', '2025-08-30 11:50:51', '2025-08-30 11:50:51', 'RR-FINISH', 'synced'),
    ('11111111-1111-4111-8111-111111111824', '11111111-1111-4111-8111-111111111563', '11111111-1111-4111-8111-111111111203', '2025-08-30 10:00:00', '2025-08-30 10:00:00', 'RR-START', 'synced'),
    ('11111111-1111-4111-8111-111111111825', '11111111-1111-4111-8111-111111111563', '11111111-1111-4111-8111-111111111204', '2025-08-30 11:51:08', '2025-08-30 11:51:08', 'RR-FINISH', 'synced'),
    ('11111111-1111-4111-8111-111111111826', '11111111-1111-4111-8111-111111111564', '11111111-1111-4111-8111-111111111203', '2025-08-30 10:00:00', '2025-08-30 10:00:00', 'RR-START', 'synced'),
    ('11111111-1111-4111-8111-111111111827', '11111111-1111-4111-8111-111111111564', '11111111-1111-4111-8111-111111111204', '2025-08-30 11:51:43', '2025-08-30 11:51:43', 'RR-FINISH', 'synced'),
    ('11111111-1111-4111-8111-111111111828', '11111111-1111-4111-8111-111111111565', '11111111-1111-4111-8111-111111111203', '2025-08-30 10:00:00', '2025-08-30 10:00:00', 'RR-START', 'synced'),
    ('11111111-1111-4111-8111-111111111829', '11111111-1111-4111-8111-111111111565', '11111111-1111-4111-8111-111111111204', '2025-08-30 11:52:59', '2025-08-30 11:52:59', 'RR-FINISH', 'synced'),
    ('11111111-1111-4111-8111-111111111830', '11111111-1111-4111-8111-111111111566', '11111111-1111-4111-8111-111111111203', '2025-08-30 10:00:00', '2025-08-30 10:00:00', 'RR-START', 'synced'),
    ('11111111-1111-4111-8111-111111111831', '11111111-1111-4111-8111-111111111566', '11111111-1111-4111-8111-111111111204', '2025-08-30 11:53:26', '2025-08-30 11:53:26', 'RR-FINISH', 'synced'),
    ('11111111-1111-4111-8111-111111111832', '11111111-1111-4111-8111-111111111567', '11111111-1111-4111-8111-111111111203', '2025-08-30 10:00:00', '2025-08-30 10:00:00', 'RR-START', 'synced'),
    ('11111111-1111-4111-8111-111111111833', '11111111-1111-4111-8111-111111111567', '11111111-1111-4111-8111-111111111204', '2025-08-30 11:53:54', '2025-08-30 11:53:54', 'RR-FINISH', 'synced'),
    ('11111111-1111-4111-8111-111111111834', '11111111-1111-4111-8111-111111111568', '11111111-1111-4111-8111-111111111203', '2025-08-30 10:00:00', '2025-08-30 10:00:00', 'RR-START', 'synced'),
    ('11111111-1111-4111-8111-111111111835', '11111111-1111-4111-8111-111111111568', '11111111-1111-4111-8111-111111111204', '2025-08-30 11:54:29', '2025-08-30 11:54:29', 'RR-FINISH', 'synced'),
    ('11111111-1111-4111-8111-111111111836', '11111111-1111-4111-8111-111111111569', '11111111-1111-4111-8111-111111111203', '2025-08-30 10:00:00', '2025-08-30 10:00:00', 'RR-START', 'synced'),
    ('11111111-1111-4111-8111-111111111837', '11111111-1111-4111-8111-111111111569', '11111111-1111-4111-8111-111111111204', '2025-08-30 11:55:10', '2025-08-30 11:55:10', 'RR-FINISH', 'synced'),
    ('11111111-1111-4111-8111-111111111838', '11111111-1111-4111-8111-111111111570', '11111111-1111-4111-8111-111111111203', '2025-08-30 10:00:00', '2025-08-30 10:00:00', 'RR-START', 'synced'),
    ('11111111-1111-4111-8111-111111111839', '11111111-1111-4111-8111-111111111570', '11111111-1111-4111-8111-111111111204', '2025-08-30 11:56:32', '2025-08-30 11:56:32', 'RR-FINISH', 'synced'),
    ('11111111-1111-4111-8111-111111111840', '11111111-1111-4111-8111-111111111571', '11111111-1111-4111-8111-111111111203', '2025-08-30 10:00:00', '2025-08-30 10:00:00', 'RR-START', 'synced'),
    ('11111111-1111-4111-8111-111111111841', '11111111-1111-4111-8111-111111111571', '11111111-1111-4111-8111-111111111204', '2025-08-30 11:56:36', '2025-08-30 11:56:36', 'RR-FINISH', 'synced'),
    ('11111111-1111-4111-8111-111111111842', '11111111-1111-4111-8111-111111111572', '11111111-1111-4111-8111-111111111203', '2025-08-30 10:00:00', '2025-08-30 10:00:00', 'RR-START', 'synced'),
    ('11111111-1111-4111-8111-111111111843', '11111111-1111-4111-8111-111111111572', '11111111-1111-4111-8111-111111111204', '2025-08-30 11:56:39', '2025-08-30 11:56:39', 'RR-FINISH', 'synced'),
    ('11111111-1111-4111-8111-111111111844', '11111111-1111-4111-8111-111111111573', '11111111-1111-4111-8111-111111111203', '2025-08-30 10:00:00', '2025-08-30 10:00:00', 'RR-START', 'synced'),
    ('11111111-1111-4111-8111-111111111845', '11111111-1111-4111-8111-111111111573', '11111111-1111-4111-8111-111111111204', '2025-08-30 11:57:17', '2025-08-30 11:57:17', 'RR-FINISH', 'synced'),
    ('11111111-1111-4111-8111-111111111846', '11111111-1111-4111-8111-111111111574', '11111111-1111-4111-8111-111111111203', '2025-08-30 10:00:00', '2025-08-30 10:00:00', 'RR-START', 'synced'),
    ('11111111-1111-4111-8111-111111111847', '11111111-1111-4111-8111-111111111574', '11111111-1111-4111-8111-111111111204', '2025-08-30 11:58:51', '2025-08-30 11:58:51', 'RR-FINISH', 'synced'),
    ('11111111-1111-4111-8111-111111111848', '11111111-1111-4111-8111-111111111575', '11111111-1111-4111-8111-111111111203', '2025-08-30 10:00:00', '2025-08-30 10:00:00', 'RR-START', 'synced'),
    ('11111111-1111-4111-8111-111111111849', '11111111-1111-4111-8111-111111111575', '11111111-1111-4111-8111-111111111204', '2025-08-30 11:59:17', '2025-08-30 11:59:17', 'RR-FINISH', 'synced'),
    ('11111111-1111-4111-8111-111111111850', '11111111-1111-4111-8111-111111111576', '11111111-1111-4111-8111-111111111203', '2025-08-30 10:00:00', '2025-08-30 10:00:00', 'RR-START', 'synced'),
    ('11111111-1111-4111-8111-111111111851', '11111111-1111-4111-8111-111111111576', '11111111-1111-4111-8111-111111111204', '2025-08-30 11:59:26', '2025-08-30 11:59:26', 'RR-FINISH', 'synced'),
    ('11111111-1111-4111-8111-111111111852', '11111111-1111-4111-8111-111111111577', '11111111-1111-4111-8111-111111111203', '2025-08-30 10:00:00', '2025-08-30 10:00:00', 'RR-START', 'synced'),
    ('11111111-1111-4111-8111-111111111853', '11111111-1111-4111-8111-111111111577', '11111111-1111-4111-8111-111111111204', '2025-08-30 11:59:40', '2025-08-30 11:59:40', 'RR-FINISH', 'synced'),
    ('11111111-1111-4111-8111-111111111854', '11111111-1111-4111-8111-111111111578', '11111111-1111-4111-8111-111111111203', '2025-08-30 10:00:00', '2025-08-30 10:00:00', 'RR-START', 'synced'),
    ('11111111-1111-4111-8111-111111111855', '11111111-1111-4111-8111-111111111578', '11111111-1111-4111-8111-111111111204', '2025-08-30 12:00:50', '2025-08-30 12:00:50', 'RR-FINISH', 'synced'),
    ('11111111-1111-4111-8111-111111111856', '11111111-1111-4111-8111-111111111579', '11111111-1111-4111-8111-111111111203', '2025-08-30 10:00:00', '2025-08-30 10:00:00', 'RR-START', 'synced'),
    ('11111111-1111-4111-8111-111111111857', '11111111-1111-4111-8111-111111111579', '11111111-1111-4111-8111-111111111204', '2025-08-30 12:01:15', '2025-08-30 12:01:15', 'RR-FINISH', 'synced'),
    ('11111111-1111-4111-8111-111111111858', '11111111-1111-4111-8111-111111111580', '11111111-1111-4111-8111-111111111203', '2025-08-30 10:00:00', '2025-08-30 10:00:00', 'RR-START', 'synced'),
    ('11111111-1111-4111-8111-111111111859', '11111111-1111-4111-8111-111111111580', '11111111-1111-4111-8111-111111111204', '2025-08-30 12:01:15', '2025-08-30 12:01:15', 'RR-FINISH', 'synced'),
    ('11111111-1111-4111-8111-111111111860', '11111111-1111-4111-8111-111111111581', '11111111-1111-4111-8111-111111111203', '2025-08-30 10:00:00', '2025-08-30 10:00:00', 'RR-START', 'synced'),
    ('11111111-1111-4111-8111-111111111861', '11111111-1111-4111-8111-111111111581', '11111111-1111-4111-8111-111111111204', '2025-08-30 12:01:18', '2025-08-30 12:01:18', 'RR-FINISH', 'synced'),
    ('11111111-1111-4111-8111-111111111862', '11111111-1111-4111-8111-111111111582', '11111111-1111-4111-8111-111111111203', '2025-08-30 10:00:00', '2025-08-30 10:00:00', 'RR-START', 'synced'),
    ('11111111-1111-4111-8111-111111111863', '11111111-1111-4111-8111-111111111582', '11111111-1111-4111-8111-111111111204', '2025-08-30 12:01:59', '2025-08-30 12:01:59', 'RR-FINISH', 'synced'),
    ('11111111-1111-4111-8111-111111111864', '11111111-1111-4111-8111-111111111583', '11111111-1111-4111-8111-111111111203', '2025-08-30 10:00:00', '2025-08-30 10:00:00', 'RR-START', 'synced'),
    ('11111111-1111-4111-8111-111111111865', '11111111-1111-4111-8111-111111111583', '11111111-1111-4111-8111-111111111204', '2025-08-30 12:02:20', '2025-08-30 12:02:20', 'RR-FINISH', 'synced'),
    ('11111111-1111-4111-8111-111111111866', '11111111-1111-4111-8111-111111111584', '11111111-1111-4111-8111-111111111203', '2025-08-30 10:00:00', '2025-08-30 10:00:00', 'RR-START', 'synced'),
    ('11111111-1111-4111-8111-111111111867', '11111111-1111-4111-8111-111111111584', '11111111-1111-4111-8111-111111111204', '2025-08-30 12:02:54', '2025-08-30 12:02:54', 'RR-FINISH', 'synced'),
    ('11111111-1111-4111-8111-111111111868', '11111111-1111-4111-8111-111111111585', '11111111-1111-4111-8111-111111111203', '2025-08-30 10:00:00', '2025-08-30 10:00:00', 'RR-START', 'synced'),
    ('11111111-1111-4111-8111-111111111869', '11111111-1111-4111-8111-111111111585', '11111111-1111-4111-8111-111111111204', '2025-08-30 12:03:12', '2025-08-30 12:03:12', 'RR-FINISH', 'synced'),
    ('11111111-1111-4111-8111-111111111870', '11111111-1111-4111-8111-111111111586', '11111111-1111-4111-8111-111111111203', '2025-08-30 10:00:00', '2025-08-30 10:00:00', 'RR-START', 'synced'),
    ('11111111-1111-4111-8111-111111111871', '11111111-1111-4111-8111-111111111586', '11111111-1111-4111-8111-111111111204', '2025-08-30 12:06:47', '2025-08-30 12:06:47', 'RR-FINISH', 'synced'),
    ('11111111-1111-4111-8111-111111111872', '11111111-1111-4111-8111-111111111587', '11111111-1111-4111-8111-111111111203', '2025-08-30 10:00:00', '2025-08-30 10:00:00', 'RR-START', 'synced'),
    ('11111111-1111-4111-8111-111111111873', '11111111-1111-4111-8111-111111111587', '11111111-1111-4111-8111-111111111204', '2025-08-30 12:07:19', '2025-08-30 12:07:19', 'RR-FINISH', 'synced'),
    ('11111111-1111-4111-8111-111111111874', '11111111-1111-4111-8111-111111111588', '11111111-1111-4111-8111-111111111203', '2025-08-30 10:00:00', '2025-08-30 10:00:00', 'RR-START', 'synced'),
    ('11111111-1111-4111-8111-111111111875', '11111111-1111-4111-8111-111111111588', '11111111-1111-4111-8111-111111111204', '2025-08-30 12:08:25', '2025-08-30 12:08:25', 'RR-FINISH', 'synced'),
    ('11111111-1111-4111-8111-111111111876', '11111111-1111-4111-8111-111111111589', '11111111-1111-4111-8111-111111111203', '2025-08-30 10:00:00', '2025-08-30 10:00:00', 'RR-START', 'synced'),
    ('11111111-1111-4111-8111-111111111877', '11111111-1111-4111-8111-111111111589', '11111111-1111-4111-8111-111111111204', '2025-08-30 12:13:18', '2025-08-30 12:13:18', 'RR-FINISH', 'synced'),
    ('11111111-1111-4111-8111-111111111878', '11111111-1111-4111-8111-111111111590', '11111111-1111-4111-8111-111111111203', '2025-08-30 10:00:00', '2025-08-30 10:00:00', 'RR-START', 'synced'),
    ('11111111-1111-4111-8111-111111111879', '11111111-1111-4111-8111-111111111590', '11111111-1111-4111-8111-111111111204', '2025-08-30 12:14:49', '2025-08-30 12:14:49', 'RR-FINISH', 'synced'),
    ('11111111-1111-4111-8111-111111111880', '11111111-1111-4111-8111-111111111591', '11111111-1111-4111-8111-111111111203', '2025-08-30 10:00:00', '2025-08-30 10:00:00', 'RR-START', 'synced'),
    ('11111111-1111-4111-8111-111111111881', '11111111-1111-4111-8111-111111111591', '11111111-1111-4111-8111-111111111204', '2025-08-30 12:14:49', '2025-08-30 12:14:49', 'RR-FINISH', 'synced'),
    ('11111111-1111-4111-8111-111111111882', '11111111-1111-4111-8111-111111111592', '11111111-1111-4111-8111-111111111203', '2025-08-30 10:00:00', '2025-08-30 10:00:00', 'RR-START', 'synced'),
    ('11111111-1111-4111-8111-111111111883', '11111111-1111-4111-8111-111111111592', '11111111-1111-4111-8111-111111111204', '2025-08-30 12:15:03', '2025-08-30 12:15:03', 'RR-FINISH', 'synced'),
    ('11111111-1111-4111-8111-111111111884', '11111111-1111-4111-8111-111111111593', '11111111-1111-4111-8111-111111111203', '2025-08-30 10:00:00', '2025-08-30 10:00:00', 'RR-START', 'synced'),
    ('11111111-1111-4111-8111-111111111885', '11111111-1111-4111-8111-111111111593', '11111111-1111-4111-8111-111111111204', '2025-08-30 12:15:27', '2025-08-30 12:15:27', 'RR-FINISH', 'synced'),
    ('11111111-1111-4111-8111-111111111886', '11111111-1111-4111-8111-111111111594', '11111111-1111-4111-8111-111111111203', '2025-08-30 10:00:00', '2025-08-30 10:00:00', 'RR-START', 'synced'),
    ('11111111-1111-4111-8111-111111111887', '11111111-1111-4111-8111-111111111594', '11111111-1111-4111-8111-111111111204', '2025-08-30 12:15:38', '2025-08-30 12:15:38', 'RR-FINISH', 'synced'),
    ('11111111-1111-4111-8111-111111111888', '11111111-1111-4111-8111-111111111595', '11111111-1111-4111-8111-111111111203', '2025-08-30 10:00:00', '2025-08-30 10:00:00', 'RR-START', 'synced'),
    ('11111111-1111-4111-8111-111111111889', '11111111-1111-4111-8111-111111111595', '11111111-1111-4111-8111-111111111204', '2025-08-30 12:15:49', '2025-08-30 12:15:49', 'RR-FINISH', 'synced'),
    ('11111111-1111-4111-8111-111111111890', '11111111-1111-4111-8111-111111111596', '11111111-1111-4111-8111-111111111203', '2025-08-30 10:00:00', '2025-08-30 10:00:00', 'RR-START', 'synced'),
    ('11111111-1111-4111-8111-111111111891', '11111111-1111-4111-8111-111111111596', '11111111-1111-4111-8111-111111111204', '2025-08-30 12:17:04', '2025-08-30 12:17:04', 'RR-FINISH', 'synced'),
    ('11111111-1111-4111-8111-111111111892', '11111111-1111-4111-8111-111111111597', '11111111-1111-4111-8111-111111111203', '2025-08-30 10:00:00', '2025-08-30 10:00:00', 'RR-START', 'synced'),
    ('11111111-1111-4111-8111-111111111893', '11111111-1111-4111-8111-111111111597', '11111111-1111-4111-8111-111111111204', '2025-08-30 12:17:04', '2025-08-30 12:17:04', 'RR-FINISH', 'synced'),
    ('11111111-1111-4111-8111-111111111894', '11111111-1111-4111-8111-111111111598', '11111111-1111-4111-8111-111111111203', '2025-08-30 10:00:00', '2025-08-30 10:00:00', 'RR-START', 'synced'),
    ('11111111-1111-4111-8111-111111111895', '11111111-1111-4111-8111-111111111598', '11111111-1111-4111-8111-111111111204', '2025-08-30 12:17:58', '2025-08-30 12:17:58', 'RR-FINISH', 'synced'),
    ('11111111-1111-4111-8111-111111111896', '11111111-1111-4111-8111-111111111599', '11111111-1111-4111-8111-111111111203', '2025-08-30 10:00:00', '2025-08-30 10:00:00', 'RR-START', 'synced'),
    ('11111111-1111-4111-8111-111111111897', '11111111-1111-4111-8111-111111111599', '11111111-1111-4111-8111-111111111204', '2025-08-30 12:20:50', '2025-08-30 12:20:50', 'RR-FINISH', 'synced'),
    ('11111111-1111-4111-8111-111111111898', '11111111-1111-4111-8111-111111111600', '11111111-1111-4111-8111-111111111203', '2025-08-30 10:00:00', '2025-08-30 10:00:00', 'RR-START', 'synced'),
    ('11111111-1111-4111-8111-111111111899', '11111111-1111-4111-8111-111111111600', '11111111-1111-4111-8111-111111111204', '2025-08-30 12:21:13', '2025-08-30 12:21:13', 'RR-FINISH', 'synced'),
    ('11111111-1111-4111-8111-111111111900', '11111111-1111-4111-8111-111111111601', '11111111-1111-4111-8111-111111111203', '2025-08-30 10:00:00', '2025-08-30 10:00:00', 'RR-START', 'synced'),
    ('11111111-1111-4111-8111-111111111901', '11111111-1111-4111-8111-111111111601', '11111111-1111-4111-8111-111111111204', '2025-08-30 12:21:45', '2025-08-30 12:21:45', 'RR-FINISH', 'synced'),
    ('11111111-1111-4111-8111-111111111902', '11111111-1111-4111-8111-111111111602', '11111111-1111-4111-8111-111111111203', '2025-08-30 10:00:00', '2025-08-30 10:00:00', 'RR-START', 'synced'),
    ('11111111-1111-4111-8111-111111111903', '11111111-1111-4111-8111-111111111602', '11111111-1111-4111-8111-111111111204', '2025-08-30 12:24:31', '2025-08-30 12:24:31', 'RR-FINISH', 'synced'),
    ('11111111-1111-4111-8111-111111111904', '11111111-1111-4111-8111-111111111603', '11111111-1111-4111-8111-111111111203', '2025-08-30 10:00:00', '2025-08-30 10:00:00', 'RR-START', 'synced'),
    ('11111111-1111-4111-8111-111111111905', '11111111-1111-4111-8111-111111111603', '11111111-1111-4111-8111-111111111204', '2025-08-30 12:24:35', '2025-08-30 12:24:35', 'RR-FINISH', 'synced'),
    ('11111111-1111-4111-8111-111111111906', '11111111-1111-4111-8111-111111111604', '11111111-1111-4111-8111-111111111203', '2025-08-30 10:00:00', '2025-08-30 10:00:00', 'RR-START', 'synced'),
    ('11111111-1111-4111-8111-111111111907', '11111111-1111-4111-8111-111111111604', '11111111-1111-4111-8111-111111111204', '2025-08-30 12:31:32', '2025-08-30 12:31:32', 'RR-FINISH', 'synced'),
    ('11111111-1111-4111-8111-111111111908', '11111111-1111-4111-8111-111111111605', '11111111-1111-4111-8111-111111111203', '2025-08-30 10:00:00', '2025-08-30 10:00:00', 'RR-START', 'synced'),
    ('11111111-1111-4111-8111-111111111909', '11111111-1111-4111-8111-111111111605', '11111111-1111-4111-8111-111111111204', '2025-08-30 12:37:20', '2025-08-30 12:37:20', 'RR-FINISH', 'synced'),
    ('11111111-1111-4111-8111-111111111910', '11111111-1111-4111-8111-111111111606', '11111111-1111-4111-8111-111111111203', '2025-08-30 10:00:00', '2025-08-30 10:00:00', 'RR-START', 'synced'),
    ('11111111-1111-4111-8111-111111111911', '11111111-1111-4111-8111-111111111606', '11111111-1111-4111-8111-111111111204', '2025-08-30 12:39:07', '2025-08-30 12:39:07', 'RR-FINISH', 'synced'),
    ('11111111-1111-4111-8111-111111111912', '11111111-1111-4111-8111-111111111607', '11111111-1111-4111-8111-111111111203', '2025-08-30 10:00:00', '2025-08-30 10:00:00', 'RR-START', 'synced'),
    ('11111111-1111-4111-8111-111111111913', '11111111-1111-4111-8111-111111111607', '11111111-1111-4111-8111-111111111204', '2025-08-30 12:41:32', '2025-08-30 12:41:32', 'RR-FINISH', 'synced'),
    ('11111111-1111-4111-8111-111111111914', '11111111-1111-4111-8111-111111111608', '11111111-1111-4111-8111-111111111203', '2025-08-30 10:00:00', '2025-08-30 10:00:00', 'RR-START', 'synced'),
    ('11111111-1111-4111-8111-111111111915', '11111111-1111-4111-8111-111111111608', '11111111-1111-4111-8111-111111111204', '2025-08-30 12:48:22', '2025-08-30 12:48:22', 'RR-FINISH', 'synced'),
    ('11111111-1111-4111-8111-111111111916', '11111111-1111-4111-8111-111111111609', '11111111-1111-4111-8111-111111111203', '2025-08-30 10:00:00', '2025-08-30 10:00:00', 'RR-START', 'synced'),
    ('11111111-1111-4111-8111-111111111917', '11111111-1111-4111-8111-111111111609', '11111111-1111-4111-8111-111111111204', '2025-08-30 13:07:30', '2025-08-30 13:07:30', 'RR-FINISH', 'synced'),
    ('11111111-1111-4111-8111-111111111918', '11111111-1111-4111-8111-111111111610', '11111111-1111-4111-8111-111111111203', '2025-08-30 10:00:00', '2025-08-30 10:00:00', 'RR-START', 'synced'),
    ('11111111-1111-4111-8111-111111111919', '11111111-1111-4111-8111-111111111610', '11111111-1111-4111-8111-111111111204', '2025-08-30 13:09:21', '2025-08-30 13:09:21', 'RR-FINISH', 'synced'),
    ('11111111-1111-4111-8111-111111111920', '11111111-1111-4111-8111-111111111611', '11111111-1111-4111-8111-111111111203', '2025-08-30 10:00:00', '2025-08-30 10:00:00', 'RR-START', 'synced'),
    ('11111111-1111-4111-8111-111111111921', '11111111-1111-4111-8111-111111111611', '11111111-1111-4111-8111-111111111204', '2025-08-30 13:09:23', '2025-08-30 13:09:23', 'RR-FINISH', 'synced'),
    ('11111111-1111-4111-8111-111111111922', '11111111-1111-4111-8111-111111111612', '11111111-1111-4111-8111-111111111203', '2025-08-30 10:00:00', '2025-08-30 10:00:00', 'RR-START', 'synced'),
    ('11111111-1111-4111-8111-111111111923', '11111111-1111-4111-8111-111111111612', '11111111-1111-4111-8111-111111111204', '2025-08-30 13:33:08', '2025-08-30 13:33:08', 'RR-FINISH', 'synced'),
    ('11111111-1111-4111-8111-111111111924', '11111111-1111-4111-8111-111111111613', '11111111-1111-4111-8111-111111111205', '2025-08-30 10:00:00', '2025-08-30 10:00:00', 'RR-START', 'synced'),
    ('11111111-1111-4111-8111-111111111925', '11111111-1111-4111-8111-111111111614', '11111111-1111-4111-8111-111111111205', '2025-08-30 10:00:00', '2025-08-30 10:00:00', 'RR-START', 'synced'),
    ('11111111-1111-4111-8111-111111111926', '11111111-1111-4111-8111-111111111615', '11111111-1111-4111-8111-111111111205', '2025-08-30 10:00:00', '2025-08-30 10:00:00', 'RR-START', 'synced'),
    ('11111111-1111-4111-8111-111111111927', '11111111-1111-4111-8111-111111111616', '11111111-1111-4111-8111-111111111205', '2025-08-30 10:00:00', '2025-08-30 10:00:00', 'RR-START', 'synced'),
    ('11111111-1111-4111-8111-111111111928', '11111111-1111-4111-8111-111111111617', '11111111-1111-4111-8111-111111111205', '2025-08-30 10:00:00', '2025-08-30 10:00:00', 'RR-START', 'synced'),
    ('11111111-1111-4111-8111-111111111929', '11111111-1111-4111-8111-111111111618', '11111111-1111-4111-8111-111111111205', '2025-08-30 10:00:00', '2025-08-30 10:00:00', 'RR-START', 'synced'),
    ('11111111-1111-4111-8111-111111111930', '11111111-1111-4111-8111-111111111619', '11111111-1111-4111-8111-111111111205', '2025-08-30 10:00:00', '2025-08-30 10:00:00', 'RR-START', 'synced'),
    ('11111111-1111-4111-8111-111111111931', '11111111-1111-4111-8111-111111111620', '11111111-1111-4111-8111-111111111205', '2025-08-30 10:00:00', '2025-08-30 10:00:00', 'RR-START', 'synced'),
    ('11111111-1111-4111-8111-111111111932', '11111111-1111-4111-8111-111111111621', '11111111-1111-4111-8111-111111111205', '2025-08-30 10:00:00', '2025-08-30 10:00:00', 'RR-START', 'synced'),
    ('11111111-1111-4111-8111-111111111933', '11111111-1111-4111-8111-111111111622', '11111111-1111-4111-8111-111111111205', '2025-08-30 10:00:00', '2025-08-30 10:00:00', 'RR-START', 'synced'),
    ('11111111-1111-4111-8111-111111111934', '11111111-1111-4111-8111-111111111623', '11111111-1111-4111-8111-111111111205', '2025-08-30 10:00:00', '2025-08-30 10:00:00', 'RR-START', 'synced'),
    ('11111111-1111-4111-8111-111111111935', '11111111-1111-4111-8111-111111111624', '11111111-1111-4111-8111-111111111205', '2025-08-30 10:00:00', '2025-08-30 10:00:00', 'RR-START', 'synced'),
    ('11111111-1111-4111-8111-111111111936', '11111111-1111-4111-8111-111111111625', '11111111-1111-4111-8111-111111111205', '2025-08-30 10:00:00', '2025-08-30 10:00:00', 'RR-START', 'synced'),
    ('11111111-1111-4111-8111-111111111937', '11111111-1111-4111-8111-111111111626', '11111111-1111-4111-8111-111111111205', '2025-08-30 10:00:00', '2025-08-30 10:00:00', 'RR-START', 'synced'),
    ('11111111-1111-4111-8111-111111111938', '11111111-1111-4111-8111-111111111627', '11111111-1111-4111-8111-111111111205', '2025-08-30 10:00:00', '2025-08-30 10:00:00', 'RR-START', 'synced'),
    ('11111111-1111-4111-8111-111111111939', '11111111-1111-4111-8111-111111111628', '11111111-1111-4111-8111-111111111205', '2025-08-30 10:00:00', '2025-08-30 10:00:00', 'RR-START', 'synced'),
    ('11111111-1111-4111-8111-111111111940', '11111111-1111-4111-8111-111111111629', '11111111-1111-4111-8111-111111111205', '2025-08-30 10:00:00', '2025-08-30 10:00:00', 'RR-START', 'synced'),
    ('11111111-1111-4111-8111-111111111941', '11111111-1111-4111-8111-111111111630', '11111111-1111-4111-8111-111111111205', '2025-08-30 10:00:00', '2025-08-30 10:00:00', 'RR-START', 'synced'),
    ('11111111-1111-4111-8111-111111111942', '11111111-1111-4111-8111-111111111631', '11111111-1111-4111-8111-111111111205', '2025-08-30 10:00:00', '2025-08-30 10:00:00', 'RR-START', 'synced'),
    ('11111111-1111-4111-8111-111111111943', '11111111-1111-4111-8111-111111111632', '11111111-1111-4111-8111-111111111205', '2025-08-30 10:00:00', '2025-08-30 10:00:00', 'RR-START', 'synced'),
    ('11111111-1111-4111-8111-111111111944', '11111111-1111-4111-8111-111111111633', '11111111-1111-4111-8111-111111111205', '2025-08-30 10:00:00', '2025-08-30 10:00:00', 'RR-START', 'synced'),
    ('11111111-1111-4111-8111-111111111945', '11111111-1111-4111-8111-111111111634', '11111111-1111-4111-8111-111111111205', '2025-08-30 10:00:00', '2025-08-30 10:00:00', 'RR-START', 'synced'),
    ('11111111-1111-4111-8111-111111111946', '11111111-1111-4111-8111-111111111635', '11111111-1111-4111-8111-111111111205', '2025-08-30 10:00:00', '2025-08-30 10:00:00', 'RR-START', 'synced'),
    ('11111111-1111-4111-8111-111111111947', '11111111-1111-4111-8111-111111111636', '11111111-1111-4111-8111-111111111205', '2025-08-30 10:00:00', '2025-08-30 10:00:00', 'RR-START', 'synced'),
    ('11111111-1111-4111-8111-111111111948', '11111111-1111-4111-8111-111111111636', '11111111-1111-4111-8111-111111111206', '2025-08-30 11:01:11', '2025-08-30 11:01:11', 'RR-FINISH', 'synced'),
    ('11111111-1111-4111-8111-111111111949', '11111111-1111-4111-8111-111111111637', '11111111-1111-4111-8111-111111111205', '2025-08-30 10:00:00', '2025-08-30 10:00:00', 'RR-START', 'synced'),
    ('11111111-1111-4111-8111-111111111950', '11111111-1111-4111-8111-111111111637', '11111111-1111-4111-8111-111111111206', '2025-08-30 11:02:40', '2025-08-30 11:02:40', 'RR-FINISH', 'synced'),
    ('11111111-1111-4111-8111-111111111951', '11111111-1111-4111-8111-111111111638', '11111111-1111-4111-8111-111111111205', '2025-08-30 10:00:00', '2025-08-30 10:00:00', 'RR-START', 'synced'),
    ('11111111-1111-4111-8111-111111111952', '11111111-1111-4111-8111-111111111638', '11111111-1111-4111-8111-111111111206', '2025-08-30 11:04:50', '2025-08-30 11:04:50', 'RR-FINISH', 'synced'),
    ('11111111-1111-4111-8111-111111111953', '11111111-1111-4111-8111-111111111639', '11111111-1111-4111-8111-111111111205', '2025-08-30 10:00:00', '2025-08-30 10:00:00', 'RR-START', 'synced'),
    ('11111111-1111-4111-8111-111111111954', '11111111-1111-4111-8111-111111111639', '11111111-1111-4111-8111-111111111206', '2025-08-30 11:05:10', '2025-08-30 11:05:10', 'RR-FINISH', 'synced'),
    ('11111111-1111-4111-8111-111111111955', '11111111-1111-4111-8111-111111111640', '11111111-1111-4111-8111-111111111205', '2025-08-30 10:00:00', '2025-08-30 10:00:00', 'RR-START', 'synced'),
    ('11111111-1111-4111-8111-111111111956', '11111111-1111-4111-8111-111111111640', '11111111-1111-4111-8111-111111111206', '2025-08-30 11:05:45', '2025-08-30 11:05:45', 'RR-FINISH', 'synced'),
    ('11111111-1111-4111-8111-111111111957', '11111111-1111-4111-8111-111111111641', '11111111-1111-4111-8111-111111111205', '2025-08-30 10:00:00', '2025-08-30 10:00:00', 'RR-START', 'synced'),
    ('11111111-1111-4111-8111-111111111958', '11111111-1111-4111-8111-111111111641', '11111111-1111-4111-8111-111111111206', '2025-08-30 11:13:11', '2025-08-30 11:13:11', 'RR-FINISH', 'synced'),
    ('11111111-1111-4111-8111-111111111959', '11111111-1111-4111-8111-111111111642', '11111111-1111-4111-8111-111111111205', '2025-08-30 10:00:00', '2025-08-30 10:00:00', 'RR-START', 'synced'),
    ('11111111-1111-4111-8111-111111111960', '11111111-1111-4111-8111-111111111642', '11111111-1111-4111-8111-111111111206', '2025-08-30 11:13:13', '2025-08-30 11:13:13', 'RR-FINISH', 'synced'),
    ('11111111-1111-4111-8111-111111111961', '11111111-1111-4111-8111-111111111643', '11111111-1111-4111-8111-111111111205', '2025-08-30 10:00:00', '2025-08-30 10:00:00', 'RR-START', 'synced'),
    ('11111111-1111-4111-8111-111111111962', '11111111-1111-4111-8111-111111111643', '11111111-1111-4111-8111-111111111206', '2025-08-30 11:15:28', '2025-08-30 11:15:28', 'RR-FINISH', 'synced'),
    ('11111111-1111-4111-8111-111111111963', '11111111-1111-4111-8111-111111111644', '11111111-1111-4111-8111-111111111205', '2025-08-30 10:00:00', '2025-08-30 10:00:00', 'RR-START', 'synced'),
    ('11111111-1111-4111-8111-111111111964', '11111111-1111-4111-8111-111111111644', '11111111-1111-4111-8111-111111111206', '2025-08-30 11:15:28', '2025-08-30 11:15:28', 'RR-FINISH', 'synced'),
    ('11111111-1111-4111-8111-111111111965', '11111111-1111-4111-8111-111111111645', '11111111-1111-4111-8111-111111111205', '2025-08-30 10:00:00', '2025-08-30 10:00:00', 'RR-START', 'synced'),
    ('11111111-1111-4111-8111-111111111966', '11111111-1111-4111-8111-111111111645', '11111111-1111-4111-8111-111111111206', '2025-08-30 11:16:14', '2025-08-30 11:16:14', 'RR-FINISH', 'synced'),
    ('11111111-1111-4111-8111-111111111967', '11111111-1111-4111-8111-111111111646', '11111111-1111-4111-8111-111111111205', '2025-08-30 10:00:00', '2025-08-30 10:00:00', 'RR-START', 'synced'),
    ('11111111-1111-4111-8111-111111111968', '11111111-1111-4111-8111-111111111646', '11111111-1111-4111-8111-111111111206', '2025-08-30 11:16:14', '2025-08-30 11:16:14', 'RR-FINISH', 'synced'),
    ('11111111-1111-4111-8111-111111111969', '11111111-1111-4111-8111-111111111647', '11111111-1111-4111-8111-111111111205', '2025-08-30 10:00:00', '2025-08-30 10:00:00', 'RR-START', 'synced'),
    ('11111111-1111-4111-8111-111111111970', '11111111-1111-4111-8111-111111111647', '11111111-1111-4111-8111-111111111206', '2025-08-30 11:17:14', '2025-08-30 11:17:14', 'RR-FINISH', 'synced'),
    ('11111111-1111-4111-8111-111111111971', '11111111-1111-4111-8111-111111111648', '11111111-1111-4111-8111-111111111205', '2025-08-30 10:00:00', '2025-08-30 10:00:00', 'RR-START', 'synced'),
    ('11111111-1111-4111-8111-111111111972', '11111111-1111-4111-8111-111111111648', '11111111-1111-4111-8111-111111111206', '2025-08-30 11:19:31', '2025-08-30 11:19:31', 'RR-FINISH', 'synced'),
    ('11111111-1111-4111-8111-111111111973', '11111111-1111-4111-8111-111111111649', '11111111-1111-4111-8111-111111111205', '2025-08-30 10:00:00', '2025-08-30 10:00:00', 'RR-START', 'synced'),
    ('11111111-1111-4111-8111-111111111974', '11111111-1111-4111-8111-111111111649', '11111111-1111-4111-8111-111111111206', '2025-08-30 11:19:33', '2025-08-30 11:19:33', 'RR-FINISH', 'synced'),
    ('11111111-1111-4111-8111-111111111975', '11111111-1111-4111-8111-111111111650', '11111111-1111-4111-8111-111111111205', '2025-08-30 10:00:00', '2025-08-30 10:00:00', 'RR-START', 'synced'),
    ('11111111-1111-4111-8111-111111111976', '11111111-1111-4111-8111-111111111650', '11111111-1111-4111-8111-111111111206', '2025-08-30 11:19:34', '2025-08-30 11:19:34', 'RR-FINISH', 'synced'),
    ('11111111-1111-4111-8111-111111111977', '11111111-1111-4111-8111-111111111651', '11111111-1111-4111-8111-111111111205', '2025-08-30 10:00:00', '2025-08-30 10:00:00', 'RR-START', 'synced'),
    ('11111111-1111-4111-8111-111111111978', '11111111-1111-4111-8111-111111111651', '11111111-1111-4111-8111-111111111206', '2025-08-30 11:23:40', '2025-08-30 11:23:40', 'RR-FINISH', 'synced'),
    ('11111111-1111-4111-8111-111111111979', '11111111-1111-4111-8111-111111111652', '11111111-1111-4111-8111-111111111205', '2025-08-30 10:00:00', '2025-08-30 10:00:00', 'RR-START', 'synced'),
    ('11111111-1111-4111-8111-111111111980', '11111111-1111-4111-8111-111111111652', '11111111-1111-4111-8111-111111111206', '2025-08-30 11:27:15', '2025-08-30 11:27:15', 'RR-FINISH', 'synced'),
    ('11111111-1111-4111-8111-111111111981', '11111111-1111-4111-8111-111111111653', '11111111-1111-4111-8111-111111111205', '2025-08-30 10:00:00', '2025-08-30 10:00:00', 'RR-START', 'synced'),
    ('11111111-1111-4111-8111-111111111982', '11111111-1111-4111-8111-111111111653', '11111111-1111-4111-8111-111111111206', '2025-08-30 11:27:40', '2025-08-30 11:27:40', 'RR-FINISH', 'synced'),
    ('11111111-1111-4111-8111-111111111983', '11111111-1111-4111-8111-111111111654', '11111111-1111-4111-8111-111111111205', '2025-08-30 10:00:00', '2025-08-30 10:00:00', 'RR-START', 'synced'),
    ('11111111-1111-4111-8111-111111111984', '11111111-1111-4111-8111-111111111654', '11111111-1111-4111-8111-111111111206', '2025-08-30 11:33:53', '2025-08-30 11:33:53', 'RR-FINISH', 'synced'),
    ('11111111-1111-4111-8111-111111111985', '11111111-1111-4111-8111-111111111655', '11111111-1111-4111-8111-111111111205', '2025-08-30 10:00:00', '2025-08-30 10:00:00', 'RR-START', 'synced'),
    ('11111111-1111-4111-8111-111111111986', '11111111-1111-4111-8111-111111111655', '11111111-1111-4111-8111-111111111206', '2025-08-30 11:54:27', '2025-08-30 11:54:27', 'RR-FINISH', 'synced'),
    ('11111111-1111-4111-8111-111111111987', '11111111-1111-4111-8111-111111111656', '11111111-1111-4111-8111-111111111205', '2025-08-30 10:00:00', '2025-08-30 10:00:00', 'RR-START', 'synced'),
    ('11111111-1111-4111-8111-111111111988', '11111111-1111-4111-8111-111111111656', '11111111-1111-4111-8111-111111111206', '2025-08-30 11:54:29', '2025-08-30 11:54:29', 'RR-FINISH', 'synced');

COMMIT;
