-- All You Can East Bluffet 2026 (2026-08-01, East Bluff Bike Park, Copper Harbor, MI)
-- Source: https://www.copperharbortrails.org/bluffet
-- Regenerate: python database/seed/generate_bluffet_seed.py
--
-- Deterministic UUIDs (event/races match frontend/e2e/fixtures/rfid.ts BLUFFET)
-- 3 races: 12 Hour (08:00), 6 Hour (08:00), 90-Minute Kids (15:00) America/Detroit
-- Categories: Intermediate/Advanced × Men/Women (12h/6h); Men/Women (kids)
-- 100 participants with category_id + DEMO-TAG-0001..DEMO-TAG-0100
-- Requires: database/migrations/04-rfid-scanner.sql (category_id, rfid_tag_associations)

BEGIN;

-- Event id: 1441674d-a011-471a-a601-722b88b117f5

-- Clean prior Bluffet seed (order respects FKs)
DELETE FROM rfid_tag_associations WHERE participant_id IN (
    SELECT p.id FROM participants p
    WHERE p.race_id IN (
    SELECT r.id FROM races r
    JOIN events e ON r.event_id = e.id
    WHERE e.name = 'All You Can East Bluffet'
    )
);
DELETE FROM participants WHERE race_id IN (
    SELECT r.id FROM races r
    JOIN events e ON r.event_id = e.id
    WHERE e.name = 'All You Can East Bluffet'
);
DELETE FROM categories WHERE race_id IN (
    SELECT r.id FROM races r
    JOIN events e ON r.event_id = e.id
    WHERE e.name = 'All You Can East Bluffet'
);
DELETE FROM timing_checkpoints WHERE race_id IN (
    SELECT r.id FROM races r
    JOIN events e ON r.event_id = e.id
    WHERE e.name = 'All You Can East Bluffet'
);
DELETE FROM races WHERE event_id IN (
    SELECT e.id FROM events e
    WHERE e.name = 'All You Can East Bluffet'
);
DELETE FROM events WHERE name = 'All You Can East Bluffet';

INSERT INTO events (id, name, description, event_date, location, website_url, logo_url, status)
VALUES (
    '1441674d-a011-471a-a601-722b88b117f5',
    'All You Can East Bluffet',
    'Feast on the Copper Harbor Trails Club''s newest event - a brand new endurance enduro at East Bluff Bike Park. Spin the wheel, shred the trails, and push your limits all day long! Advanced, intermediate, and kids classes with 6- and 12-hour options plus a 90-minute kids race. Pedal to the top, spin the mountain bike wheel for your trail, punch your race plate, and repeat. Registration at copperharbortrails.org/bluffet.',
    '2026-08-01',
    'East Bluff Bike Park, Mandan Road, Copper Harbor, MI 49918',
    'https://www.copperharbortrails.org/bluffet',
    '/images/bluffet-2026-logo.png',
    'upcoming'
);

INSERT INTO races (id, event_id, name, race_type, distance_km, duration_minutes, start_time, status)
VALUES
    (
        '17da3ba1-2e09-4eb1-aeb3-d9dd5b6a394e',
        '1441674d-a011-471a-a601-722b88b117f5',
        '12 Hour',
        'lap_based',
        NULL,
        720,
        '2026-08-01 08:00:00-04',  -- America/Detroit
        'scheduled'
    ),
    (
        '209769a1-f723-4f70-ae90-466a46338684',
        '1441674d-a011-471a-a601-722b88b117f5',
        '6 Hour',
        'lap_based',
        NULL,
        360,
        '2026-08-01 08:00:00-04',  -- America/Detroit
        'scheduled'
    ),
    (
        '0e45ee85-800c-4e1f-a95b-4b92462e790a',
        '1441674d-a011-471a-a601-722b88b117f5',
        '90-Minute Kids',
        'lap_based',
        NULL,
        90,
        '2026-08-01 15:00:00-04',  -- America/Detroit
        'scheduled'
    );

INSERT INTO timing_checkpoints (id, race_id, name, checkpoint_type, distance_from_start_km, location_description, is_active)
VALUES
    ('c9ef4f76-8851-5cf6-a10a-7ed48b6f8b78', '17da3ba1-2e09-4eb1-aeb3-d9dd5b6a394e', 'Start Line', 'start', 0.00, 'Bottom of East Bluff (Flo-Rion, Dueling Banjos)', true),
    ('81ca12c0-dfec-512e-b605-7e1dfbcb63f5', '17da3ba1-2e09-4eb1-aeb3-d9dd5b6a394e', 'Lap Check', 'finish', NULL, 'Bottom of East Bluff (Flo-Rion, Dueling Banjos) — race trackers', true),
    ('32283593-3538-5e7f-804f-8e4d65f82752', '209769a1-f723-4f70-ae90-466a46338684', 'Start Line', 'start', 0.00, 'Bottom of East Bluff (Flo-Rion, Dueling Banjos)', true),
    ('5b7e8d76-8cc4-5e17-9147-9ed99a8df6fa', '209769a1-f723-4f70-ae90-466a46338684', 'Lap Check', 'finish', NULL, 'Bottom of East Bluff (Flo-Rion, Dueling Banjos) — race trackers', true),
    ('6be812e7-6991-5f35-a69f-ad81a90591c9', '0e45ee85-800c-4e1f-a95b-4b92462e790a', 'Start Line', 'start', 0.00, 'Bottom of East Bluff Campground Rd', true),
    ('31b14fd1-a863-57e1-b90f-45f1593cdd49', '0e45ee85-800c-4e1f-a95b-4b92462e790a', 'Lap Check', 'finish', NULL, 'Bottom of East Bluff Campground Rd — race trackers', true);

INSERT INTO categories (id, race_id, name, category_type, age_min, age_max, gender_filter, display_order)
VALUES
    ('6d2d19e6-0552-5dca-ae67-d1189221fed9', '17da3ba1-2e09-4eb1-aeb3-d9dd5b6a394e', 'Intermediate Men', 'custom', NULL, NULL, 'male', 0),
    ('0b21d8e0-efa9-578d-a28d-d1577edb82a1', '17da3ba1-2e09-4eb1-aeb3-d9dd5b6a394e', 'Intermediate Women', 'custom', NULL, NULL, 'female', 1),
    ('0955464d-0cfc-538a-acee-3f64881ee303', '17da3ba1-2e09-4eb1-aeb3-d9dd5b6a394e', 'Advanced Men', 'custom', NULL, NULL, 'male', 2),
    ('67ab277e-1cea-5df2-bd09-f631c32ae219', '17da3ba1-2e09-4eb1-aeb3-d9dd5b6a394e', 'Advanced Women', 'custom', NULL, NULL, 'female', 3),
    ('c671ab5b-b5b5-58c3-b836-115888c9d27c', '209769a1-f723-4f70-ae90-466a46338684', 'Intermediate Men', 'custom', NULL, NULL, 'male', 0),
    ('6221ba18-7fb8-50a2-8ed0-42d03cdecdc8', '209769a1-f723-4f70-ae90-466a46338684', 'Intermediate Women', 'custom', NULL, NULL, 'female', 1),
    ('3f8a220c-928f-5e64-b6e4-69af3a5313ab', '209769a1-f723-4f70-ae90-466a46338684', 'Advanced Men', 'custom', NULL, NULL, 'male', 2),
    ('fe373fcc-be7a-50ad-b874-2b0c4184e4cd', '209769a1-f723-4f70-ae90-466a46338684', 'Advanced Women', 'custom', NULL, NULL, 'female', 3),
    ('10af9e2e-31e2-50d4-b12c-88e651c36175', '0e45ee85-800c-4e1f-a95b-4b92462e790a', 'Men', 'male', NULL, NULL, 'male', 0),
    ('d5b178c5-abb4-5cee-ad88-fd151ecb151e', '0e45ee85-800c-4e1f-a95b-4b92462e790a', 'Women', 'female', NULL, NULL, 'female', 1);

-- participants.category_id + rfid_tag_uid (migration 04); associations table for multi-tag lookups
INSERT INTO participants (id, race_id, bib_number, first_name, last_name, gender, age, location, rfid_tag_uid, status, category_id)
VALUES
    (
        '9fe78eeb-a21c-594a-acc2-7e1efe378201',
        '17da3ba1-2e09-4eb1-aeb3-d9dd5b6a394e',
        '1',
        'Alex',
        'Rivera',
        'male',
        25,
        'Copper Harbor, MI',
        'DEMO-TAG-0001',
        'registered',
        '6d2d19e6-0552-5dca-ae67-d1189221fed9'
    ),
    (
        '43773bcb-164a-5458-b5f9-0c6598602c11',
        '17da3ba1-2e09-4eb1-aeb3-d9dd5b6a394e',
        '2',
        'Jordan',
        'Patel',
        'female',
        26,
        'Copper Harbor, MI',
        'DEMO-TAG-0002',
        'registered',
        '0b21d8e0-efa9-578d-a28d-d1577edb82a1'
    ),
    (
        '02d91423-c3a7-55fd-bb00-b20952dacfc3',
        '17da3ba1-2e09-4eb1-aeb3-d9dd5b6a394e',
        '3',
        'Sam',
        'Sullivan',
        'male',
        27,
        'Copper Harbor, MI',
        'DEMO-TAG-0003',
        'registered',
        '0955464d-0cfc-538a-acee-3f64881ee303'
    ),
    (
        'eb512d28-e477-535d-8ab2-f8ebd3bcde7b',
        '17da3ba1-2e09-4eb1-aeb3-d9dd5b6a394e',
        '4',
        'Casey',
        'Berg',
        'female',
        28,
        'Copper Harbor, MI',
        'DEMO-TAG-0004',
        'registered',
        '67ab277e-1cea-5df2-bd09-f631c32ae219'
    ),
    (
        'afb221c6-109d-5463-9256-2214c5a23e44',
        '17da3ba1-2e09-4eb1-aeb3-d9dd5b6a394e',
        '5',
        'Riley',
        'Ellis',
        'male',
        29,
        'Copper Harbor, MI',
        'DEMO-TAG-0005',
        'registered',
        '6d2d19e6-0552-5dca-ae67-d1189221fed9'
    ),
    (
        'd3565568-c5f5-5e80-953c-3d2964b490c3',
        '17da3ba1-2e09-4eb1-aeb3-d9dd5b6a394e',
        '6',
        'Morgan',
        'Hahn',
        'female',
        30,
        'Copper Harbor, MI',
        'DEMO-TAG-0006',
        'registered',
        '0b21d8e0-efa9-578d-a28d-d1577edb82a1'
    ),
    (
        '1ff6258b-69e7-5975-abc5-7efd377f76eb',
        '17da3ba1-2e09-4eb1-aeb3-d9dd5b6a394e',
        '7',
        'Taylor',
        'Kim',
        'male',
        31,
        'Copper Harbor, MI',
        'DEMO-TAG-0007',
        'registered',
        '0955464d-0cfc-538a-acee-3f64881ee303'
    ),
    (
        '873098a5-49c8-57e4-80c8-3e358db6d844',
        '17da3ba1-2e09-4eb1-aeb3-d9dd5b6a394e',
        '8',
        'Quinn',
        'Nash',
        'female',
        32,
        'Copper Harbor, MI',
        'DEMO-TAG-0008',
        'registered',
        '67ab277e-1cea-5df2-bd09-f631c32ae219'
    ),
    (
        'a701fee9-7b09-5bf2-93d3-c29af24fc7ff',
        '17da3ba1-2e09-4eb1-aeb3-d9dd5b6a394e',
        '9',
        'Avery',
        'Quinn',
        'male',
        33,
        'Copper Harbor, MI',
        'DEMO-TAG-0009',
        'registered',
        '6d2d19e6-0552-5dca-ae67-d1189221fed9'
    ),
    (
        'bf1ccd1d-c4a0-5e9e-937d-4a85e5dffb71',
        '17da3ba1-2e09-4eb1-aeb3-d9dd5b6a394e',
        '10',
        'Parker',
        'Torres',
        'female',
        34,
        'Copper Harbor, MI',
        'DEMO-TAG-0010',
        'registered',
        '0b21d8e0-efa9-578d-a28d-d1577edb82a1'
    ),
    (
        'a9554d22-1aa1-5027-b15e-c1b3f4b5e162',
        '17da3ba1-2e09-4eb1-aeb3-d9dd5b6a394e',
        '11',
        'Reese',
        'Rivera',
        'male',
        35,
        'Copper Harbor, MI',
        'DEMO-TAG-0011',
        'registered',
        '0955464d-0cfc-538a-acee-3f64881ee303'
    ),
    (
        'da62e16f-60e9-5469-a3ff-70f0921361cf',
        '17da3ba1-2e09-4eb1-aeb3-d9dd5b6a394e',
        '12',
        'Skyler',
        'Patel',
        'female',
        36,
        'Copper Harbor, MI',
        'DEMO-TAG-0012',
        'registered',
        '67ab277e-1cea-5df2-bd09-f631c32ae219'
    ),
    (
        '0ecc7650-6654-587c-b9e3-13bcd85ee73c',
        '17da3ba1-2e09-4eb1-aeb3-d9dd5b6a394e',
        '13',
        'Cameron',
        'Sullivan',
        'male',
        37,
        'Copper Harbor, MI',
        'DEMO-TAG-0013',
        'registered',
        '6d2d19e6-0552-5dca-ae67-d1189221fed9'
    ),
    (
        'e5d10406-a0b6-5f06-aa6a-8783ba7579ab',
        '17da3ba1-2e09-4eb1-aeb3-d9dd5b6a394e',
        '14',
        'Drew',
        'Berg',
        'female',
        38,
        'Copper Harbor, MI',
        'DEMO-TAG-0014',
        'registered',
        '0b21d8e0-efa9-578d-a28d-d1577edb82a1'
    ),
    (
        '67b4c696-9c8d-5d20-ae8c-2c65e5e27492',
        '17da3ba1-2e09-4eb1-aeb3-d9dd5b6a394e',
        '15',
        'Emerson',
        'Ellis',
        'male',
        39,
        'Copper Harbor, MI',
        'DEMO-TAG-0015',
        'registered',
        '0955464d-0cfc-538a-acee-3f64881ee303'
    ),
    (
        '5f5122fb-c602-5600-b394-109d16f8f249',
        '17da3ba1-2e09-4eb1-aeb3-d9dd5b6a394e',
        '16',
        'Finley',
        'Hahn',
        'female',
        40,
        'Copper Harbor, MI',
        'DEMO-TAG-0016',
        'registered',
        '67ab277e-1cea-5df2-bd09-f631c32ae219'
    ),
    (
        'ce6bdd58-e3cc-5fdf-a014-5fe02cf77ccb',
        '17da3ba1-2e09-4eb1-aeb3-d9dd5b6a394e',
        '17',
        'Harper',
        'Kim',
        'male',
        41,
        'Copper Harbor, MI',
        'DEMO-TAG-0017',
        'registered',
        '6d2d19e6-0552-5dca-ae67-d1189221fed9'
    ),
    (
        'a35fdeb3-0287-51bd-9489-44014a5c137a',
        '17da3ba1-2e09-4eb1-aeb3-d9dd5b6a394e',
        '18',
        'Hayden',
        'Nash',
        'female',
        42,
        'Copper Harbor, MI',
        'DEMO-TAG-0018',
        'registered',
        '0b21d8e0-efa9-578d-a28d-d1577edb82a1'
    ),
    (
        '8f49da73-e71b-5fb3-a548-8337de791301',
        '17da3ba1-2e09-4eb1-aeb3-d9dd5b6a394e',
        '19',
        'Jamie',
        'Quinn',
        'male',
        43,
        'Copper Harbor, MI',
        'DEMO-TAG-0019',
        'registered',
        '0955464d-0cfc-538a-acee-3f64881ee303'
    ),
    (
        '7662d05f-a4da-5f36-acef-2195dfb8f9d2',
        '17da3ba1-2e09-4eb1-aeb3-d9dd5b6a394e',
        '20',
        'Kai',
        'Torres',
        'female',
        44,
        'Copper Harbor, MI',
        'DEMO-TAG-0020',
        'registered',
        '67ab277e-1cea-5df2-bd09-f631c32ae219'
    ),
    (
        'e223c88d-1f06-56cd-86aa-ad05a8192756',
        '17da3ba1-2e09-4eb1-aeb3-d9dd5b6a394e',
        '21',
        'Logan',
        'Rivera',
        'male',
        45,
        'Copper Harbor, MI',
        'DEMO-TAG-0021',
        'registered',
        '6d2d19e6-0552-5dca-ae67-d1189221fed9'
    ),
    (
        'e3a6eb05-2005-5635-8d0a-34eeb72f786b',
        '17da3ba1-2e09-4eb1-aeb3-d9dd5b6a394e',
        '22',
        'Noah',
        'Patel',
        'female',
        46,
        'Copper Harbor, MI',
        'DEMO-TAG-0022',
        'registered',
        '0b21d8e0-efa9-578d-a28d-d1577edb82a1'
    ),
    (
        '53802fb6-9328-5893-83e2-bb81ac1b543d',
        '17da3ba1-2e09-4eb1-aeb3-d9dd5b6a394e',
        '23',
        'Owen',
        'Sullivan',
        'male',
        47,
        'Copper Harbor, MI',
        'DEMO-TAG-0023',
        'registered',
        '0955464d-0cfc-538a-acee-3f64881ee303'
    ),
    (
        '7efa7177-ab74-55a9-8ccd-5de2b5ef3af0',
        '17da3ba1-2e09-4eb1-aeb3-d9dd5b6a394e',
        '24',
        'Peyton',
        'Berg',
        'female',
        48,
        'Copper Harbor, MI',
        'DEMO-TAG-0024',
        'registered',
        '67ab277e-1cea-5df2-bd09-f631c32ae219'
    ),
    (
        '109828fe-49b3-51cb-8cd7-4a91dd14dda9',
        '17da3ba1-2e09-4eb1-aeb3-d9dd5b6a394e',
        '25',
        'River',
        'Ellis',
        'male',
        49,
        'Copper Harbor, MI',
        'DEMO-TAG-0025',
        'registered',
        '6d2d19e6-0552-5dca-ae67-d1189221fed9'
    ),
    (
        'f186cef7-b49f-5893-a434-de7e56f541e5',
        '17da3ba1-2e09-4eb1-aeb3-d9dd5b6a394e',
        '26',
        'Sage',
        'Hahn',
        'female',
        50,
        'Copper Harbor, MI',
        'DEMO-TAG-0026',
        'registered',
        '0b21d8e0-efa9-578d-a28d-d1577edb82a1'
    ),
    (
        '5289cff2-fa97-5b67-bad3-398244256aad',
        '17da3ba1-2e09-4eb1-aeb3-d9dd5b6a394e',
        '27',
        'Shawn',
        'Kim',
        'male',
        51,
        'Copper Harbor, MI',
        'DEMO-TAG-0027',
        'registered',
        '0955464d-0cfc-538a-acee-3f64881ee303'
    ),
    (
        '478d65c5-9dc7-52af-8773-c90f8e894311',
        '17da3ba1-2e09-4eb1-aeb3-d9dd5b6a394e',
        '28',
        'Sydney',
        'Nash',
        'female',
        52,
        'Copper Harbor, MI',
        'DEMO-TAG-0028',
        'registered',
        '67ab277e-1cea-5df2-bd09-f631c32ae219'
    ),
    (
        '7c59d8b1-8e35-5710-a731-f47144cc5869',
        '17da3ba1-2e09-4eb1-aeb3-d9dd5b6a394e',
        '29',
        'Terry',
        'Quinn',
        'male',
        53,
        'Copper Harbor, MI',
        'DEMO-TAG-0029',
        'registered',
        '6d2d19e6-0552-5dca-ae67-d1189221fed9'
    ),
    (
        'a3bfca67-50cc-5d74-a203-8caf2b75b584',
        '17da3ba1-2e09-4eb1-aeb3-d9dd5b6a394e',
        '30',
        'Blair',
        'Torres',
        'female',
        54,
        'Copper Harbor, MI',
        'DEMO-TAG-0030',
        'registered',
        '0b21d8e0-efa9-578d-a28d-d1577edb82a1'
    ),
    (
        '8d3643a1-329b-5aa5-b403-7822b6c82809',
        '17da3ba1-2e09-4eb1-aeb3-d9dd5b6a394e',
        '31',
        'Alex',
        'Rivera',
        'male',
        25,
        'Copper Harbor, MI',
        'DEMO-TAG-0031',
        'registered',
        '0955464d-0cfc-538a-acee-3f64881ee303'
    ),
    (
        '2c606011-bab1-5200-b000-5ec1708ec57d',
        '17da3ba1-2e09-4eb1-aeb3-d9dd5b6a394e',
        '32',
        'Jordan',
        'Patel',
        'female',
        26,
        'Copper Harbor, MI',
        'DEMO-TAG-0032',
        'registered',
        '67ab277e-1cea-5df2-bd09-f631c32ae219'
    ),
    (
        '299ec1bd-5a56-5d78-b726-954be0c6ba04',
        '17da3ba1-2e09-4eb1-aeb3-d9dd5b6a394e',
        '33',
        'Sam',
        'Sullivan',
        'male',
        27,
        'Copper Harbor, MI',
        'DEMO-TAG-0033',
        'registered',
        '6d2d19e6-0552-5dca-ae67-d1189221fed9'
    ),
    (
        '2a4ba48e-5404-5bb8-996f-c25b1d78051f',
        '17da3ba1-2e09-4eb1-aeb3-d9dd5b6a394e',
        '34',
        'Casey',
        'Berg',
        'female',
        28,
        'Copper Harbor, MI',
        'DEMO-TAG-0034',
        'registered',
        '0b21d8e0-efa9-578d-a28d-d1577edb82a1'
    ),
    (
        '9130c4e9-0a1f-53c5-9976-3ecf2d37db39',
        '17da3ba1-2e09-4eb1-aeb3-d9dd5b6a394e',
        '35',
        'Riley',
        'Ellis',
        'male',
        29,
        'Copper Harbor, MI',
        'DEMO-TAG-0035',
        'registered',
        '0955464d-0cfc-538a-acee-3f64881ee303'
    ),
    (
        '726b6114-8b20-599c-822b-34bb1adca5eb',
        '17da3ba1-2e09-4eb1-aeb3-d9dd5b6a394e',
        '36',
        'Morgan',
        'Hahn',
        'female',
        30,
        'Copper Harbor, MI',
        'DEMO-TAG-0036',
        'registered',
        '67ab277e-1cea-5df2-bd09-f631c32ae219'
    ),
    (
        '89b67273-e9d2-5b31-ac37-00d0e41e7016',
        '17da3ba1-2e09-4eb1-aeb3-d9dd5b6a394e',
        '37',
        'Taylor',
        'Kim',
        'male',
        31,
        'Copper Harbor, MI',
        'DEMO-TAG-0037',
        'registered',
        '6d2d19e6-0552-5dca-ae67-d1189221fed9'
    ),
    (
        '1a94a624-a626-5209-b5e3-c9db16d6bb2a',
        '17da3ba1-2e09-4eb1-aeb3-d9dd5b6a394e',
        '38',
        'Quinn',
        'Nash',
        'female',
        32,
        'Copper Harbor, MI',
        'DEMO-TAG-0038',
        'registered',
        '0b21d8e0-efa9-578d-a28d-d1577edb82a1'
    ),
    (
        'b7caea29-d1f8-5ccc-bd5c-bc44790ed483',
        '17da3ba1-2e09-4eb1-aeb3-d9dd5b6a394e',
        '39',
        'Avery',
        'Quinn',
        'male',
        33,
        'Copper Harbor, MI',
        'DEMO-TAG-0039',
        'registered',
        '0955464d-0cfc-538a-acee-3f64881ee303'
    ),
    (
        'fb3460b6-9be9-573b-9b42-7223d791b34f',
        '17da3ba1-2e09-4eb1-aeb3-d9dd5b6a394e',
        '40',
        'Parker',
        'Torres',
        'female',
        34,
        'Copper Harbor, MI',
        'DEMO-TAG-0040',
        'registered',
        '67ab277e-1cea-5df2-bd09-f631c32ae219'
    ),
    (
        '20131e69-ae96-53a7-893b-eb9ef607a13e',
        '209769a1-f723-4f70-ae90-466a46338684',
        '1',
        'Reese',
        'Rivera',
        'male',
        25,
        'Copper Harbor, MI',
        'DEMO-TAG-0041',
        'registered',
        'c671ab5b-b5b5-58c3-b836-115888c9d27c'
    ),
    (
        'd6175ced-34b0-5e69-9465-92fd28dfc2d6',
        '209769a1-f723-4f70-ae90-466a46338684',
        '2',
        'Skyler',
        'Patel',
        'female',
        26,
        'Copper Harbor, MI',
        'DEMO-TAG-0042',
        'registered',
        '6221ba18-7fb8-50a2-8ed0-42d03cdecdc8'
    ),
    (
        'c0c1e335-0d3c-59c5-89e0-5f8246f30a7a',
        '209769a1-f723-4f70-ae90-466a46338684',
        '3',
        'Cameron',
        'Sullivan',
        'male',
        27,
        'Copper Harbor, MI',
        'DEMO-TAG-0043',
        'registered',
        '3f8a220c-928f-5e64-b6e4-69af3a5313ab'
    ),
    (
        '0c21ee43-9595-5929-a40e-0dcae0cc1966',
        '209769a1-f723-4f70-ae90-466a46338684',
        '4',
        'Drew',
        'Berg',
        'female',
        28,
        'Copper Harbor, MI',
        'DEMO-TAG-0044',
        'registered',
        'fe373fcc-be7a-50ad-b874-2b0c4184e4cd'
    ),
    (
        '86f515e4-775c-54a6-82e8-0c002a30e518',
        '209769a1-f723-4f70-ae90-466a46338684',
        '5',
        'Emerson',
        'Ellis',
        'male',
        29,
        'Copper Harbor, MI',
        'DEMO-TAG-0045',
        'registered',
        'c671ab5b-b5b5-58c3-b836-115888c9d27c'
    ),
    (
        '70a8c4cf-a82b-5adf-aae1-8762cc8c4a19',
        '209769a1-f723-4f70-ae90-466a46338684',
        '6',
        'Finley',
        'Hahn',
        'female',
        30,
        'Copper Harbor, MI',
        'DEMO-TAG-0046',
        'registered',
        '6221ba18-7fb8-50a2-8ed0-42d03cdecdc8'
    ),
    (
        'bfd63b61-41ef-5433-8933-89c013a38d52',
        '209769a1-f723-4f70-ae90-466a46338684',
        '7',
        'Harper',
        'Kim',
        'male',
        31,
        'Copper Harbor, MI',
        'DEMO-TAG-0047',
        'registered',
        '3f8a220c-928f-5e64-b6e4-69af3a5313ab'
    ),
    (
        '64c608b8-9a6c-5436-8eac-6b460ec775f4',
        '209769a1-f723-4f70-ae90-466a46338684',
        '8',
        'Hayden',
        'Nash',
        'female',
        32,
        'Copper Harbor, MI',
        'DEMO-TAG-0048',
        'registered',
        'fe373fcc-be7a-50ad-b874-2b0c4184e4cd'
    ),
    (
        'af492e8a-d8e0-58bd-90d7-fd88655b3bee',
        '209769a1-f723-4f70-ae90-466a46338684',
        '9',
        'Jamie',
        'Quinn',
        'male',
        33,
        'Copper Harbor, MI',
        'DEMO-TAG-0049',
        'registered',
        'c671ab5b-b5b5-58c3-b836-115888c9d27c'
    ),
    (
        '15065725-b16c-5b5f-af50-df526c98d168',
        '209769a1-f723-4f70-ae90-466a46338684',
        '10',
        'Kai',
        'Torres',
        'female',
        34,
        'Copper Harbor, MI',
        'DEMO-TAG-0050',
        'registered',
        '6221ba18-7fb8-50a2-8ed0-42d03cdecdc8'
    ),
    (
        '02f14295-0533-5b7a-95d8-156bb658a4d4',
        '209769a1-f723-4f70-ae90-466a46338684',
        '11',
        'Logan',
        'Rivera',
        'male',
        35,
        'Copper Harbor, MI',
        'DEMO-TAG-0051',
        'registered',
        '3f8a220c-928f-5e64-b6e4-69af3a5313ab'
    ),
    (
        '64de1b66-abfa-50e6-b476-1d884275efcd',
        '209769a1-f723-4f70-ae90-466a46338684',
        '12',
        'Noah',
        'Patel',
        'female',
        36,
        'Copper Harbor, MI',
        'DEMO-TAG-0052',
        'registered',
        'fe373fcc-be7a-50ad-b874-2b0c4184e4cd'
    ),
    (
        'a6fdea4f-028e-530c-ade2-a98f6bad24de',
        '209769a1-f723-4f70-ae90-466a46338684',
        '13',
        'Owen',
        'Sullivan',
        'male',
        37,
        'Copper Harbor, MI',
        'DEMO-TAG-0053',
        'registered',
        'c671ab5b-b5b5-58c3-b836-115888c9d27c'
    ),
    (
        '3bd003fd-c431-51b6-90be-c44420ec1d26',
        '209769a1-f723-4f70-ae90-466a46338684',
        '14',
        'Peyton',
        'Berg',
        'female',
        38,
        'Copper Harbor, MI',
        'DEMO-TAG-0054',
        'registered',
        '6221ba18-7fb8-50a2-8ed0-42d03cdecdc8'
    ),
    (
        '135c0308-0f8e-57d6-96fc-3fdf7a790bca',
        '209769a1-f723-4f70-ae90-466a46338684',
        '15',
        'River',
        'Ellis',
        'male',
        39,
        'Copper Harbor, MI',
        'DEMO-TAG-0055',
        'registered',
        '3f8a220c-928f-5e64-b6e4-69af3a5313ab'
    ),
    (
        'ca82f774-f39c-531f-8e4a-af3c41cd4df1',
        '209769a1-f723-4f70-ae90-466a46338684',
        '16',
        'Sage',
        'Hahn',
        'female',
        40,
        'Copper Harbor, MI',
        'DEMO-TAG-0056',
        'registered',
        'fe373fcc-be7a-50ad-b874-2b0c4184e4cd'
    ),
    (
        '225e8e51-c4b0-5350-8f5b-a28591c5f226',
        '209769a1-f723-4f70-ae90-466a46338684',
        '17',
        'Shawn',
        'Kim',
        'male',
        41,
        'Copper Harbor, MI',
        'DEMO-TAG-0057',
        'registered',
        'c671ab5b-b5b5-58c3-b836-115888c9d27c'
    ),
    (
        '3413cc39-78aa-57b0-8b14-0d9c9a46295a',
        '209769a1-f723-4f70-ae90-466a46338684',
        '18',
        'Sydney',
        'Nash',
        'female',
        42,
        'Copper Harbor, MI',
        'DEMO-TAG-0058',
        'registered',
        '6221ba18-7fb8-50a2-8ed0-42d03cdecdc8'
    ),
    (
        'a3126ad3-bdce-56c0-8b29-1a35ddaee1ad',
        '209769a1-f723-4f70-ae90-466a46338684',
        '19',
        'Terry',
        'Quinn',
        'male',
        43,
        'Copper Harbor, MI',
        'DEMO-TAG-0059',
        'registered',
        '3f8a220c-928f-5e64-b6e4-69af3a5313ab'
    ),
    (
        '7a46839f-e116-5e7e-9e50-3da64f0d9af7',
        '209769a1-f723-4f70-ae90-466a46338684',
        '20',
        'Blair',
        'Torres',
        'female',
        44,
        'Copper Harbor, MI',
        'DEMO-TAG-0060',
        'registered',
        'fe373fcc-be7a-50ad-b874-2b0c4184e4cd'
    ),
    (
        '0f96bf46-59bb-548c-a779-7c430de4dcb1',
        '209769a1-f723-4f70-ae90-466a46338684',
        '21',
        'Alex',
        'Rivera',
        'male',
        45,
        'Copper Harbor, MI',
        'DEMO-TAG-0061',
        'registered',
        'c671ab5b-b5b5-58c3-b836-115888c9d27c'
    ),
    (
        'c929ddf2-2c0a-5fea-bc7a-e9c6f5f13aed',
        '209769a1-f723-4f70-ae90-466a46338684',
        '22',
        'Jordan',
        'Patel',
        'female',
        46,
        'Copper Harbor, MI',
        'DEMO-TAG-0062',
        'registered',
        '6221ba18-7fb8-50a2-8ed0-42d03cdecdc8'
    ),
    (
        'c6aa44b9-f649-57e4-b82a-0ae9f3d558eb',
        '209769a1-f723-4f70-ae90-466a46338684',
        '23',
        'Sam',
        'Sullivan',
        'male',
        47,
        'Copper Harbor, MI',
        'DEMO-TAG-0063',
        'registered',
        '3f8a220c-928f-5e64-b6e4-69af3a5313ab'
    ),
    (
        '284f1a59-d921-5dd4-beb0-bee2195c7706',
        '209769a1-f723-4f70-ae90-466a46338684',
        '24',
        'Casey',
        'Berg',
        'female',
        48,
        'Copper Harbor, MI',
        'DEMO-TAG-0064',
        'registered',
        'fe373fcc-be7a-50ad-b874-2b0c4184e4cd'
    ),
    (
        'eafcb4eb-2fe2-5606-a849-ac15b31d6a8e',
        '209769a1-f723-4f70-ae90-466a46338684',
        '25',
        'Riley',
        'Ellis',
        'male',
        49,
        'Copper Harbor, MI',
        'DEMO-TAG-0065',
        'registered',
        'c671ab5b-b5b5-58c3-b836-115888c9d27c'
    ),
    (
        '53539879-311a-5c10-8ecc-84fa4f793267',
        '209769a1-f723-4f70-ae90-466a46338684',
        '26',
        'Morgan',
        'Hahn',
        'female',
        50,
        'Copper Harbor, MI',
        'DEMO-TAG-0066',
        'registered',
        '6221ba18-7fb8-50a2-8ed0-42d03cdecdc8'
    ),
    (
        'daac878f-701f-50c1-909d-901bf576653a',
        '209769a1-f723-4f70-ae90-466a46338684',
        '27',
        'Taylor',
        'Kim',
        'male',
        51,
        'Copper Harbor, MI',
        'DEMO-TAG-0067',
        'registered',
        '3f8a220c-928f-5e64-b6e4-69af3a5313ab'
    ),
    (
        '1bf028a5-e30e-54be-b867-4378c6b63675',
        '209769a1-f723-4f70-ae90-466a46338684',
        '28',
        'Quinn',
        'Nash',
        'female',
        52,
        'Copper Harbor, MI',
        'DEMO-TAG-0068',
        'registered',
        'fe373fcc-be7a-50ad-b874-2b0c4184e4cd'
    ),
    (
        'ad2aeb03-fd77-5348-9f7e-a3388d7e8277',
        '209769a1-f723-4f70-ae90-466a46338684',
        '29',
        'Avery',
        'Quinn',
        'male',
        53,
        'Copper Harbor, MI',
        'DEMO-TAG-0069',
        'registered',
        'c671ab5b-b5b5-58c3-b836-115888c9d27c'
    ),
    (
        'b640dd57-fa5b-5154-9d16-a6362a54d268',
        '209769a1-f723-4f70-ae90-466a46338684',
        '30',
        'Parker',
        'Torres',
        'female',
        54,
        'Copper Harbor, MI',
        'DEMO-TAG-0070',
        'registered',
        '6221ba18-7fb8-50a2-8ed0-42d03cdecdc8'
    ),
    (
        '8acca88a-ec3a-5912-b8cb-3ade42b19137',
        '209769a1-f723-4f70-ae90-466a46338684',
        '31',
        'Reese',
        'Rivera',
        'male',
        25,
        'Copper Harbor, MI',
        'DEMO-TAG-0071',
        'registered',
        '3f8a220c-928f-5e64-b6e4-69af3a5313ab'
    ),
    (
        'ba967050-23c5-5e2d-b935-4a85a9bdd786',
        '209769a1-f723-4f70-ae90-466a46338684',
        '32',
        'Skyler',
        'Patel',
        'female',
        26,
        'Copper Harbor, MI',
        'DEMO-TAG-0072',
        'registered',
        'fe373fcc-be7a-50ad-b874-2b0c4184e4cd'
    ),
    (
        '16723a77-52f3-5bbe-bebd-3257af7d5fbf',
        '209769a1-f723-4f70-ae90-466a46338684',
        '33',
        'Cameron',
        'Sullivan',
        'male',
        27,
        'Copper Harbor, MI',
        'DEMO-TAG-0073',
        'registered',
        'c671ab5b-b5b5-58c3-b836-115888c9d27c'
    ),
    (
        '7fa8485f-6a3c-5599-8765-c79e31d7b2e4',
        '209769a1-f723-4f70-ae90-466a46338684',
        '34',
        'Drew',
        'Berg',
        'female',
        28,
        'Copper Harbor, MI',
        'DEMO-TAG-0074',
        'registered',
        '6221ba18-7fb8-50a2-8ed0-42d03cdecdc8'
    ),
    (
        'e0082e1e-c04a-5fbc-b580-bb20b3159087',
        '209769a1-f723-4f70-ae90-466a46338684',
        '35',
        'Emerson',
        'Ellis',
        'male',
        29,
        'Copper Harbor, MI',
        'DEMO-TAG-0075',
        'registered',
        '3f8a220c-928f-5e64-b6e4-69af3a5313ab'
    ),
    (
        'c09f0334-6019-5b2f-8101-097ae9fcf66b',
        '209769a1-f723-4f70-ae90-466a46338684',
        '36',
        'Finley',
        'Hahn',
        'female',
        30,
        'Copper Harbor, MI',
        'DEMO-TAG-0076',
        'registered',
        'fe373fcc-be7a-50ad-b874-2b0c4184e4cd'
    ),
    (
        'f4d49eb8-a5fd-5768-b658-231be99df473',
        '209769a1-f723-4f70-ae90-466a46338684',
        '37',
        'Harper',
        'Kim',
        'male',
        31,
        'Copper Harbor, MI',
        'DEMO-TAG-0077',
        'registered',
        'c671ab5b-b5b5-58c3-b836-115888c9d27c'
    ),
    (
        'ad08fdbb-3e44-56d5-9ef4-b8d845298e2a',
        '209769a1-f723-4f70-ae90-466a46338684',
        '38',
        'Hayden',
        'Nash',
        'female',
        32,
        'Copper Harbor, MI',
        'DEMO-TAG-0078',
        'registered',
        '6221ba18-7fb8-50a2-8ed0-42d03cdecdc8'
    ),
    (
        '871e2fc0-dbf1-56f2-99ae-b50de72db288',
        '209769a1-f723-4f70-ae90-466a46338684',
        '39',
        'Jamie',
        'Quinn',
        'male',
        33,
        'Copper Harbor, MI',
        'DEMO-TAG-0079',
        'registered',
        '3f8a220c-928f-5e64-b6e4-69af3a5313ab'
    ),
    (
        '7186a467-89d1-563c-a1d8-511abe08eac9',
        '209769a1-f723-4f70-ae90-466a46338684',
        '40',
        'Kai',
        'Torres',
        'female',
        34,
        'Copper Harbor, MI',
        'DEMO-TAG-0080',
        'registered',
        'fe373fcc-be7a-50ad-b874-2b0c4184e4cd'
    ),
    (
        '96a091d0-86cb-525e-b0c0-ae9494163d99',
        '0e45ee85-800c-4e1f-a95b-4b92462e790a',
        '1',
        'Logan',
        'Rivera',
        'male',
        10,
        'Copper Harbor, MI',
        'DEMO-TAG-0081',
        'registered',
        '10af9e2e-31e2-50d4-b12c-88e651c36175'
    ),
    (
        'a93b1825-2234-55d8-b2a8-9595d63ae216',
        '0e45ee85-800c-4e1f-a95b-4b92462e790a',
        '2',
        'Noah',
        'Patel',
        'female',
        11,
        'Copper Harbor, MI',
        'DEMO-TAG-0082',
        'registered',
        'd5b178c5-abb4-5cee-ad88-fd151ecb151e'
    ),
    (
        '4362e21b-1790-51b3-ae17-01c76b557fc6',
        '0e45ee85-800c-4e1f-a95b-4b92462e790a',
        '3',
        'Owen',
        'Sullivan',
        'male',
        12,
        'Copper Harbor, MI',
        'DEMO-TAG-0083',
        'registered',
        '10af9e2e-31e2-50d4-b12c-88e651c36175'
    ),
    (
        '52f89057-e6e7-5a41-aa84-466dd792750b',
        '0e45ee85-800c-4e1f-a95b-4b92462e790a',
        '4',
        'Peyton',
        'Berg',
        'female',
        13,
        'Copper Harbor, MI',
        'DEMO-TAG-0084',
        'registered',
        'd5b178c5-abb4-5cee-ad88-fd151ecb151e'
    ),
    (
        'a8e4bc4d-4304-5167-967a-95f478ea0343',
        '0e45ee85-800c-4e1f-a95b-4b92462e790a',
        '5',
        'River',
        'Ellis',
        'male',
        14,
        'Copper Harbor, MI',
        'DEMO-TAG-0085',
        'registered',
        '10af9e2e-31e2-50d4-b12c-88e651c36175'
    ),
    (
        '161e8b04-1143-5b50-bf85-2edc13983177',
        '0e45ee85-800c-4e1f-a95b-4b92462e790a',
        '6',
        'Sage',
        'Hahn',
        'female',
        15,
        'Copper Harbor, MI',
        'DEMO-TAG-0086',
        'registered',
        'd5b178c5-abb4-5cee-ad88-fd151ecb151e'
    ),
    (
        '6736d461-d29d-5773-88bb-ae4bb70299e3',
        '0e45ee85-800c-4e1f-a95b-4b92462e790a',
        '7',
        'Shawn',
        'Kim',
        'male',
        16,
        'Copper Harbor, MI',
        'DEMO-TAG-0087',
        'registered',
        '10af9e2e-31e2-50d4-b12c-88e651c36175'
    ),
    (
        'e8fb8698-bff5-58ce-9fa6-02ab9d531e67',
        '0e45ee85-800c-4e1f-a95b-4b92462e790a',
        '8',
        'Sydney',
        'Nash',
        'female',
        17,
        'Copper Harbor, MI',
        'DEMO-TAG-0088',
        'registered',
        'd5b178c5-abb4-5cee-ad88-fd151ecb151e'
    ),
    (
        '7073f414-4cf4-50a2-a49d-f9acf2464ad1',
        '0e45ee85-800c-4e1f-a95b-4b92462e790a',
        '9',
        'Terry',
        'Quinn',
        'male',
        10,
        'Copper Harbor, MI',
        'DEMO-TAG-0089',
        'registered',
        '10af9e2e-31e2-50d4-b12c-88e651c36175'
    ),
    (
        'a8d1b477-c367-50ed-b98b-5e8b95f81316',
        '0e45ee85-800c-4e1f-a95b-4b92462e790a',
        '10',
        'Blair',
        'Torres',
        'female',
        11,
        'Copper Harbor, MI',
        'DEMO-TAG-0090',
        'registered',
        'd5b178c5-abb4-5cee-ad88-fd151ecb151e'
    ),
    (
        '275dc22d-0d69-5487-b299-94f6497bea51',
        '0e45ee85-800c-4e1f-a95b-4b92462e790a',
        '11',
        'Alex',
        'Rivera',
        'male',
        12,
        'Copper Harbor, MI',
        'DEMO-TAG-0091',
        'registered',
        '10af9e2e-31e2-50d4-b12c-88e651c36175'
    ),
    (
        'cfedd615-dd76-5d9d-8ca9-481ad3712ad2',
        '0e45ee85-800c-4e1f-a95b-4b92462e790a',
        '12',
        'Jordan',
        'Patel',
        'female',
        13,
        'Copper Harbor, MI',
        'DEMO-TAG-0092',
        'registered',
        'd5b178c5-abb4-5cee-ad88-fd151ecb151e'
    ),
    (
        'fe801d2c-8639-532e-be18-811be3add44b',
        '0e45ee85-800c-4e1f-a95b-4b92462e790a',
        '13',
        'Sam',
        'Sullivan',
        'male',
        14,
        'Copper Harbor, MI',
        'DEMO-TAG-0093',
        'registered',
        '10af9e2e-31e2-50d4-b12c-88e651c36175'
    ),
    (
        '69283a11-6ba4-5cee-9a97-c13eb30ca09c',
        '0e45ee85-800c-4e1f-a95b-4b92462e790a',
        '14',
        'Casey',
        'Berg',
        'female',
        15,
        'Copper Harbor, MI',
        'DEMO-TAG-0094',
        'registered',
        'd5b178c5-abb4-5cee-ad88-fd151ecb151e'
    ),
    (
        '7110bbaa-c232-54b9-b57b-ecac0e1e479f',
        '0e45ee85-800c-4e1f-a95b-4b92462e790a',
        '15',
        'Riley',
        'Ellis',
        'male',
        16,
        'Copper Harbor, MI',
        'DEMO-TAG-0095',
        'registered',
        '10af9e2e-31e2-50d4-b12c-88e651c36175'
    ),
    (
        '8eebecbd-50d8-5ed8-aa88-3af1b1cdbb5f',
        '0e45ee85-800c-4e1f-a95b-4b92462e790a',
        '16',
        'Morgan',
        'Hahn',
        'female',
        17,
        'Copper Harbor, MI',
        'DEMO-TAG-0096',
        'registered',
        'd5b178c5-abb4-5cee-ad88-fd151ecb151e'
    ),
    (
        '905aeb5f-49a9-5775-b3c6-bbdc45002cbf',
        '0e45ee85-800c-4e1f-a95b-4b92462e790a',
        '17',
        'Taylor',
        'Kim',
        'male',
        10,
        'Copper Harbor, MI',
        'DEMO-TAG-0097',
        'registered',
        '10af9e2e-31e2-50d4-b12c-88e651c36175'
    ),
    (
        '05bd29fd-9144-536c-b469-aa473abf48fb',
        '0e45ee85-800c-4e1f-a95b-4b92462e790a',
        '18',
        'Quinn',
        'Nash',
        'female',
        11,
        'Copper Harbor, MI',
        'DEMO-TAG-0098',
        'registered',
        'd5b178c5-abb4-5cee-ad88-fd151ecb151e'
    ),
    (
        '0314966e-e776-5310-8465-e4d565ffbe4d',
        '0e45ee85-800c-4e1f-a95b-4b92462e790a',
        '19',
        'Avery',
        'Quinn',
        'male',
        12,
        'Copper Harbor, MI',
        'DEMO-TAG-0099',
        'registered',
        '10af9e2e-31e2-50d4-b12c-88e651c36175'
    ),
    (
        'fd6d5dae-5fcd-5ad1-a9bd-3428f535ef4b',
        '0e45ee85-800c-4e1f-a95b-4b92462e790a',
        '20',
        'Parker',
        'Torres',
        'female',
        13,
        'Copper Harbor, MI',
        'DEMO-TAG-0100',
        'registered',
        'd5b178c5-abb4-5cee-ad88-fd151ecb151e'
    );

INSERT INTO rfid_tag_associations (id, participant_id, tag_uid, active)
VALUES
    ('d66826a2-fead-5c69-a4b1-f5f49911c769', '9fe78eeb-a21c-594a-acc2-7e1efe378201', 'DEMO-TAG-0001', true),
    ('de8fc402-9e4d-5e7f-bdc2-789eeaaed0e5', '43773bcb-164a-5458-b5f9-0c6598602c11', 'DEMO-TAG-0002', true),
    ('fe9f5816-e37c-563f-8b2e-11170924f23b', '02d91423-c3a7-55fd-bb00-b20952dacfc3', 'DEMO-TAG-0003', true),
    ('9a1fe625-aa62-503b-9ed3-2de589b6f8bb', 'eb512d28-e477-535d-8ab2-f8ebd3bcde7b', 'DEMO-TAG-0004', true),
    ('a86c4985-36f8-5e2b-b47e-d8aec25a9dfa', 'afb221c6-109d-5463-9256-2214c5a23e44', 'DEMO-TAG-0005', true),
    ('a1043a00-9426-51ba-a308-29e31a79ded4', 'd3565568-c5f5-5e80-953c-3d2964b490c3', 'DEMO-TAG-0006', true),
    ('3bd53502-a793-53f2-a5ea-96c1c883fefe', '1ff6258b-69e7-5975-abc5-7efd377f76eb', 'DEMO-TAG-0007', true),
    ('5b92d279-bcaf-54dc-948f-b0dcb268fc16', '873098a5-49c8-57e4-80c8-3e358db6d844', 'DEMO-TAG-0008', true),
    ('65f8a0f6-a3e8-5498-afc9-ad432ce0410b', 'a701fee9-7b09-5bf2-93d3-c29af24fc7ff', 'DEMO-TAG-0009', true),
    ('35b8d480-8a18-56dd-b15e-86b4ba846e17', 'bf1ccd1d-c4a0-5e9e-937d-4a85e5dffb71', 'DEMO-TAG-0010', true),
    ('4163d213-7b6a-5127-a38a-9a9a614d002b', 'a9554d22-1aa1-5027-b15e-c1b3f4b5e162', 'DEMO-TAG-0011', true),
    ('93a3239c-4875-52ed-92bb-7b8c3a531b2c', 'da62e16f-60e9-5469-a3ff-70f0921361cf', 'DEMO-TAG-0012', true),
    ('46a560f4-b029-5303-b017-5c6c846eeba8', '0ecc7650-6654-587c-b9e3-13bcd85ee73c', 'DEMO-TAG-0013', true),
    ('906e6edc-e7b9-5eb3-8326-f869923eb9fb', 'e5d10406-a0b6-5f06-aa6a-8783ba7579ab', 'DEMO-TAG-0014', true),
    ('3770bfa0-af02-5c10-ada4-682a19b4efa9', '67b4c696-9c8d-5d20-ae8c-2c65e5e27492', 'DEMO-TAG-0015', true),
    ('5ee6fdfb-e563-5803-98a5-1968dc5c860a', '5f5122fb-c602-5600-b394-109d16f8f249', 'DEMO-TAG-0016', true),
    ('2eaddf35-be8f-5b38-9dd9-6468aa13be89', 'ce6bdd58-e3cc-5fdf-a014-5fe02cf77ccb', 'DEMO-TAG-0017', true),
    ('0f4ebe60-0378-59ec-9022-1a2df979e43e', 'a35fdeb3-0287-51bd-9489-44014a5c137a', 'DEMO-TAG-0018', true),
    ('ad49fb5a-e10d-55b8-9214-78071e8784c4', '8f49da73-e71b-5fb3-a548-8337de791301', 'DEMO-TAG-0019', true),
    ('93b58eed-c448-54b7-bd2b-b8d82c911f80', '7662d05f-a4da-5f36-acef-2195dfb8f9d2', 'DEMO-TAG-0020', true),
    ('ec4f6f8f-463c-5ab0-8835-b9be97b19823', 'e223c88d-1f06-56cd-86aa-ad05a8192756', 'DEMO-TAG-0021', true),
    ('38860ed8-44d4-5e38-ad8a-950f91608231', 'e3a6eb05-2005-5635-8d0a-34eeb72f786b', 'DEMO-TAG-0022', true),
    ('9ae5a6a7-0595-5acc-8da6-13f0d3a18fee', '53802fb6-9328-5893-83e2-bb81ac1b543d', 'DEMO-TAG-0023', true),
    ('cdb43fe2-b3cb-5165-8369-22c3e8eedb62', '7efa7177-ab74-55a9-8ccd-5de2b5ef3af0', 'DEMO-TAG-0024', true),
    ('91d423e1-ef4f-5194-87d3-618220271dbf', '109828fe-49b3-51cb-8cd7-4a91dd14dda9', 'DEMO-TAG-0025', true),
    ('16b37308-56a7-5e6a-bc72-4d1e3cc88c38', 'f186cef7-b49f-5893-a434-de7e56f541e5', 'DEMO-TAG-0026', true),
    ('e39e139f-f1a7-51b5-af8c-48d534548e65', '5289cff2-fa97-5b67-bad3-398244256aad', 'DEMO-TAG-0027', true),
    ('0a3d74a1-8e0f-5786-bdad-ead8282f1de3', '478d65c5-9dc7-52af-8773-c90f8e894311', 'DEMO-TAG-0028', true),
    ('ecb9ca92-2404-5d62-af62-2b84a3b5bd20', '7c59d8b1-8e35-5710-a731-f47144cc5869', 'DEMO-TAG-0029', true),
    ('90f87dcb-3928-5ec4-ab5c-00ca7050571d', 'a3bfca67-50cc-5d74-a203-8caf2b75b584', 'DEMO-TAG-0030', true),
    ('6bfc702b-a6d5-5302-b0dd-9c2ceda66a87', '8d3643a1-329b-5aa5-b403-7822b6c82809', 'DEMO-TAG-0031', true),
    ('20969c99-0682-54ea-9230-4e275576e94d', '2c606011-bab1-5200-b000-5ec1708ec57d', 'DEMO-TAG-0032', true),
    ('47aec420-652d-5d80-a2ac-12bee2d2ef1f', '299ec1bd-5a56-5d78-b726-954be0c6ba04', 'DEMO-TAG-0033', true),
    ('bcaa847d-f458-5db1-9dc4-5a742f7dc9bc', '2a4ba48e-5404-5bb8-996f-c25b1d78051f', 'DEMO-TAG-0034', true),
    ('23740b52-b4d6-5ddf-b87b-da20d3c19106', '9130c4e9-0a1f-53c5-9976-3ecf2d37db39', 'DEMO-TAG-0035', true),
    ('5dd68e3a-25b7-5be5-908d-3e4f7f62f01f', '726b6114-8b20-599c-822b-34bb1adca5eb', 'DEMO-TAG-0036', true),
    ('61b11c53-c739-5ce9-b8b7-ca217d4977f3', '89b67273-e9d2-5b31-ac37-00d0e41e7016', 'DEMO-TAG-0037', true),
    ('882b7cce-e7b4-5dc7-a286-c28db8bf4bd9', '1a94a624-a626-5209-b5e3-c9db16d6bb2a', 'DEMO-TAG-0038', true),
    ('698e0eea-68fa-5a01-a4d0-eb680311f8a2', 'b7caea29-d1f8-5ccc-bd5c-bc44790ed483', 'DEMO-TAG-0039', true),
    ('9faa07c4-1743-5480-906e-717f2356604d', 'fb3460b6-9be9-573b-9b42-7223d791b34f', 'DEMO-TAG-0040', true),
    ('ea1a2d57-5175-5d94-b6d9-b488eba357b0', '20131e69-ae96-53a7-893b-eb9ef607a13e', 'DEMO-TAG-0041', true),
    ('45523d2b-f515-5380-9429-7b41c6d67fc8', 'd6175ced-34b0-5e69-9465-92fd28dfc2d6', 'DEMO-TAG-0042', true),
    ('091469cb-4c72-5244-9528-d851a5a0a418', 'c0c1e335-0d3c-59c5-89e0-5f8246f30a7a', 'DEMO-TAG-0043', true),
    ('5bec297f-6ba6-59c1-98b2-140b45348bfb', '0c21ee43-9595-5929-a40e-0dcae0cc1966', 'DEMO-TAG-0044', true),
    ('3093bfa0-a075-5990-99a5-9c529d22616b', '86f515e4-775c-54a6-82e8-0c002a30e518', 'DEMO-TAG-0045', true),
    ('bd5e6ece-1a9f-5e7b-954a-fffcf51b82a8', '70a8c4cf-a82b-5adf-aae1-8762cc8c4a19', 'DEMO-TAG-0046', true),
    ('c2c6f37d-ea84-59ba-aab3-c60c040ef561', 'bfd63b61-41ef-5433-8933-89c013a38d52', 'DEMO-TAG-0047', true),
    ('1713b2f6-b3a1-5a76-85ab-6c379920ab34', '64c608b8-9a6c-5436-8eac-6b460ec775f4', 'DEMO-TAG-0048', true),
    ('f8523306-a903-5147-b7a8-29498cbda9a6', 'af492e8a-d8e0-58bd-90d7-fd88655b3bee', 'DEMO-TAG-0049', true),
    ('8c170dc1-4172-5948-90de-d8e06f1c3303', '15065725-b16c-5b5f-af50-df526c98d168', 'DEMO-TAG-0050', true),
    ('8ddc08ff-1d81-5081-b8ba-cd2c500ba064', '02f14295-0533-5b7a-95d8-156bb658a4d4', 'DEMO-TAG-0051', true),
    ('eb205696-0a4b-530e-b539-906254f4d2bd', '64de1b66-abfa-50e6-b476-1d884275efcd', 'DEMO-TAG-0052', true),
    ('e2fe4e61-580b-5187-acfe-ecfab2a5538d', 'a6fdea4f-028e-530c-ade2-a98f6bad24de', 'DEMO-TAG-0053', true),
    ('ec374ba8-5e15-583d-90dd-24872d6d5352', '3bd003fd-c431-51b6-90be-c44420ec1d26', 'DEMO-TAG-0054', true),
    ('a1f47594-1489-5b7d-8e8d-fdad2318a74c', '135c0308-0f8e-57d6-96fc-3fdf7a790bca', 'DEMO-TAG-0055', true),
    ('9904ddaa-9451-5546-9ef3-0bc5d7faa106', 'ca82f774-f39c-531f-8e4a-af3c41cd4df1', 'DEMO-TAG-0056', true),
    ('281bd35e-fc96-5ada-9a6d-ba39d5f90b8a', '225e8e51-c4b0-5350-8f5b-a28591c5f226', 'DEMO-TAG-0057', true),
    ('e83788ed-73c0-582b-a477-f19279c7e468', '3413cc39-78aa-57b0-8b14-0d9c9a46295a', 'DEMO-TAG-0058', true),
    ('16c0131e-c47a-506a-893d-8917bc31a413', 'a3126ad3-bdce-56c0-8b29-1a35ddaee1ad', 'DEMO-TAG-0059', true),
    ('624f4562-df8d-5ba2-9549-0f8eb8b01a72', '7a46839f-e116-5e7e-9e50-3da64f0d9af7', 'DEMO-TAG-0060', true),
    ('dcf71b49-07cb-58dc-8e72-2b348485e7af', '0f96bf46-59bb-548c-a779-7c430de4dcb1', 'DEMO-TAG-0061', true),
    ('97af672a-542e-5538-9632-50a36af6d56c', 'c929ddf2-2c0a-5fea-bc7a-e9c6f5f13aed', 'DEMO-TAG-0062', true),
    ('f09617e3-00a0-5ac5-82b5-e5cfeacadacf', 'c6aa44b9-f649-57e4-b82a-0ae9f3d558eb', 'DEMO-TAG-0063', true),
    ('8cebe320-8948-5413-a3b4-f0ae15492ede', '284f1a59-d921-5dd4-beb0-bee2195c7706', 'DEMO-TAG-0064', true),
    ('33d81662-4832-52b5-a0b2-59bc91759a46', 'eafcb4eb-2fe2-5606-a849-ac15b31d6a8e', 'DEMO-TAG-0065', true),
    ('cbfa24c0-bb02-5fce-b0d9-46c63d200fed', '53539879-311a-5c10-8ecc-84fa4f793267', 'DEMO-TAG-0066', true),
    ('d4ae9061-8f9e-50a9-be4a-5791b3266ff4', 'daac878f-701f-50c1-909d-901bf576653a', 'DEMO-TAG-0067', true),
    ('e6e63e13-ba2e-5248-b021-63156d074531', '1bf028a5-e30e-54be-b867-4378c6b63675', 'DEMO-TAG-0068', true),
    ('d0d8b590-e736-584a-8dc6-fc2d4d2c6bb7', 'ad2aeb03-fd77-5348-9f7e-a3388d7e8277', 'DEMO-TAG-0069', true),
    ('eb7dc14f-b0ed-5acc-8a50-78279bec076b', 'b640dd57-fa5b-5154-9d16-a6362a54d268', 'DEMO-TAG-0070', true),
    ('4431ae1e-43b8-5063-b3b1-249b91adedde', '8acca88a-ec3a-5912-b8cb-3ade42b19137', 'DEMO-TAG-0071', true),
    ('7b6fe5fd-9534-5316-85c5-7e7c2c39e6f6', 'ba967050-23c5-5e2d-b935-4a85a9bdd786', 'DEMO-TAG-0072', true),
    ('d7df485e-7c91-548d-b9be-e8c5481326a0', '16723a77-52f3-5bbe-bebd-3257af7d5fbf', 'DEMO-TAG-0073', true),
    ('a6afe19b-90ed-5ff9-8078-e3efb8475654', '7fa8485f-6a3c-5599-8765-c79e31d7b2e4', 'DEMO-TAG-0074', true),
    ('59493703-a874-5e3b-9b9b-78e42cbe0654', 'e0082e1e-c04a-5fbc-b580-bb20b3159087', 'DEMO-TAG-0075', true),
    ('2d8554b8-78be-56a2-8d31-6183038ce0bb', 'c09f0334-6019-5b2f-8101-097ae9fcf66b', 'DEMO-TAG-0076', true),
    ('81b80c1d-5dd1-5a80-a9fd-5b83a229c5b7', 'f4d49eb8-a5fd-5768-b658-231be99df473', 'DEMO-TAG-0077', true),
    ('6032e245-dd48-5198-a033-667d75067d3e', 'ad08fdbb-3e44-56d5-9ef4-b8d845298e2a', 'DEMO-TAG-0078', true),
    ('ae54070c-39de-55a1-87be-db0588213991', '871e2fc0-dbf1-56f2-99ae-b50de72db288', 'DEMO-TAG-0079', true),
    ('508c0334-08ce-5f34-b00e-aeb0b922634a', '7186a467-89d1-563c-a1d8-511abe08eac9', 'DEMO-TAG-0080', true),
    ('62e8f286-48c9-5dc0-936f-acba83214fde', '96a091d0-86cb-525e-b0c0-ae9494163d99', 'DEMO-TAG-0081', true),
    ('0aa92576-fdd7-51fb-b079-8cde3e76a1ce', 'a93b1825-2234-55d8-b2a8-9595d63ae216', 'DEMO-TAG-0082', true),
    ('cff04949-99de-562a-b06f-91c0baf4fb43', '4362e21b-1790-51b3-ae17-01c76b557fc6', 'DEMO-TAG-0083', true),
    ('34edd16b-5546-5095-a2cd-4e0b76b50dee', '52f89057-e6e7-5a41-aa84-466dd792750b', 'DEMO-TAG-0084', true),
    ('c72545df-4cfa-5a30-93e7-bd6fe2eed5cf', 'a8e4bc4d-4304-5167-967a-95f478ea0343', 'DEMO-TAG-0085', true),
    ('2a260731-77b8-5d9a-8a2e-b53ac2fb99b7', '161e8b04-1143-5b50-bf85-2edc13983177', 'DEMO-TAG-0086', true),
    ('351fa97c-1088-5a6a-a121-3c1b83a5fcf9', '6736d461-d29d-5773-88bb-ae4bb70299e3', 'DEMO-TAG-0087', true),
    ('2255464f-4054-538c-9dfc-df319079a21f', 'e8fb8698-bff5-58ce-9fa6-02ab9d531e67', 'DEMO-TAG-0088', true),
    ('d928dd63-b999-5737-9b32-b97e760c9019', '7073f414-4cf4-50a2-a49d-f9acf2464ad1', 'DEMO-TAG-0089', true),
    ('be126db0-298a-5983-813c-c5c44d476ad5', 'a8d1b477-c367-50ed-b98b-5e8b95f81316', 'DEMO-TAG-0090', true),
    ('4716fda6-7040-58b6-87ad-724d507e5608', '275dc22d-0d69-5487-b299-94f6497bea51', 'DEMO-TAG-0091', true),
    ('617e6bb2-a89c-59a2-8851-9ce4d072cc3f', 'cfedd615-dd76-5d9d-8ca9-481ad3712ad2', 'DEMO-TAG-0092', true),
    ('3edff008-c696-511e-86ae-cc8e53729dd2', 'fe801d2c-8639-532e-be18-811be3add44b', 'DEMO-TAG-0093', true),
    ('5c11d1fe-f7df-5b99-a0d8-14c81ca58e64', '69283a11-6ba4-5cee-9a97-c13eb30ca09c', 'DEMO-TAG-0094', true),
    ('0e96e343-51ae-569b-8ea0-fcb296bdb04a', '7110bbaa-c232-54b9-b57b-ecac0e1e479f', 'DEMO-TAG-0095', true),
    ('82d67f1f-4042-5d41-b642-741d334748c3', '8eebecbd-50d8-5ed8-aa88-3af1b1cdbb5f', 'DEMO-TAG-0096', true),
    ('d77bebdb-0833-566c-8af7-950191c8443e', '905aeb5f-49a9-5775-b3c6-bbdc45002cbf', 'DEMO-TAG-0097', true),
    ('c7af9611-8f65-5828-a587-65e809678f06', '05bd29fd-9144-536c-b469-aa473abf48fb', 'DEMO-TAG-0098', true),
    ('1b84ecbb-30ea-56ad-af8f-a918e7465e05', '0314966e-e776-5310-8465-e4d565ffbe4d', 'DEMO-TAG-0099', true),
    ('5a292513-d5f1-51b8-be02-74586db25a56', 'fd6d5dae-5fcd-5ad1-a9bd-3428f535ef4b', 'DEMO-TAG-0100', true);

COMMIT;
