-- All You Can East Bluffet 2026 (2026-08-01, East Bluff Bike Park, Copper Harbor, MI)
-- Source: https://www.copperharbortrails.org/bluffet
-- Regenerate: python database/seed/generate_bluffet_seed.py
--
-- Deterministic UUIDs (event/races match frontend/e2e/fixtures/rfid.ts BLUFFET)
-- 3 races: 30 Minute (30m, 08:00), 15 Minute (15m, 08:00), 5-Minute Kids (5m, 15:00) America/Detroit
-- Categories: Intermediate/Advanced × Men/Women (12h/6h); Men/Women (kids)
-- 100 participants with category_id + deterministic tag UUIDs (uuid5)
-- Requires: database/migrations/04-rfid-scanner.sql (category_id, rfid_tag_associations)

BEGIN;

-- Event id: 1441674d-a011-471a-a601-722b88b117f5

-- Clean prior Bluffet seed (order respects FKs)
DELETE FROM rfid_tag_associations WHERE participant_id IN (
    SELECT p.id FROM participants p
    WHERE p.race_id IN (
    SELECT r.id FROM races r
    JOIN events e ON r.event_id = e.id
    WHERE e.name = 'All You Can East Bluffet'
    )
);
DELETE FROM participants WHERE race_id IN (
    SELECT r.id FROM races r
    JOIN events e ON r.event_id = e.id
    WHERE e.name = 'All You Can East Bluffet'
);
DELETE FROM categories WHERE race_id IN (
    SELECT r.id FROM races r
    JOIN events e ON r.event_id = e.id
    WHERE e.name = 'All You Can East Bluffet'
);
DELETE FROM timing_checkpoints WHERE race_id IN (
    SELECT r.id FROM races r
    JOIN events e ON r.event_id = e.id
    WHERE e.name = 'All You Can East Bluffet'
);
DELETE FROM races WHERE event_id IN (
    SELECT e.id FROM events e
    WHERE e.name = 'All You Can East Bluffet'
);
DELETE FROM events WHERE name = 'All You Can East Bluffet';

INSERT INTO events (id, name, description, event_date, location, website_url, logo_url, status)
VALUES (
    '1441674d-a011-471a-a601-722b88b117f5',
    'All You Can East Bluffet',
    'Feast on the Copper Harbor Trails Club''s newest event - a brand new endurance enduro at East Bluff Bike Park. Spin the wheel, shred the trails, and push your limits all day long! Advanced, intermediate, and kids classes with 6- and 12-hour options plus a 90-minute kids race. Pedal to the top, spin the mountain bike wheel for your trail, punch your race plate, and repeat. Registration at copperharbortrails.org/bluffet.',
    '2026-08-01',
    'East Bluff Bike Park, Mandan Road, Copper Harbor, MI 49918',
    'https://www.copperharbortrails.org/bluffet',
    '/images/bluffet-2026-logo.png',
    'upcoming'
);

INSERT INTO races (id, event_id, name, race_type, distance_km, duration_minutes, start_time, status)
VALUES
    (
        '17da3ba1-2e09-4eb1-aeb3-d9dd5b6a394e',
        '1441674d-a011-471a-a601-722b88b117f5',
        '30 Minute',
        'lap_based',
        NULL,
        30,
        '2026-08-01 08:00:00-04',  -- America/Detroit
        'scheduled'
    ),
    (
        '209769a1-f723-4f70-ae90-466a46338684',
        '1441674d-a011-471a-a601-722b88b117f5',
        '15 Minute',
        'lap_based',
        NULL,
        15,
        '2026-08-01 08:00:00-04',  -- America/Detroit
        'scheduled'
    ),
    (
        '0e45ee85-800c-4e1f-a95b-4b92462e790a',
        '1441674d-a011-471a-a601-722b88b117f5',
        '5-Minute Kids',
        'lap_based',
        NULL,
        5,
        '2026-08-01 15:00:00-04',  -- America/Detroit
        'scheduled'
    );

INSERT INTO timing_checkpoints (id, race_id, name, checkpoint_type, distance_from_start_km, location_description, is_active)
VALUES
    ('c9ef4f76-8851-5cf6-a10a-7ed48b6f8b78', '17da3ba1-2e09-4eb1-aeb3-d9dd5b6a394e', 'Start Line', 'start', 0.00, 'Bottom of East Bluff (Flo-Rion, Dueling Banjos)', true),
    ('81ca12c0-dfec-512e-b605-7e1dfbcb63f5', '17da3ba1-2e09-4eb1-aeb3-d9dd5b6a394e', 'Lap Check', 'finish', NULL, 'Bottom of East Bluff (Flo-Rion, Dueling Banjos) — race trackers', true),
    ('32283593-3538-5e7f-804f-8e4d65f82752', '209769a1-f723-4f70-ae90-466a46338684', 'Start Line', 'start', 0.00, 'Bottom of East Bluff (Flo-Rion, Dueling Banjos)', true),
    ('5b7e8d76-8cc4-5e17-9147-9ed99a8df6fa', '209769a1-f723-4f70-ae90-466a46338684', 'Lap Check', 'finish', NULL, 'Bottom of East Bluff (Flo-Rion, Dueling Banjos) — race trackers', true),
    ('6be812e7-6991-5f35-a69f-ad81a90591c9', '0e45ee85-800c-4e1f-a95b-4b92462e790a', 'Start Line', 'start', 0.00, 'Bottom of East Bluff Campground Rd', true),
    ('31b14fd1-a863-57e1-b90f-45f1593cdd49', '0e45ee85-800c-4e1f-a95b-4b92462e790a', 'Lap Check', 'finish', NULL, 'Bottom of East Bluff Campground Rd — race trackers', true);

INSERT INTO categories (id, race_id, name, category_type, age_min, age_max, gender_filter, display_order)
VALUES
    ('6d2d19e6-0552-5dca-ae67-d1189221fed9', '17da3ba1-2e09-4eb1-aeb3-d9dd5b6a394e', 'Intermediate Men', 'custom', NULL, NULL, 'male', 0),
    ('0b21d8e0-efa9-578d-a28d-d1577edb82a1', '17da3ba1-2e09-4eb1-aeb3-d9dd5b6a394e', 'Intermediate Women', 'custom', NULL, NULL, 'female', 1),
    ('0955464d-0cfc-538a-acee-3f64881ee303', '17da3ba1-2e09-4eb1-aeb3-d9dd5b6a394e', 'Advanced Men', 'custom', NULL, NULL, 'male', 2),
    ('67ab277e-1cea-5df2-bd09-f631c32ae219', '17da3ba1-2e09-4eb1-aeb3-d9dd5b6a394e', 'Advanced Women', 'custom', NULL, NULL, 'female', 3),
    ('c671ab5b-b5b5-58c3-b836-115888c9d27c', '209769a1-f723-4f70-ae90-466a46338684', 'Intermediate Men', 'custom', NULL, NULL, 'male', 0),
    ('6221ba18-7fb8-50a2-8ed0-42d03cdecdc8', '209769a1-f723-4f70-ae90-466a46338684', 'Intermediate Women', 'custom', NULL, NULL, 'female', 1),
    ('3f8a220c-928f-5e64-b6e4-69af3a5313ab', '209769a1-f723-4f70-ae90-466a46338684', 'Advanced Men', 'custom', NULL, NULL, 'male', 2),
    ('fe373fcc-be7a-50ad-b874-2b0c4184e4cd', '209769a1-f723-4f70-ae90-466a46338684', 'Advanced Women', 'custom', NULL, NULL, 'female', 3),
    ('10af9e2e-31e2-50d4-b12c-88e651c36175', '0e45ee85-800c-4e1f-a95b-4b92462e790a', 'Men', 'male', NULL, NULL, 'male', 0),
    ('d5b178c5-abb4-5cee-ad88-fd151ecb151e', '0e45ee85-800c-4e1f-a95b-4b92462e790a', 'Women', 'female', NULL, NULL, 'female', 1);

-- participants.category_id + rfid_tag_uid (migration 04); associations table for multi-tag lookups
INSERT INTO participants (id, race_id, bib_number, first_name, last_name, gender, age, location, rfid_tag_uid, status, category_id)
VALUES
    (
        '9fe78eeb-a21c-594a-acc2-7e1efe378201',
        '17da3ba1-2e09-4eb1-aeb3-d9dd5b6a394e',
        '1',
        'Alex',
        'Rivera',
        'male',
        25,
        'Copper Harbor, MI',
        '23657b2d-aa08-5fe8-8553-e9e3affb4678',
        'registered',
        '6d2d19e6-0552-5dca-ae67-d1189221fed9'
    ),
    (
        '43773bcb-164a-5458-b5f9-0c6598602c11',
        '17da3ba1-2e09-4eb1-aeb3-d9dd5b6a394e',
        '2',
        'Jordan',
        'Patel',
        'female',
        26,
        'Copper Harbor, MI',
        'bdfd9257-7f51-5012-a9b1-a36617846ce5',
        'registered',
        '0b21d8e0-efa9-578d-a28d-d1577edb82a1'
    ),
    (
        '02d91423-c3a7-55fd-bb00-b20952dacfc3',
        '17da3ba1-2e09-4eb1-aeb3-d9dd5b6a394e',
        '3',
        'Sam',
        'Sullivan',
        'male',
        27,
        'Copper Harbor, MI',
        'cb60c4cd-8c3e-5bbb-be05-e3f6f34c6313',
        'registered',
        '0955464d-0cfc-538a-acee-3f64881ee303'
    ),
    (
        'eb512d28-e477-535d-8ab2-f8ebd3bcde7b',
        '17da3ba1-2e09-4eb1-aeb3-d9dd5b6a394e',
        '4',
        'Casey',
        'Berg',
        'female',
        28,
        'Copper Harbor, MI',
        '5f5ce6ea-49fe-50f3-a456-292a9b7a7739',
        'registered',
        '67ab277e-1cea-5df2-bd09-f631c32ae219'
    ),
    (
        'afb221c6-109d-5463-9256-2214c5a23e44',
        '17da3ba1-2e09-4eb1-aeb3-d9dd5b6a394e',
        '5',
        'Riley',
        'Ellis',
        'male',
        29,
        'Copper Harbor, MI',
        'f453bea8-b5f7-5e10-8a5e-02df72ffb3d3',
        'registered',
        '6d2d19e6-0552-5dca-ae67-d1189221fed9'
    ),
    (
        'd3565568-c5f5-5e80-953c-3d2964b490c3',
        '17da3ba1-2e09-4eb1-aeb3-d9dd5b6a394e',
        '6',
        'Morgan',
        'Hahn',
        'female',
        30,
        'Copper Harbor, MI',
        'df188aaa-0613-5a1a-8e13-afc970517b17',
        'registered',
        '0b21d8e0-efa9-578d-a28d-d1577edb82a1'
    ),
    (
        '1ff6258b-69e7-5975-abc5-7efd377f76eb',
        '17da3ba1-2e09-4eb1-aeb3-d9dd5b6a394e',
        '7',
        'Taylor',
        'Kim',
        'male',
        31,
        'Copper Harbor, MI',
        '5a588d9b-ce9e-565e-b463-4eaeeb594733',
        'registered',
        '0955464d-0cfc-538a-acee-3f64881ee303'
    ),
    (
        '873098a5-49c8-57e4-80c8-3e358db6d844',
        '17da3ba1-2e09-4eb1-aeb3-d9dd5b6a394e',
        '8',
        'Quinn',
        'Nash',
        'female',
        32,
        'Copper Harbor, MI',
        'ec5b4e7a-477c-5efc-accf-92db43b16e44',
        'registered',
        '67ab277e-1cea-5df2-bd09-f631c32ae219'
    ),
    (
        'a701fee9-7b09-5bf2-93d3-c29af24fc7ff',
        '17da3ba1-2e09-4eb1-aeb3-d9dd5b6a394e',
        '9',
        'Avery',
        'Quinn',
        'male',
        33,
        'Copper Harbor, MI',
        '1a235e31-47c0-5450-bdf1-2992c5f051e5',
        'registered',
        '6d2d19e6-0552-5dca-ae67-d1189221fed9'
    ),
    (
        'bf1ccd1d-c4a0-5e9e-937d-4a85e5dffb71',
        '17da3ba1-2e09-4eb1-aeb3-d9dd5b6a394e',
        '10',
        'Parker',
        'Torres',
        'female',
        34,
        'Copper Harbor, MI',
        'b3be2ee7-fb23-5167-a59e-3b28006256af',
        'registered',
        '0b21d8e0-efa9-578d-a28d-d1577edb82a1'
    ),
    (
        'a9554d22-1aa1-5027-b15e-c1b3f4b5e162',
        '17da3ba1-2e09-4eb1-aeb3-d9dd5b6a394e',
        '11',
        'Reese',
        'Rivera',
        'male',
        35,
        'Copper Harbor, MI',
        'b8bddad2-debb-57d5-9680-0c340a632127',
        'registered',
        '0955464d-0cfc-538a-acee-3f64881ee303'
    ),
    (
        'da62e16f-60e9-5469-a3ff-70f0921361cf',
        '17da3ba1-2e09-4eb1-aeb3-d9dd5b6a394e',
        '12',
        'Skyler',
        'Patel',
        'female',
        36,
        'Copper Harbor, MI',
        'cbf6cc27-d767-5d28-a621-a6e6597b2986',
        'registered',
        '67ab277e-1cea-5df2-bd09-f631c32ae219'
    ),
    (
        '0ecc7650-6654-587c-b9e3-13bcd85ee73c',
        '17da3ba1-2e09-4eb1-aeb3-d9dd5b6a394e',
        '13',
        'Cameron',
        'Sullivan',
        'male',
        37,
        'Copper Harbor, MI',
        '794f6cde-1a23-573a-b637-17dcfd54f368',
        'registered',
        '6d2d19e6-0552-5dca-ae67-d1189221fed9'
    ),
    (
        'e5d10406-a0b6-5f06-aa6a-8783ba7579ab',
        '17da3ba1-2e09-4eb1-aeb3-d9dd5b6a394e',
        '14',
        'Drew',
        'Berg',
        'female',
        38,
        'Copper Harbor, MI',
        'ced484ce-118f-5097-83ee-33ceeb64a30a',
        'registered',
        '0b21d8e0-efa9-578d-a28d-d1577edb82a1'
    ),
    (
        '67b4c696-9c8d-5d20-ae8c-2c65e5e27492',
        '17da3ba1-2e09-4eb1-aeb3-d9dd5b6a394e',
        '15',
        'Emerson',
        'Ellis',
        'male',
        39,
        'Copper Harbor, MI',
        '4a2f5aa2-f629-5a2f-8757-12272a388b8b',
        'registered',
        '0955464d-0cfc-538a-acee-3f64881ee303'
    ),
    (
        '5f5122fb-c602-5600-b394-109d16f8f249',
        '17da3ba1-2e09-4eb1-aeb3-d9dd5b6a394e',
        '16',
        'Finley',
        'Hahn',
        'female',
        40,
        'Copper Harbor, MI',
        '420d3a34-b045-57e2-8694-e760f53002a5',
        'registered',
        '67ab277e-1cea-5df2-bd09-f631c32ae219'
    ),
    (
        'ce6bdd58-e3cc-5fdf-a014-5fe02cf77ccb',
        '17da3ba1-2e09-4eb1-aeb3-d9dd5b6a394e',
        '17',
        'Harper',
        'Kim',
        'male',
        41,
        'Copper Harbor, MI',
        'd04d0a60-3467-5896-8d27-7025338e199c',
        'registered',
        '6d2d19e6-0552-5dca-ae67-d1189221fed9'
    ),
    (
        'a35fdeb3-0287-51bd-9489-44014a5c137a',
        '17da3ba1-2e09-4eb1-aeb3-d9dd5b6a394e',
        '18',
        'Hayden',
        'Nash',
        'female',
        42,
        'Copper Harbor, MI',
        '63d20a18-79ed-584d-bd69-2a324a7e084b',
        'registered',
        '0b21d8e0-efa9-578d-a28d-d1577edb82a1'
    ),
    (
        '8f49da73-e71b-5fb3-a548-8337de791301',
        '17da3ba1-2e09-4eb1-aeb3-d9dd5b6a394e',
        '19',
        'Jamie',
        'Quinn',
        'male',
        43,
        'Copper Harbor, MI',
        '2b7c8daf-abff-5d9d-b7ae-c4545b90e536',
        'registered',
        '0955464d-0cfc-538a-acee-3f64881ee303'
    ),
    (
        '7662d05f-a4da-5f36-acef-2195dfb8f9d2',
        '17da3ba1-2e09-4eb1-aeb3-d9dd5b6a394e',
        '20',
        'Kai',
        'Torres',
        'female',
        44,
        'Copper Harbor, MI',
        '6f4400de-f2a5-5497-8fd5-4e01cf8c2bb4',
        'registered',
        '67ab277e-1cea-5df2-bd09-f631c32ae219'
    ),
    (
        'e223c88d-1f06-56cd-86aa-ad05a8192756',
        '17da3ba1-2e09-4eb1-aeb3-d9dd5b6a394e',
        '21',
        'Logan',
        'Rivera',
        'male',
        45,
        'Copper Harbor, MI',
        '0a2d1817-304b-5104-9a74-a935409b170e',
        'registered',
        '6d2d19e6-0552-5dca-ae67-d1189221fed9'
    ),
    (
        'e3a6eb05-2005-5635-8d0a-34eeb72f786b',
        '17da3ba1-2e09-4eb1-aeb3-d9dd5b6a394e',
        '22',
        'Noah',
        'Patel',
        'female',
        46,
        'Copper Harbor, MI',
        '30e626be-8e28-5580-8fb8-91cbd0516134',
        'registered',
        '0b21d8e0-efa9-578d-a28d-d1577edb82a1'
    ),
    (
        '53802fb6-9328-5893-83e2-bb81ac1b543d',
        '17da3ba1-2e09-4eb1-aeb3-d9dd5b6a394e',
        '23',
        'Owen',
        'Sullivan',
        'male',
        47,
        'Copper Harbor, MI',
        'fcafa7d0-5957-5d3c-bba5-72a53917a16c',
        'registered',
        '0955464d-0cfc-538a-acee-3f64881ee303'
    ),
    (
        '7efa7177-ab74-55a9-8ccd-5de2b5ef3af0',
        '17da3ba1-2e09-4eb1-aeb3-d9dd5b6a394e',
        '24',
        'Peyton',
        'Berg',
        'female',
        48,
        'Copper Harbor, MI',
        'dbd73741-f43e-53b3-8409-36910c2d3c4a',
        'registered',
        '67ab277e-1cea-5df2-bd09-f631c32ae219'
    ),
    (
        '109828fe-49b3-51cb-8cd7-4a91dd14dda9',
        '17da3ba1-2e09-4eb1-aeb3-d9dd5b6a394e',
        '25',
        'River',
        'Ellis',
        'male',
        49,
        'Copper Harbor, MI',
        'edcce386-433d-5f6d-ba6e-37b4cb2b2425',
        'registered',
        '6d2d19e6-0552-5dca-ae67-d1189221fed9'
    ),
    (
        'f186cef7-b49f-5893-a434-de7e56f541e5',
        '17da3ba1-2e09-4eb1-aeb3-d9dd5b6a394e',
        '26',
        'Sage',
        'Hahn',
        'female',
        50,
        'Copper Harbor, MI',
        '1f39b4e5-2fa6-51e4-85c9-3b65a4d429a7',
        'registered',
        '0b21d8e0-efa9-578d-a28d-d1577edb82a1'
    ),
    (
        '5289cff2-fa97-5b67-bad3-398244256aad',
        '17da3ba1-2e09-4eb1-aeb3-d9dd5b6a394e',
        '27',
        'Shawn',
        'Kim',
        'male',
        51,
        'Copper Harbor, MI',
        'e910ce5c-4488-5d34-b0d7-54e92ccfa851',
        'registered',
        '0955464d-0cfc-538a-acee-3f64881ee303'
    ),
    (
        '478d65c5-9dc7-52af-8773-c90f8e894311',
        '17da3ba1-2e09-4eb1-aeb3-d9dd5b6a394e',
        '28',
        'Sydney',
        'Nash',
        'female',
        52,
        'Copper Harbor, MI',
        '4d40ef7a-585e-5090-8280-55be5e510bc9',
        'registered',
        '67ab277e-1cea-5df2-bd09-f631c32ae219'
    ),
    (
        '7c59d8b1-8e35-5710-a731-f47144cc5869',
        '17da3ba1-2e09-4eb1-aeb3-d9dd5b6a394e',
        '29',
        'Terry',
        'Quinn',
        'male',
        53,
        'Copper Harbor, MI',
        'd5128fc7-78d4-5843-a808-dca27d1e21c4',
        'registered',
        '6d2d19e6-0552-5dca-ae67-d1189221fed9'
    ),
    (
        'a3bfca67-50cc-5d74-a203-8caf2b75b584',
        '17da3ba1-2e09-4eb1-aeb3-d9dd5b6a394e',
        '30',
        'Blair',
        'Torres',
        'female',
        54,
        'Copper Harbor, MI',
        'c5c9c23d-2b39-53eb-a469-4befc048ab6a',
        'registered',
        '0b21d8e0-efa9-578d-a28d-d1577edb82a1'
    ),
    (
        '8d3643a1-329b-5aa5-b403-7822b6c82809',
        '17da3ba1-2e09-4eb1-aeb3-d9dd5b6a394e',
        '31',
        'Alex',
        'Rivera',
        'male',
        25,
        'Copper Harbor, MI',
        '4639c5f6-b420-5131-b4e4-e9529d1827ed',
        'registered',
        '0955464d-0cfc-538a-acee-3f64881ee303'
    ),
    (
        '2c606011-bab1-5200-b000-5ec1708ec57d',
        '17da3ba1-2e09-4eb1-aeb3-d9dd5b6a394e',
        '32',
        'Jordan',
        'Patel',
        'female',
        26,
        'Copper Harbor, MI',
        'ab86f7cb-c39d-5ff3-8419-6f82ec458cb3',
        'registered',
        '67ab277e-1cea-5df2-bd09-f631c32ae219'
    ),
    (
        '299ec1bd-5a56-5d78-b726-954be0c6ba04',
        '17da3ba1-2e09-4eb1-aeb3-d9dd5b6a394e',
        '33',
        'Sam',
        'Sullivan',
        'male',
        27,
        'Copper Harbor, MI',
        '816e8636-4a0a-5cb6-a216-ff4cabc9d218',
        'registered',
        '6d2d19e6-0552-5dca-ae67-d1189221fed9'
    ),
    (
        '2a4ba48e-5404-5bb8-996f-c25b1d78051f',
        '17da3ba1-2e09-4eb1-aeb3-d9dd5b6a394e',
        '34',
        'Casey',
        'Berg',
        'female',
        28,
        'Copper Harbor, MI',
        'bc335cf7-e3a9-5d01-b9f9-98307ae5360f',
        'registered',
        '0b21d8e0-efa9-578d-a28d-d1577edb82a1'
    ),
    (
        '9130c4e9-0a1f-53c5-9976-3ecf2d37db39',
        '17da3ba1-2e09-4eb1-aeb3-d9dd5b6a394e',
        '35',
        'Riley',
        'Ellis',
        'male',
        29,
        'Copper Harbor, MI',
        '57e1a0a8-147c-5d86-8db2-268d6ce1ae65',
        'registered',
        '0955464d-0cfc-538a-acee-3f64881ee303'
    ),
    (
        '726b6114-8b20-599c-822b-34bb1adca5eb',
        '17da3ba1-2e09-4eb1-aeb3-d9dd5b6a394e',
        '36',
        'Morgan',
        'Hahn',
        'female',
        30,
        'Copper Harbor, MI',
        '0e9afa61-b87e-5c82-96fd-76d5560ea4d8',
        'registered',
        '67ab277e-1cea-5df2-bd09-f631c32ae219'
    ),
    (
        '89b67273-e9d2-5b31-ac37-00d0e41e7016',
        '17da3ba1-2e09-4eb1-aeb3-d9dd5b6a394e',
        '37',
        'Taylor',
        'Kim',
        'male',
        31,
        'Copper Harbor, MI',
        '18569fa9-67d2-5028-ae4e-ae86083b00bb',
        'registered',
        '6d2d19e6-0552-5dca-ae67-d1189221fed9'
    ),
    (
        '1a94a624-a626-5209-b5e3-c9db16d6bb2a',
        '17da3ba1-2e09-4eb1-aeb3-d9dd5b6a394e',
        '38',
        'Quinn',
        'Nash',
        'female',
        32,
        'Copper Harbor, MI',
        '03b34ec4-7dc9-5b5a-8303-7d89583df10a',
        'registered',
        '0b21d8e0-efa9-578d-a28d-d1577edb82a1'
    ),
    (
        'b7caea29-d1f8-5ccc-bd5c-bc44790ed483',
        '17da3ba1-2e09-4eb1-aeb3-d9dd5b6a394e',
        '39',
        'Avery',
        'Quinn',
        'male',
        33,
        'Copper Harbor, MI',
        'f95f0104-f460-5689-930a-33ad6205c556',
        'registered',
        '0955464d-0cfc-538a-acee-3f64881ee303'
    ),
    (
        'fb3460b6-9be9-573b-9b42-7223d791b34f',
        '17da3ba1-2e09-4eb1-aeb3-d9dd5b6a394e',
        '40',
        'Parker',
        'Torres',
        'female',
        34,
        'Copper Harbor, MI',
        '8e8e9cea-6994-52c2-a0e5-4d30e35bcb7c',
        'registered',
        '67ab277e-1cea-5df2-bd09-f631c32ae219'
    ),
    (
        '20131e69-ae96-53a7-893b-eb9ef607a13e',
        '209769a1-f723-4f70-ae90-466a46338684',
        '1',
        'Reese',
        'Rivera',
        'male',
        25,
        'Copper Harbor, MI',
        '2fe0e039-60a4-50a8-90af-e14ff61371fc',
        'registered',
        'c671ab5b-b5b5-58c3-b836-115888c9d27c'
    ),
    (
        'd6175ced-34b0-5e69-9465-92fd28dfc2d6',
        '209769a1-f723-4f70-ae90-466a46338684',
        '2',
        'Skyler',
        'Patel',
        'female',
        26,
        'Copper Harbor, MI',
        '439a0299-19f1-5900-ba39-a72dd0a5ca6f',
        'registered',
        '6221ba18-7fb8-50a2-8ed0-42d03cdecdc8'
    ),
    (
        'c0c1e335-0d3c-59c5-89e0-5f8246f30a7a',
        '209769a1-f723-4f70-ae90-466a46338684',
        '3',
        'Cameron',
        'Sullivan',
        'male',
        27,
        'Copper Harbor, MI',
        'a7cabc60-6dfd-5639-9c01-ce9d19dabe53',
        'registered',
        '3f8a220c-928f-5e64-b6e4-69af3a5313ab'
    ),
    (
        '0c21ee43-9595-5929-a40e-0dcae0cc1966',
        '209769a1-f723-4f70-ae90-466a46338684',
        '4',
        'Drew',
        'Berg',
        'female',
        28,
        'Copper Harbor, MI',
        '1bb23b31-2f76-5444-99b4-9fd66d157d4d',
        'registered',
        'fe373fcc-be7a-50ad-b874-2b0c4184e4cd'
    ),
    (
        '86f515e4-775c-54a6-82e8-0c002a30e518',
        '209769a1-f723-4f70-ae90-466a46338684',
        '5',
        'Emerson',
        'Ellis',
        'male',
        29,
        'Copper Harbor, MI',
        '6cf5877a-7865-56ce-9bcb-a16bd1ae2949',
        'registered',
        'c671ab5b-b5b5-58c3-b836-115888c9d27c'
    ),
    (
        '70a8c4cf-a82b-5adf-aae1-8762cc8c4a19',
        '209769a1-f723-4f70-ae90-466a46338684',
        '6',
        'Finley',
        'Hahn',
        'female',
        30,
        'Copper Harbor, MI',
        '6b935e8a-8d02-59fb-abb6-3500ba034be7',
        'registered',
        '6221ba18-7fb8-50a2-8ed0-42d03cdecdc8'
    ),
    (
        'bfd63b61-41ef-5433-8933-89c013a38d52',
        '209769a1-f723-4f70-ae90-466a46338684',
        '7',
        'Harper',
        'Kim',
        'male',
        31,
        'Copper Harbor, MI',
        '64018171-b4b9-51c6-9001-e006adbda626',
        'registered',
        '3f8a220c-928f-5e64-b6e4-69af3a5313ab'
    ),
    (
        '64c608b8-9a6c-5436-8eac-6b460ec775f4',
        '209769a1-f723-4f70-ae90-466a46338684',
        '8',
        'Hayden',
        'Nash',
        'female',
        32,
        'Copper Harbor, MI',
        '129fdbd5-e842-5ed9-a2b9-8e2caef3c1b0',
        'registered',
        'fe373fcc-be7a-50ad-b874-2b0c4184e4cd'
    ),
    (
        'af492e8a-d8e0-58bd-90d7-fd88655b3bee',
        '209769a1-f723-4f70-ae90-466a46338684',
        '9',
        'Jamie',
        'Quinn',
        'male',
        33,
        'Copper Harbor, MI',
        'bec79fcd-7625-5812-9f5e-2da534d9abc7',
        'registered',
        'c671ab5b-b5b5-58c3-b836-115888c9d27c'
    ),
    (
        '15065725-b16c-5b5f-af50-df526c98d168',
        '209769a1-f723-4f70-ae90-466a46338684',
        '10',
        'Kai',
        'Torres',
        'female',
        34,
        'Copper Harbor, MI',
        '2e24b149-0a3f-54f7-a6b5-94d0dba88f16',
        'registered',
        '6221ba18-7fb8-50a2-8ed0-42d03cdecdc8'
    ),
    (
        '02f14295-0533-5b7a-95d8-156bb658a4d4',
        '209769a1-f723-4f70-ae90-466a46338684',
        '11',
        'Logan',
        'Rivera',
        'male',
        35,
        'Copper Harbor, MI',
        '2c1700f9-cb3d-586b-b811-cdc0b5db1069',
        'registered',
        '3f8a220c-928f-5e64-b6e4-69af3a5313ab'
    ),
    (
        '64de1b66-abfa-50e6-b476-1d884275efcd',
        '209769a1-f723-4f70-ae90-466a46338684',
        '12',
        'Noah',
        'Patel',
        'female',
        36,
        'Copper Harbor, MI',
        '309f684f-7c61-562e-aa9a-c608153c7b58',
        'registered',
        'fe373fcc-be7a-50ad-b874-2b0c4184e4cd'
    ),
    (
        'a6fdea4f-028e-530c-ade2-a98f6bad24de',
        '209769a1-f723-4f70-ae90-466a46338684',
        '13',
        'Owen',
        'Sullivan',
        'male',
        37,
        'Copper Harbor, MI',
        '0582d989-ac53-5303-ae80-c83d3156720e',
        'registered',
        'c671ab5b-b5b5-58c3-b836-115888c9d27c'
    ),
    (
        '3bd003fd-c431-51b6-90be-c44420ec1d26',
        '209769a1-f723-4f70-ae90-466a46338684',
        '14',
        'Peyton',
        'Berg',
        'female',
        38,
        'Copper Harbor, MI',
        'd9b628af-a0ef-57f0-8fab-50a32f02514b',
        'registered',
        '6221ba18-7fb8-50a2-8ed0-42d03cdecdc8'
    ),
    (
        '135c0308-0f8e-57d6-96fc-3fdf7a790bca',
        '209769a1-f723-4f70-ae90-466a46338684',
        '15',
        'River',
        'Ellis',
        'male',
        39,
        'Copper Harbor, MI',
        '7cfc6e56-9e16-54c5-8655-1b9397e54bb3',
        'registered',
        '3f8a220c-928f-5e64-b6e4-69af3a5313ab'
    ),
    (
        'ca82f774-f39c-531f-8e4a-af3c41cd4df1',
        '209769a1-f723-4f70-ae90-466a46338684',
        '16',
        'Sage',
        'Hahn',
        'female',
        40,
        'Copper Harbor, MI',
        '55e47778-2454-5d9b-beeb-248053efa8e5',
        'registered',
        'fe373fcc-be7a-50ad-b874-2b0c4184e4cd'
    ),
    (
        '225e8e51-c4b0-5350-8f5b-a28591c5f226',
        '209769a1-f723-4f70-ae90-466a46338684',
        '17',
        'Shawn',
        'Kim',
        'male',
        41,
        'Copper Harbor, MI',
        'b8a3eacc-835f-5f95-b093-d145a5e8d34b',
        'registered',
        'c671ab5b-b5b5-58c3-b836-115888c9d27c'
    ),
    (
        '3413cc39-78aa-57b0-8b14-0d9c9a46295a',
        '209769a1-f723-4f70-ae90-466a46338684',
        '18',
        'Sydney',
        'Nash',
        'female',
        42,
        'Copper Harbor, MI',
        'e52f0a1f-f949-5cf9-a440-b36004a75baf',
        'registered',
        '6221ba18-7fb8-50a2-8ed0-42d03cdecdc8'
    ),
    (
        'a3126ad3-bdce-56c0-8b29-1a35ddaee1ad',
        '209769a1-f723-4f70-ae90-466a46338684',
        '19',
        'Terry',
        'Quinn',
        'male',
        43,
        'Copper Harbor, MI',
        'f05ded88-ae84-5252-97a4-30ff1c2d77e4',
        'registered',
        '3f8a220c-928f-5e64-b6e4-69af3a5313ab'
    ),
    (
        '7a46839f-e116-5e7e-9e50-3da64f0d9af7',
        '209769a1-f723-4f70-ae90-466a46338684',
        '20',
        'Blair',
        'Torres',
        'female',
        44,
        'Copper Harbor, MI',
        '5815c259-d464-556e-8633-c40a5ec1d890',
        'registered',
        'fe373fcc-be7a-50ad-b874-2b0c4184e4cd'
    ),
    (
        '0f96bf46-59bb-548c-a779-7c430de4dcb1',
        '209769a1-f723-4f70-ae90-466a46338684',
        '21',
        'Alex',
        'Rivera',
        'male',
        45,
        'Copper Harbor, MI',
        '7ecd8e23-ff8d-5c14-b01d-f6259454381f',
        'registered',
        'c671ab5b-b5b5-58c3-b836-115888c9d27c'
    ),
    (
        'c929ddf2-2c0a-5fea-bc7a-e9c6f5f13aed',
        '209769a1-f723-4f70-ae90-466a46338684',
        '22',
        'Jordan',
        'Patel',
        'female',
        46,
        'Copper Harbor, MI',
        'de3cb8dc-bd47-5693-9ede-f274ddb0cabf',
        'registered',
        '6221ba18-7fb8-50a2-8ed0-42d03cdecdc8'
    ),
    (
        'c6aa44b9-f649-57e4-b82a-0ae9f3d558eb',
        '209769a1-f723-4f70-ae90-466a46338684',
        '23',
        'Sam',
        'Sullivan',
        'male',
        47,
        'Copper Harbor, MI',
        '8d494da7-4651-52c4-a0f0-fb281303a185',
        'registered',
        '3f8a220c-928f-5e64-b6e4-69af3a5313ab'
    ),
    (
        '284f1a59-d921-5dd4-beb0-bee2195c7706',
        '209769a1-f723-4f70-ae90-466a46338684',
        '24',
        'Casey',
        'Berg',
        'female',
        48,
        'Copper Harbor, MI',
        'f73432c9-e8e1-5542-b26c-1b175b37e6ca',
        'registered',
        'fe373fcc-be7a-50ad-b874-2b0c4184e4cd'
    ),
    (
        'eafcb4eb-2fe2-5606-a849-ac15b31d6a8e',
        '209769a1-f723-4f70-ae90-466a46338684',
        '25',
        'Riley',
        'Ellis',
        'male',
        49,
        'Copper Harbor, MI',
        'e8d26b66-cc72-5170-9de1-41f38b074c6d',
        'registered',
        'c671ab5b-b5b5-58c3-b836-115888c9d27c'
    ),
    (
        '53539879-311a-5c10-8ecc-84fa4f793267',
        '209769a1-f723-4f70-ae90-466a46338684',
        '26',
        'Morgan',
        'Hahn',
        'female',
        50,
        'Copper Harbor, MI',
        '8f7bc706-ebe5-5399-8c41-d46242f3e8b0',
        'registered',
        '6221ba18-7fb8-50a2-8ed0-42d03cdecdc8'
    ),
    (
        'daac878f-701f-50c1-909d-901bf576653a',
        '209769a1-f723-4f70-ae90-466a46338684',
        '27',
        'Taylor',
        'Kim',
        'male',
        51,
        'Copper Harbor, MI',
        'bc3f86b1-f8a0-518e-8620-202bba097e21',
        'registered',
        '3f8a220c-928f-5e64-b6e4-69af3a5313ab'
    ),
    (
        '1bf028a5-e30e-54be-b867-4378c6b63675',
        '209769a1-f723-4f70-ae90-466a46338684',
        '28',
        'Quinn',
        'Nash',
        'female',
        52,
        'Copper Harbor, MI',
        '2106333e-3ef0-5e9c-8b45-4a4136c08149',
        'registered',
        'fe373fcc-be7a-50ad-b874-2b0c4184e4cd'
    ),
    (
        'ad2aeb03-fd77-5348-9f7e-a3388d7e8277',
        '209769a1-f723-4f70-ae90-466a46338684',
        '29',
        'Avery',
        'Quinn',
        'male',
        53,
        'Copper Harbor, MI',
        '870c1bed-fc25-52d0-9719-3a8c2a6b96ac',
        'registered',
        'c671ab5b-b5b5-58c3-b836-115888c9d27c'
    ),
    (
        'b640dd57-fa5b-5154-9d16-a6362a54d268',
        '209769a1-f723-4f70-ae90-466a46338684',
        '30',
        'Parker',
        'Torres',
        'female',
        54,
        'Copper Harbor, MI',
        '2edd4150-b5b4-59d9-8ba4-e422886644c1',
        'registered',
        '6221ba18-7fb8-50a2-8ed0-42d03cdecdc8'
    ),
    (
        '8acca88a-ec3a-5912-b8cb-3ade42b19137',
        '209769a1-f723-4f70-ae90-466a46338684',
        '31',
        'Reese',
        'Rivera',
        'male',
        25,
        'Copper Harbor, MI',
        'c283f5f4-4aba-5bad-a319-348ec608a716',
        'registered',
        '3f8a220c-928f-5e64-b6e4-69af3a5313ab'
    ),
    (
        'ba967050-23c5-5e2d-b935-4a85a9bdd786',
        '209769a1-f723-4f70-ae90-466a46338684',
        '32',
        'Skyler',
        'Patel',
        'female',
        26,
        'Copper Harbor, MI',
        'eacd6f7d-ed70-5132-949e-72c29d46f2a2',
        'registered',
        'fe373fcc-be7a-50ad-b874-2b0c4184e4cd'
    ),
    (
        '16723a77-52f3-5bbe-bebd-3257af7d5fbf',
        '209769a1-f723-4f70-ae90-466a46338684',
        '33',
        'Cameron',
        'Sullivan',
        'male',
        27,
        'Copper Harbor, MI',
        '81e0800e-884e-59ba-838d-1b3cb243fe15',
        'registered',
        'c671ab5b-b5b5-58c3-b836-115888c9d27c'
    ),
    (
        '7fa8485f-6a3c-5599-8765-c79e31d7b2e4',
        '209769a1-f723-4f70-ae90-466a46338684',
        '34',
        'Drew',
        'Berg',
        'female',
        28,
        'Copper Harbor, MI',
        '2aa2b666-355f-5fe5-8734-85d00a40a8d0',
        'registered',
        '6221ba18-7fb8-50a2-8ed0-42d03cdecdc8'
    ),
    (
        'e0082e1e-c04a-5fbc-b580-bb20b3159087',
        '209769a1-f723-4f70-ae90-466a46338684',
        '35',
        'Emerson',
        'Ellis',
        'male',
        29,
        'Copper Harbor, MI',
        '14266856-d80f-5c40-8ae9-c29b38534115',
        'registered',
        '3f8a220c-928f-5e64-b6e4-69af3a5313ab'
    ),
    (
        'c09f0334-6019-5b2f-8101-097ae9fcf66b',
        '209769a1-f723-4f70-ae90-466a46338684',
        '36',
        'Finley',
        'Hahn',
        'female',
        30,
        'Copper Harbor, MI',
        '96b393d6-5ba8-55b8-9b7a-8f48e8260746',
        'registered',
        'fe373fcc-be7a-50ad-b874-2b0c4184e4cd'
    ),
    (
        'f4d49eb8-a5fd-5768-b658-231be99df473',
        '209769a1-f723-4f70-ae90-466a46338684',
        '37',
        'Harper',
        'Kim',
        'male',
        31,
        'Copper Harbor, MI',
        'a8c140d2-bd6a-558c-a189-fd9d118f42d4',
        'registered',
        'c671ab5b-b5b5-58c3-b836-115888c9d27c'
    ),
    (
        'ad08fdbb-3e44-56d5-9ef4-b8d845298e2a',
        '209769a1-f723-4f70-ae90-466a46338684',
        '38',
        'Hayden',
        'Nash',
        'female',
        32,
        'Copper Harbor, MI',
        'e1aa4585-817c-55a4-89e4-f2318b95cbe0',
        'registered',
        '6221ba18-7fb8-50a2-8ed0-42d03cdecdc8'
    ),
    (
        '871e2fc0-dbf1-56f2-99ae-b50de72db288',
        '209769a1-f723-4f70-ae90-466a46338684',
        '39',
        'Jamie',
        'Quinn',
        'male',
        33,
        'Copper Harbor, MI',
        '070d31e1-0a75-529e-a7e1-ad9593dc7953',
        'registered',
        '3f8a220c-928f-5e64-b6e4-69af3a5313ab'
    ),
    (
        '7186a467-89d1-563c-a1d8-511abe08eac9',
        '209769a1-f723-4f70-ae90-466a46338684',
        '40',
        'Kai',
        'Torres',
        'female',
        34,
        'Copper Harbor, MI',
        'aa10abaa-679e-5468-a4ef-fc5a5e6bb73c',
        'registered',
        'fe373fcc-be7a-50ad-b874-2b0c4184e4cd'
    ),
    (
        '96a091d0-86cb-525e-b0c0-ae9494163d99',
        '0e45ee85-800c-4e1f-a95b-4b92462e790a',
        '1',
        'Logan',
        'Rivera',
        'male',
        10,
        'Copper Harbor, MI',
        '7dca226d-4eb6-500d-916e-c1044c107ffd',
        'registered',
        '10af9e2e-31e2-50d4-b12c-88e651c36175'
    ),
    (
        'a93b1825-2234-55d8-b2a8-9595d63ae216',
        '0e45ee85-800c-4e1f-a95b-4b92462e790a',
        '2',
        'Noah',
        'Patel',
        'female',
        11,
        'Copper Harbor, MI',
        'f643c9eb-03be-5b09-8a96-ade7ce86dd92',
        'registered',
        'd5b178c5-abb4-5cee-ad88-fd151ecb151e'
    ),
    (
        '4362e21b-1790-51b3-ae17-01c76b557fc6',
        '0e45ee85-800c-4e1f-a95b-4b92462e790a',
        '3',
        'Owen',
        'Sullivan',
        'male',
        12,
        'Copper Harbor, MI',
        'c76ca4f5-dc87-5b9c-9ea7-137cd74cccca',
        'registered',
        '10af9e2e-31e2-50d4-b12c-88e651c36175'
    ),
    (
        '52f89057-e6e7-5a41-aa84-466dd792750b',
        '0e45ee85-800c-4e1f-a95b-4b92462e790a',
        '4',
        'Peyton',
        'Berg',
        'female',
        13,
        'Copper Harbor, MI',
        '5e70c136-c768-5ee7-9baf-d3b33d7d65f9',
        'registered',
        'd5b178c5-abb4-5cee-ad88-fd151ecb151e'
    ),
    (
        'a8e4bc4d-4304-5167-967a-95f478ea0343',
        '0e45ee85-800c-4e1f-a95b-4b92462e790a',
        '5',
        'River',
        'Ellis',
        'male',
        14,
        'Copper Harbor, MI',
        '005f4a29-9014-52c5-a009-856339b4a538',
        'registered',
        '10af9e2e-31e2-50d4-b12c-88e651c36175'
    ),
    (
        '161e8b04-1143-5b50-bf85-2edc13983177',
        '0e45ee85-800c-4e1f-a95b-4b92462e790a',
        '6',
        'Sage',
        'Hahn',
        'female',
        15,
        'Copper Harbor, MI',
        '5dd7484a-7e1e-5bca-becf-6937edd61dba',
        'registered',
        'd5b178c5-abb4-5cee-ad88-fd151ecb151e'
    ),
    (
        '6736d461-d29d-5773-88bb-ae4bb70299e3',
        '0e45ee85-800c-4e1f-a95b-4b92462e790a',
        '7',
        'Shawn',
        'Kim',
        'male',
        16,
        'Copper Harbor, MI',
        '17cf56cd-98b8-55f7-9787-f2673d16dbaa',
        'registered',
        '10af9e2e-31e2-50d4-b12c-88e651c36175'
    ),
    (
        'e8fb8698-bff5-58ce-9fa6-02ab9d531e67',
        '0e45ee85-800c-4e1f-a95b-4b92462e790a',
        '8',
        'Sydney',
        'Nash',
        'female',
        17,
        'Copper Harbor, MI',
        '244c9768-5bd9-5ea6-b132-292022fc185f',
        'registered',
        'd5b178c5-abb4-5cee-ad88-fd151ecb151e'
    ),
    (
        '7073f414-4cf4-50a2-a49d-f9acf2464ad1',
        '0e45ee85-800c-4e1f-a95b-4b92462e790a',
        '9',
        'Terry',
        'Quinn',
        'male',
        10,
        'Copper Harbor, MI',
        '6ba69d4e-3bce-5e9a-b0fb-813447b84be6',
        'registered',
        '10af9e2e-31e2-50d4-b12c-88e651c36175'
    ),
    (
        'a8d1b477-c367-50ed-b98b-5e8b95f81316',
        '0e45ee85-800c-4e1f-a95b-4b92462e790a',
        '10',
        'Blair',
        'Torres',
        'female',
        11,
        'Copper Harbor, MI',
        '388467a6-4e3e-5b52-be58-9e7cdb2e710c',
        'registered',
        'd5b178c5-abb4-5cee-ad88-fd151ecb151e'
    ),
    (
        '275dc22d-0d69-5487-b299-94f6497bea51',
        '0e45ee85-800c-4e1f-a95b-4b92462e790a',
        '11',
        'Alex',
        'Rivera',
        'male',
        12,
        'Copper Harbor, MI',
        '931abbb7-c3a5-5071-b5fc-08834bfd50f6',
        'registered',
        '10af9e2e-31e2-50d4-b12c-88e651c36175'
    ),
    (
        'cfedd615-dd76-5d9d-8ca9-481ad3712ad2',
        '0e45ee85-800c-4e1f-a95b-4b92462e790a',
        '12',
        'Jordan',
        'Patel',
        'female',
        13,
        'Copper Harbor, MI',
        '58a3d201-62fc-5a2d-a7bd-52d189a761bc',
        'registered',
        'd5b178c5-abb4-5cee-ad88-fd151ecb151e'
    ),
    (
        'fe801d2c-8639-532e-be18-811be3add44b',
        '0e45ee85-800c-4e1f-a95b-4b92462e790a',
        '13',
        'Sam',
        'Sullivan',
        'male',
        14,
        'Copper Harbor, MI',
        '29573bc5-9796-557f-80be-705e2132a888',
        'registered',
        '10af9e2e-31e2-50d4-b12c-88e651c36175'
    ),
    (
        '69283a11-6ba4-5cee-9a97-c13eb30ca09c',
        '0e45ee85-800c-4e1f-a95b-4b92462e790a',
        '14',
        'Casey',
        'Berg',
        'female',
        15,
        'Copper Harbor, MI',
        'c5ce669d-92d8-5fb7-83c6-2b9025f546dd',
        'registered',
        'd5b178c5-abb4-5cee-ad88-fd151ecb151e'
    ),
    (
        '7110bbaa-c232-54b9-b57b-ecac0e1e479f',
        '0e45ee85-800c-4e1f-a95b-4b92462e790a',
        '15',
        'Riley',
        'Ellis',
        'male',
        16,
        'Copper Harbor, MI',
        '92b40033-bcb0-5699-b910-d54c20713b2c',
        'registered',
        '10af9e2e-31e2-50d4-b12c-88e651c36175'
    ),
    (
        '8eebecbd-50d8-5ed8-aa88-3af1b1cdbb5f',
        '0e45ee85-800c-4e1f-a95b-4b92462e790a',
        '16',
        'Morgan',
        'Hahn',
        'female',
        17,
        'Copper Harbor, MI',
        '1d333f85-a617-53c8-842b-45dcb8759050',
        'registered',
        'd5b178c5-abb4-5cee-ad88-fd151ecb151e'
    ),
    (
        '905aeb5f-49a9-5775-b3c6-bbdc45002cbf',
        '0e45ee85-800c-4e1f-a95b-4b92462e790a',
        '17',
        'Taylor',
        'Kim',
        'male',
        10,
        'Copper Harbor, MI',
        '734a882e-0dd5-508c-9bd4-620f82421e13',
        'registered',
        '10af9e2e-31e2-50d4-b12c-88e651c36175'
    ),
    (
        '05bd29fd-9144-536c-b469-aa473abf48fb',
        '0e45ee85-800c-4e1f-a95b-4b92462e790a',
        '18',
        'Quinn',
        'Nash',
        'female',
        11,
        'Copper Harbor, MI',
        '5a1048a2-f23c-5379-ab50-b3f2fef96dbb',
        'registered',
        'd5b178c5-abb4-5cee-ad88-fd151ecb151e'
    ),
    (
        '0314966e-e776-5310-8465-e4d565ffbe4d',
        '0e45ee85-800c-4e1f-a95b-4b92462e790a',
        '19',
        'Avery',
        'Quinn',
        'male',
        12,
        'Copper Harbor, MI',
        '6d71e44a-a174-5b88-8a89-51c0a568184a',
        'registered',
        '10af9e2e-31e2-50d4-b12c-88e651c36175'
    ),
    (
        'fd6d5dae-5fcd-5ad1-a9bd-3428f535ef4b',
        '0e45ee85-800c-4e1f-a95b-4b92462e790a',
        '20',
        'Parker',
        'Torres',
        'female',
        13,
        'Copper Harbor, MI',
        '9ea3b255-ac48-55a4-ae4a-6ed0007035f1',
        'registered',
        'd5b178c5-abb4-5cee-ad88-fd151ecb151e'
    );

INSERT INTO rfid_tag_associations (id, participant_id, tag_uid, active)
VALUES
    ('80e78a81-9774-59fa-86f2-672a0e7945d9', '9fe78eeb-a21c-594a-acc2-7e1efe378201', '23657b2d-aa08-5fe8-8553-e9e3affb4678', true),
    ('9af3f955-96fb-5e9b-ae95-119150bf7147', '43773bcb-164a-5458-b5f9-0c6598602c11', 'bdfd9257-7f51-5012-a9b1-a36617846ce5', true),
    ('0991795d-716b-5273-9547-de02d8e3b0e5', '02d91423-c3a7-55fd-bb00-b20952dacfc3', 'cb60c4cd-8c3e-5bbb-be05-e3f6f34c6313', true),
    ('881edd53-c348-5da1-a333-0b95efa8f729', 'eb512d28-e477-535d-8ab2-f8ebd3bcde7b', '5f5ce6ea-49fe-50f3-a456-292a9b7a7739', true),
    ('d713eb40-c631-50cb-9cb0-87f1b1dfc604', 'afb221c6-109d-5463-9256-2214c5a23e44', 'f453bea8-b5f7-5e10-8a5e-02df72ffb3d3', true),
    ('24dfcfaa-0417-5bf0-910b-26c0d0ce7f09', 'd3565568-c5f5-5e80-953c-3d2964b490c3', 'df188aaa-0613-5a1a-8e13-afc970517b17', true),
    ('275b9fc0-dec7-5c81-81b1-75b42fcb5b7c', '1ff6258b-69e7-5975-abc5-7efd377f76eb', '5a588d9b-ce9e-565e-b463-4eaeeb594733', true),
    ('ffe0876a-1769-5e70-a517-dfdb1e5a7c8c', '873098a5-49c8-57e4-80c8-3e358db6d844', 'ec5b4e7a-477c-5efc-accf-92db43b16e44', true),
    ('8f161a92-1468-545e-b2ef-200dd51dcea0', 'a701fee9-7b09-5bf2-93d3-c29af24fc7ff', '1a235e31-47c0-5450-bdf1-2992c5f051e5', true),
    ('ccb1622b-079a-598a-8de7-4a1eebb2ffa4', 'bf1ccd1d-c4a0-5e9e-937d-4a85e5dffb71', 'b3be2ee7-fb23-5167-a59e-3b28006256af', true),
    ('e78632d8-4842-5795-ba1c-21fe6effbbc5', 'a9554d22-1aa1-5027-b15e-c1b3f4b5e162', 'b8bddad2-debb-57d5-9680-0c340a632127', true),
    ('4d55662c-2a6b-54f7-8c20-312956354581', 'da62e16f-60e9-5469-a3ff-70f0921361cf', 'cbf6cc27-d767-5d28-a621-a6e6597b2986', true),
    ('ca7b2bda-080c-5119-a2ff-524267acb53c', '0ecc7650-6654-587c-b9e3-13bcd85ee73c', '794f6cde-1a23-573a-b637-17dcfd54f368', true),
    ('c23cc4c5-a58c-512b-bebf-daffd773e6b1', 'e5d10406-a0b6-5f06-aa6a-8783ba7579ab', 'ced484ce-118f-5097-83ee-33ceeb64a30a', true),
    ('4e97cd47-0aa9-5cdc-b3df-9ac486cbc2bc', '67b4c696-9c8d-5d20-ae8c-2c65e5e27492', '4a2f5aa2-f629-5a2f-8757-12272a388b8b', true),
    ('d7f4d3d6-d62e-56a6-9bc9-6f7357f702d5', '5f5122fb-c602-5600-b394-109d16f8f249', '420d3a34-b045-57e2-8694-e760f53002a5', true),
    ('9e6b7753-3040-513a-a8c9-048d9be71645', 'ce6bdd58-e3cc-5fdf-a014-5fe02cf77ccb', 'd04d0a60-3467-5896-8d27-7025338e199c', true),
    ('d8212045-3b03-59c4-8b19-4340f8cd2685', 'a35fdeb3-0287-51bd-9489-44014a5c137a', '63d20a18-79ed-584d-bd69-2a324a7e084b', true),
    ('fe3b4a6d-e46b-5e63-a6ca-0058a3166536', '8f49da73-e71b-5fb3-a548-8337de791301', '2b7c8daf-abff-5d9d-b7ae-c4545b90e536', true),
    ('30475b52-ecc2-513f-aded-3d5357b903c4', '7662d05f-a4da-5f36-acef-2195dfb8f9d2', '6f4400de-f2a5-5497-8fd5-4e01cf8c2bb4', true),
    ('5228b92f-e918-5184-ae5f-909b179bc51f', 'e223c88d-1f06-56cd-86aa-ad05a8192756', '0a2d1817-304b-5104-9a74-a935409b170e', true),
    ('2f24da37-8623-5d37-ad3e-0370a3f6887c', 'e3a6eb05-2005-5635-8d0a-34eeb72f786b', '30e626be-8e28-5580-8fb8-91cbd0516134', true),
    ('9eda1168-23da-5d3b-bb7a-29643b99d88c', '53802fb6-9328-5893-83e2-bb81ac1b543d', 'fcafa7d0-5957-5d3c-bba5-72a53917a16c', true),
    ('da3c3428-023b-5171-b514-fe262f3528fe', '7efa7177-ab74-55a9-8ccd-5de2b5ef3af0', 'dbd73741-f43e-53b3-8409-36910c2d3c4a', true),
    ('200d7ad9-e2a4-5845-a0c8-8905ab01f10b', '109828fe-49b3-51cb-8cd7-4a91dd14dda9', 'edcce386-433d-5f6d-ba6e-37b4cb2b2425', true),
    ('10594622-c0b8-5db0-971d-3dcf90ad5133', 'f186cef7-b49f-5893-a434-de7e56f541e5', '1f39b4e5-2fa6-51e4-85c9-3b65a4d429a7', true),
    ('4d6c3f13-6c36-5b50-a98c-896a756853f0', '5289cff2-fa97-5b67-bad3-398244256aad', 'e910ce5c-4488-5d34-b0d7-54e92ccfa851', true),
    ('9a25771d-893b-5d3b-80c7-6f1a84378a02', '478d65c5-9dc7-52af-8773-c90f8e894311', '4d40ef7a-585e-5090-8280-55be5e510bc9', true),
    ('7d309117-a935-592d-bec0-6022e8e3caa3', '7c59d8b1-8e35-5710-a731-f47144cc5869', 'd5128fc7-78d4-5843-a808-dca27d1e21c4', true),
    ('46c7d042-d0de-55b4-94d1-32be720e4550', 'a3bfca67-50cc-5d74-a203-8caf2b75b584', 'c5c9c23d-2b39-53eb-a469-4befc048ab6a', true),
    ('04e045d5-f89c-5adc-89ae-cf4077e69580', '8d3643a1-329b-5aa5-b403-7822b6c82809', '4639c5f6-b420-5131-b4e4-e9529d1827ed', true),
    ('9f7a3f28-6a99-5947-b77a-b06c00d59d0a', '2c606011-bab1-5200-b000-5ec1708ec57d', 'ab86f7cb-c39d-5ff3-8419-6f82ec458cb3', true),
    ('db441b96-2331-5b2c-9364-5e7efb56806d', '299ec1bd-5a56-5d78-b726-954be0c6ba04', '816e8636-4a0a-5cb6-a216-ff4cabc9d218', true),
    ('b4e20c8d-ac21-5378-8fa8-c70661af4873', '2a4ba48e-5404-5bb8-996f-c25b1d78051f', 'bc335cf7-e3a9-5d01-b9f9-98307ae5360f', true),
    ('83e32b61-91c1-57b2-b014-8b8546c6ea86', '9130c4e9-0a1f-53c5-9976-3ecf2d37db39', '57e1a0a8-147c-5d86-8db2-268d6ce1ae65', true),
    ('06dbade1-0565-52dc-ae0e-91aaae728e2a', '726b6114-8b20-599c-822b-34bb1adca5eb', '0e9afa61-b87e-5c82-96fd-76d5560ea4d8', true),
    ('1dbaa6e2-f730-5818-8a64-f29d2ba04879', '89b67273-e9d2-5b31-ac37-00d0e41e7016', '18569fa9-67d2-5028-ae4e-ae86083b00bb', true),
    ('9e91c77b-b8a7-53f6-9f2c-a7ac625a5977', '1a94a624-a626-5209-b5e3-c9db16d6bb2a', '03b34ec4-7dc9-5b5a-8303-7d89583df10a', true),
    ('a6104ed7-a1eb-5904-9d71-724210d4cd50', 'b7caea29-d1f8-5ccc-bd5c-bc44790ed483', 'f95f0104-f460-5689-930a-33ad6205c556', true),
    ('c564134f-9c3d-5280-8639-2e7feb20a299', 'fb3460b6-9be9-573b-9b42-7223d791b34f', '8e8e9cea-6994-52c2-a0e5-4d30e35bcb7c', true),
    ('a8050c0e-1ae1-5fd9-aa61-3072ec284d35', '20131e69-ae96-53a7-893b-eb9ef607a13e', '2fe0e039-60a4-50a8-90af-e14ff61371fc', true),
    ('b6e3a260-98f1-529a-99bf-9c91a8323a1f', 'd6175ced-34b0-5e69-9465-92fd28dfc2d6', '439a0299-19f1-5900-ba39-a72dd0a5ca6f', true),
    ('de1f88f2-b9a3-5e7a-ad11-6d9c610b4831', 'c0c1e335-0d3c-59c5-89e0-5f8246f30a7a', 'a7cabc60-6dfd-5639-9c01-ce9d19dabe53', true),
    ('61d29596-5e79-50b9-9e3f-53dedd98440b', '0c21ee43-9595-5929-a40e-0dcae0cc1966', '1bb23b31-2f76-5444-99b4-9fd66d157d4d', true),
    ('1b24bb24-af09-57f7-86a0-1fe081e99a61', '86f515e4-775c-54a6-82e8-0c002a30e518', '6cf5877a-7865-56ce-9bcb-a16bd1ae2949', true),
    ('2e23f5d5-7b06-588a-b363-2efa9c2867a7', '70a8c4cf-a82b-5adf-aae1-8762cc8c4a19', '6b935e8a-8d02-59fb-abb6-3500ba034be7', true),
    ('4b378570-f4b1-5c95-b2fa-800fded7dd84', 'bfd63b61-41ef-5433-8933-89c013a38d52', '64018171-b4b9-51c6-9001-e006adbda626', true),
    ('cbdb4771-0f14-5b12-8ff0-f964efc07450', '64c608b8-9a6c-5436-8eac-6b460ec775f4', '129fdbd5-e842-5ed9-a2b9-8e2caef3c1b0', true),
    ('2eebfe91-3eae-5749-bf40-933461e010fe', 'af492e8a-d8e0-58bd-90d7-fd88655b3bee', 'bec79fcd-7625-5812-9f5e-2da534d9abc7', true),
    ('831aaed1-04a0-5b41-bc74-f34b33ada702', '15065725-b16c-5b5f-af50-df526c98d168', '2e24b149-0a3f-54f7-a6b5-94d0dba88f16', true),
    ('036e6767-d4a5-5759-b5d0-f14ea6b0c5e3', '02f14295-0533-5b7a-95d8-156bb658a4d4', '2c1700f9-cb3d-586b-b811-cdc0b5db1069', true),
    ('ce581781-7f6b-51a2-a5c9-26b66b6550fc', '64de1b66-abfa-50e6-b476-1d884275efcd', '309f684f-7c61-562e-aa9a-c608153c7b58', true),
    ('731b9178-dcaf-52d5-98e5-11bf1e037e73', 'a6fdea4f-028e-530c-ade2-a98f6bad24de', '0582d989-ac53-5303-ae80-c83d3156720e', true),
    ('d53f1988-f814-57c7-a33c-f43d585319ef', '3bd003fd-c431-51b6-90be-c44420ec1d26', 'd9b628af-a0ef-57f0-8fab-50a32f02514b', true),
    ('eb4ed0f0-93ec-597f-8d13-0bc6fd16a32f', '135c0308-0f8e-57d6-96fc-3fdf7a790bca', '7cfc6e56-9e16-54c5-8655-1b9397e54bb3', true),
    ('9f80b66c-4698-5d0e-bd68-893473e25e9c', 'ca82f774-f39c-531f-8e4a-af3c41cd4df1', '55e47778-2454-5d9b-beeb-248053efa8e5', true),
    ('d7eaf65c-9eb7-580f-a588-952cbdbd6baa', '225e8e51-c4b0-5350-8f5b-a28591c5f226', 'b8a3eacc-835f-5f95-b093-d145a5e8d34b', true),
    ('b76c662c-17cd-56ed-a281-4218b6d55433', '3413cc39-78aa-57b0-8b14-0d9c9a46295a', 'e52f0a1f-f949-5cf9-a440-b36004a75baf', true),
    ('52ead604-257e-53a4-b490-53071229acde', 'a3126ad3-bdce-56c0-8b29-1a35ddaee1ad', 'f05ded88-ae84-5252-97a4-30ff1c2d77e4', true),
    ('0d0b1115-9cb6-5767-b4f0-6a59d2ce4dad', '7a46839f-e116-5e7e-9e50-3da64f0d9af7', '5815c259-d464-556e-8633-c40a5ec1d890', true),
    ('7187bb7d-f403-537d-997b-5c7a347da153', '0f96bf46-59bb-548c-a779-7c430de4dcb1', '7ecd8e23-ff8d-5c14-b01d-f6259454381f', true),
    ('1bef25ec-c658-5541-82e6-395d142aa30e', 'c929ddf2-2c0a-5fea-bc7a-e9c6f5f13aed', 'de3cb8dc-bd47-5693-9ede-f274ddb0cabf', true),
    ('1b232597-c68d-5bd0-84d5-d2bb8cf33d18', 'c6aa44b9-f649-57e4-b82a-0ae9f3d558eb', '8d494da7-4651-52c4-a0f0-fb281303a185', true),
    ('18bb25e9-69b5-5a48-8c72-df2d4396a734', '284f1a59-d921-5dd4-beb0-bee2195c7706', 'f73432c9-e8e1-5542-b26c-1b175b37e6ca', true),
    ('604e218a-7eeb-583a-87cf-26d7370dbf7f', 'eafcb4eb-2fe2-5606-a849-ac15b31d6a8e', 'e8d26b66-cc72-5170-9de1-41f38b074c6d', true),
    ('912b7b72-e6af-5998-b036-7e72c3aa4d93', '53539879-311a-5c10-8ecc-84fa4f793267', '8f7bc706-ebe5-5399-8c41-d46242f3e8b0', true),
    ('9726eb2f-11a3-58be-bc39-c056df794dd5', 'daac878f-701f-50c1-909d-901bf576653a', 'bc3f86b1-f8a0-518e-8620-202bba097e21', true),
    ('26e7c70c-d4ff-5c96-a0c8-3bec66bbf1f9', '1bf028a5-e30e-54be-b867-4378c6b63675', '2106333e-3ef0-5e9c-8b45-4a4136c08149', true),
    ('825b8a46-5cfa-56fa-8597-c6d3d09e618a', 'ad2aeb03-fd77-5348-9f7e-a3388d7e8277', '870c1bed-fc25-52d0-9719-3a8c2a6b96ac', true),
    ('cfd3d771-f20c-5208-9f5f-7e5f9f981af3', 'b640dd57-fa5b-5154-9d16-a6362a54d268', '2edd4150-b5b4-59d9-8ba4-e422886644c1', true),
    ('6dc467c5-59a2-5e89-9177-5728e8dd4b96', '8acca88a-ec3a-5912-b8cb-3ade42b19137', 'c283f5f4-4aba-5bad-a319-348ec608a716', true),
    ('04776d17-76a3-5ae9-9cfd-527ad855be95', 'ba967050-23c5-5e2d-b935-4a85a9bdd786', 'eacd6f7d-ed70-5132-949e-72c29d46f2a2', true),
    ('5d99e192-fbec-53a1-b480-640ebf14f9e2', '16723a77-52f3-5bbe-bebd-3257af7d5fbf', '81e0800e-884e-59ba-838d-1b3cb243fe15', true),
    ('e9476a4e-1e6c-542c-845c-ff2225ca7c27', '7fa8485f-6a3c-5599-8765-c79e31d7b2e4', '2aa2b666-355f-5fe5-8734-85d00a40a8d0', true),
    ('5215713a-fc33-5bf7-a812-fb6db38f0470', 'e0082e1e-c04a-5fbc-b580-bb20b3159087', '14266856-d80f-5c40-8ae9-c29b38534115', true),
    ('167a16fe-5291-5910-8962-f2f5f081fcc1', 'c09f0334-6019-5b2f-8101-097ae9fcf66b', '96b393d6-5ba8-55b8-9b7a-8f48e8260746', true),
    ('d92e41b2-7821-5a94-848b-0401793e7b95', 'f4d49eb8-a5fd-5768-b658-231be99df473', 'a8c140d2-bd6a-558c-a189-fd9d118f42d4', true),
    ('39f01ae6-ea2b-59b9-b2d4-1e7d90ab4138', 'ad08fdbb-3e44-56d5-9ef4-b8d845298e2a', 'e1aa4585-817c-55a4-89e4-f2318b95cbe0', true),
    ('c129dca8-e9e1-5e78-a2d9-a9f1572c6d67', '871e2fc0-dbf1-56f2-99ae-b50de72db288', '070d31e1-0a75-529e-a7e1-ad9593dc7953', true),
    ('3670d566-c86b-51f5-bb0e-a65667a9dae2', '7186a467-89d1-563c-a1d8-511abe08eac9', 'aa10abaa-679e-5468-a4ef-fc5a5e6bb73c', true),
    ('0271970d-aa6e-5c58-b87c-54df72b5e3da', '96a091d0-86cb-525e-b0c0-ae9494163d99', '7dca226d-4eb6-500d-916e-c1044c107ffd', true),
    ('b7448340-43a4-53ed-9d84-be5530c9e74d', 'a93b1825-2234-55d8-b2a8-9595d63ae216', 'f643c9eb-03be-5b09-8a96-ade7ce86dd92', true),
    ('82b40179-a3a6-540c-a402-f8739fbcc005', '4362e21b-1790-51b3-ae17-01c76b557fc6', 'c76ca4f5-dc87-5b9c-9ea7-137cd74cccca', true),
    ('f9472edc-11d3-56d0-9e16-5a421e681438', '52f89057-e6e7-5a41-aa84-466dd792750b', '5e70c136-c768-5ee7-9baf-d3b33d7d65f9', true),
    ('f69ea43e-8cd8-596f-a81f-f672ba2115c8', 'a8e4bc4d-4304-5167-967a-95f478ea0343', '005f4a29-9014-52c5-a009-856339b4a538', true),
    ('a77a7d78-333e-51ee-bbaa-90dedb820aa7', '161e8b04-1143-5b50-bf85-2edc13983177', '5dd7484a-7e1e-5bca-becf-6937edd61dba', true),
    ('225f59de-704e-5d9b-a6ef-54f3be2b78fa', '6736d461-d29d-5773-88bb-ae4bb70299e3', '17cf56cd-98b8-55f7-9787-f2673d16dbaa', true),
    ('4f56cff8-e195-5d94-bf23-b48714536ed8', 'e8fb8698-bff5-58ce-9fa6-02ab9d531e67', '244c9768-5bd9-5ea6-b132-292022fc185f', true),
    ('fa86a83b-226a-5f33-9925-90c875a8e472', '7073f414-4cf4-50a2-a49d-f9acf2464ad1', '6ba69d4e-3bce-5e9a-b0fb-813447b84be6', true),
    ('708cce9e-56b0-5d61-881a-652361c9b9b6', 'a8d1b477-c367-50ed-b98b-5e8b95f81316', '388467a6-4e3e-5b52-be58-9e7cdb2e710c', true),
    ('622d33e4-91e3-5b75-8dc5-f7b5636e2bac', '275dc22d-0d69-5487-b299-94f6497bea51', '931abbb7-c3a5-5071-b5fc-08834bfd50f6', true),
    ('a1b045a9-7bed-5ea1-92c0-617df1c1e385', 'cfedd615-dd76-5d9d-8ca9-481ad3712ad2', '58a3d201-62fc-5a2d-a7bd-52d189a761bc', true),
    ('37d914f6-6bc7-50f0-b408-42a7d2feeca9', 'fe801d2c-8639-532e-be18-811be3add44b', '29573bc5-9796-557f-80be-705e2132a888', true),
    ('a9d21b96-00d6-5497-97a3-878e8df2e93b', '69283a11-6ba4-5cee-9a97-c13eb30ca09c', 'c5ce669d-92d8-5fb7-83c6-2b9025f546dd', true),
    ('15935e0c-6529-5427-9a9a-d9107100aa22', '7110bbaa-c232-54b9-b57b-ecac0e1e479f', '92b40033-bcb0-5699-b910-d54c20713b2c', true),
    ('64aa6121-30e2-5947-8b93-4826b309a431', '8eebecbd-50d8-5ed8-aa88-3af1b1cdbb5f', '1d333f85-a617-53c8-842b-45dcb8759050', true),
    ('1fd50de0-75dc-5cde-97ef-fc8035fb2591', '905aeb5f-49a9-5775-b3c6-bbdc45002cbf', '734a882e-0dd5-508c-9bd4-620f82421e13', true),
    ('840ecd25-7aa2-58fc-aa84-0158be0da055', '05bd29fd-9144-536c-b469-aa473abf48fb', '5a1048a2-f23c-5379-ab50-b3f2fef96dbb', true),
    ('8cd4b6d8-f048-5d32-8932-1e3e991c697e', '0314966e-e776-5310-8465-e4d565ffbe4d', '6d71e44a-a174-5b88-8a89-51c0a568184a', true),
    ('b38fe44d-66b2-5aa7-b9db-05764081a7fd', 'fd6d5dae-5fcd-5ad1-a9bd-3428f535ef4b', '9ea3b255-ac48-55a4-ae4a-6ed0007035f1', true);

COMMIT;
